Date,nom_ar,nom_fr,unite,valeur
2025-12-19 07:00:02,Vitesse du vent,Vitesse du vent,m/s,4.72
2025-12-19 07:00:02,Évapotranspiration Horaire,Évapotranspiration Horaire,mm/h,0.0
2025-12-19 07:00:02,Évapotranspiration journalière,Évapotranspiration journalière,mm/j,0.0
2025-12-19 07:00:02,Pression atmosphérique,Pression atmosphérique,mm/j,1018.6
2025-12-19 07:00:02,Rayonnement solaire,Rayonnement solaire,W/m²,0.0
2025-12-19 07:00:02,Point de Rosée,Point de Rosée,°C,15.7
2025-12-19 07:00:02,Humidité relative,Humidité relative,%,100.0
2025-12-19 07:00:02,Température,Température,°C,15.7
2025-12-19 07:00:02,Direction du vent,Direction du vent,Deg,135.1
2025-12-19 05:00:02,Rayonnement solaire,Rayonnement solaire,W/m²,0.0
2025-12-19 05:00:02,Évapotranspiration journalière,Évapotranspiration journalière,mm/j,0.0
2025-12-19 05:00:02,Évapotranspiration Horaire,Évapotranspiration Horaire,mm/h,0.0
2025-12-19 05:00:02,Pression atmosphérique,Pression atmosphérique,mm/j,1018.7
2025-12-19 05:00:02,Point de Rosée,Point de Rosée,°C,15.3
2025-12-19 05:00:02,Humidité relative,Humidité relative,%,100.0
2025-12-19 05:00:02,Température,Température,°C,15.3
2025-12-19 05:00:02,Direction du vent,Direction du vent,Deg,329.5
2025-12-19 05:00:02,Vitesse du vent,Vitesse du vent,m/s,1.09
2025-12-19 03:00:02,Direction du vent,Direction du vent,Deg,98.7
2025-12-19 03:00:02,Évapotranspiration journalière,Évapotranspiration journalière,mm/j,0.0
2025-12-19 03:00:02,Évapotranspiration Horaire,Évapotranspiration Horaire,mm/h,0.0
2025-12-19 03:00:02,Pression atmosphérique,Pression atmosphérique,mm/j,1019.6
2025-12-19 03:00:02,Vitesse du vent,Vitesse du vent,m/s,0.77
2025-12-19 03:00:02,Rayonnement solaire,Rayonnement solaire,W/m²,0.0
2025-12-19 03:00:02,Point de Rosée,Point de Rosée,°C,15.3
2025-12-19 03:00:02,Humidité relative,Humidité relative,%,100.0
2025-12-19 03:00:02,Température,Température,°C,15.3
2025-12-18 23:00:02,Rayonnement solaire,Rayonnement solaire,W/m²,0.0
2025-12-18 23:00:02,Direction du vent,Direction du vent,Deg,45.9
2025-12-18 23:00:02,Température,Température,°C,16.3
2025-12-18 23:00:02,Humidité relative,Humidité relative,%,93.8
2025-12-18 23:00:02,Point de Rosée,Point de Rosée,°C,15.3
2025-12-18 23:00:02,Vitesse du vent,Vitesse du vent,m/s,0.21
2025-12-18 23:00:02,Pression atmosphérique,Pression atmosphérique,mm/j,1020.1
2025-12-18 23:00:02,Évapotranspiration Horaire,Évapotranspiration Horaire,mm/h,0.0
2025-12-18 23:00:02,Évapotranspiration journalière,Évapotranspiration journalière,mm/j,0.0
2025-12-18 21:00:02,Évapotranspiration journalière,Évapotranspiration journalière,mm/j,0.0
2025-12-18 21:00:02,Évapotranspiration Horaire,Évapotranspiration Horaire,mm/h,0.0
2025-12-18 21:00:02,Pression atmosphérique,Pression atmosphérique,mm/j,1019.7
2025-12-18 21:00:02,Rayonnement solaire,Rayonnement solaire,W/m²,0.0
2025-12-18 21:00:02,Point de Rosée,Point de Rosée,°C,15.4
2025-12-18 21:00:02,Humidité relative,Humidité relative,%,88.2
2025-12-18 21:00:02,Température,Température,°C,17.4
2025-12-18 21:00:02,Direction du vent,Direction du vent,Deg,74.4
2025-12-18 21:00:02,Vitesse du vent,Vitesse du vent,m/s,0.8
2025-12-18 19:00:02,Rayonnement solaire,Rayonnement solaire,W/m²,0.0
2025-12-18 19:00:02,Vitesse du vent,Vitesse du vent,m/s,0.66
2025-12-18 19:00:02,Direction du vent,Direction du vent,Deg,9.3
2025-12-18 19:00:02,Température,Température,°C,17.1
2025-12-18 19:00:02,Humidité relative,Humidité relative,%,92.8
2025-12-18 19:00:02,Point de Rosée,Point de Rosée,°C,15.9
2025-12-18 19:00:02,Pression atmosphérique,Pression atmosphérique,mm/j,1019.5
2025-12-18 19:00:02,Évapotranspiration Horaire,Évapotranspiration Horaire,mm/h,0.0
2025-12-18 19:00:02,Évapotranspiration journalière,Évapotranspiration journalière,mm/j,0.0
2025-12-18 17:00:02,Vitesse du vent,Vitesse du vent,m/s,0.26
2025-12-18 17:00:02,Direction du vent,Direction du vent,Deg,20.6
2025-12-18 17:00:02,Température,Température,°C,18.4
2025-12-18 17:00:02,Humidité relative,Humidité relative,%,87.8
2025-12-18 17:00:02,Point de Rosée,Point de Rosée,°C,16.3
2025-12-18 17:00:02,Rayonnement solaire,Rayonnement solaire,W/m²,0.0
2025-12-18 17:00:02,Pression atmosphérique,Pression atmosphérique,mm/j,1019.1
2025-12-18 17:00:02,Évapotranspiration Horaire,Évapotranspiration Horaire,mm/h,0.0
2025-12-18 17:00:02,Évapotranspiration journalière,Évapotranspiration journalière,mm/j,0.0
2025-12-18 15:00:02,Vitesse du vent,Vitesse du vent,m/s,2.98
2025-12-18 15:00:02,Direction du vent,Direction du vent,Deg,111.8
2025-12-18 15:00:02,Température,Température,°C,20.0
2025-12-18 15:00:02,Humidité relative,Humidité relative,%,76.8
2025-12-18 15:00:02,Point de Rosée,Point de Rosée,°C,15.8
2025-12-18 15:00:02,Rayonnement solaire,Rayonnement solaire,W/m²,62.0
2025-12-18 15:00:02,Pression atmosphérique,Pression atmosphérique,mm/j,1018.8
2025-12-18 15:00:02,Évapotranspiration Horaire,Évapotranspiration Horaire,mm/h,0.0
2025-12-18 15:00:02,Évapotranspiration journalière,Évapotranspiration journalière,mm/j,0.0
2025-12-18 13:00:02,Rayonnement solaire,Rayonnement solaire,W/m²,233.0
2025-12-18 13:00:02,Direction du vent,Direction du vent,Deg,260.7
2025-12-18 13:00:02,Température,Température,°C,18.1
2025-12-18 13:00:02,Humidité relative,Humidité relative,%,100.0
2025-12-18 13:00:02,Point de Rosée,Point de Rosée,°C,18.1
2025-12-18 13:00:02,Vitesse du vent,Vitesse du vent,m/s,0.52
2025-12-18 13:00:02,Pression atmosphérique,Pression atmosphérique,mm/j,1019.1
2025-12-18 13:00:02,Évapotranspiration Horaire,Évapotranspiration Horaire,mm/h,0.0
2025-12-18 13:00:02,Évapotranspiration journalière,Évapotranspiration journalière,mm/j,0.0
2025-12-18 11:00:02,Vitesse du vent,Vitesse du vent,m/s,1.48
2025-12-18 11:00:02,Direction du vent,Direction du vent,Deg,185.2
2025-12-18 11:00:02,Température,Température,°C,16.4
2025-12-18 11:00:02,Humidité relative,Humidité relative,%,100.0
2025-12-18 11:00:02,Point de Rosée,Point de Rosée,°C,16.4
2025-12-18 11:00:02,Rayonnement solaire,Rayonnement solaire,W/m²,131.0
2025-12-18 11:00:02,Pression atmosphérique,Pression atmosphérique,mm/j,1020.2
2025-12-18 11:00:02,Évapotranspiration Horaire,Évapotranspiration Horaire,mm/h,0.0
2025-12-18 11:00:02,Évapotranspiration journalière,Évapotranspiration journalière,mm/j,0.0
2025-12-18 09:00:02,Évapotranspiration journalière,Évapotranspiration journalière,mm/j,0.0
2025-12-18 09:00:02,Pression atmosphérique,Pression atmosphérique,mm/j,1019.7
2025-12-18 09:00:02,Rayonnement solaire,Rayonnement solaire,W/m²,97.0
2025-12-18 09:00:02,Point de Rosée,Point de Rosée,°C,15.1
2025-12-18 09:00:02,Humidité relative,Humidité relative,%,100.0
2025-12-18 09:00:02,Température,Température,°C,15.1
2025-12-18 09:00:02,Direction du vent,Direction du vent,Deg,222.5
2025-12-18 09:00:02,Vitesse du vent,Vitesse du vent,m/s,0.83
2025-12-18 09:00:02,Évapotranspiration Horaire,Évapotranspiration Horaire,mm/h,0.0
2025-12-18 07:00:02,Température,Température,°C,14.2
2025-12-18 07:00:02,Vitesse du vent,Vitesse du vent,m/s,0.78
2025-12-18 07:00:02,Direction du vent,Direction du vent,Deg,313.1
2025-12-18 07:00:02,Humidité relative,Humidité relative,%,100.0
2025-12-18 07:00:02,Point de Rosée,Point de Rosée,°C,14.2
2025-12-18 07:00:02,Rayonnement solaire,Rayonnement solaire,W/m²,0.0
2025-12-18 07:00:02,Pression atmosphérique,Pression atmosphérique,mm/j,1019.3
2025-12-18 07:00:02,Évapotranspiration Horaire,Évapotranspiration Horaire,mm/h,0.0
2025-12-18 07:00:02,Évapotranspiration journalière,Évapotranspiration journalière,mm/j,0.0
2025-12-18 05:00:02,Vitesse du vent,Vitesse du vent,m/s,1.61
2025-12-18 05:00:02,Évapotranspiration Horaire,Évapotranspiration Horaire,mm/h,0.0
2025-12-18 05:00:02,Pression atmosphérique,Pression atmosphérique,mm/j,1018.3
2025-12-18 05:00:02,Rayonnement solaire,Rayonnement solaire,W/m²,0.0
2025-12-18 05:00:02,Évapotranspiration journalière,Évapotranspiration journalière,mm/j,0.0
2025-12-18 05:00:02,Point de Rosée,Point de Rosée,°C,15.1
2025-12-18 05:00:02,Humidité relative,Humidité relative,%,100.0
2025-12-18 05:00:02,Température,Température,°C,15.1
2025-12-18 05:00:02,Direction du vent,Direction du vent,Deg,242.5
2025-12-18 03:00:02,Rayonnement solaire,Rayonnement solaire,W/m²,0.0
2025-12-18 03:00:02,Évapotranspiration journalière,Évapotranspiration journalière,mm/j,0.0
2025-12-18 03:00:02,Évapotranspiration Horaire,Évapotranspiration Horaire,mm/h,0.0
2025-12-18 03:00:02,Pression atmosphérique,Pression atmosphérique,mm/j,1018.8
2025-12-18 03:00:02,Point de Rosée,Point de Rosée,°C,14.8
2025-12-18 03:00:02,Humidité relative,Humidité relative,%,100.0
2025-12-18 03:00:02,Température,Température,°C,14.8
2025-12-18 03:00:02,Direction du vent,Direction du vent,Deg,308.9
2025-12-18 03:00:02,Vitesse du vent,Vitesse du vent,m/s,0.82
2025-12-18 01:00:02,Évapotranspiration journalière,Évapotranspiration journalière,mm/j,0.0
2025-12-18 01:00:02,Température,Température,°C,14.8
2025-12-18 01:00:02,Humidité relative,Humidité relative,%,100.0
2025-12-18 01:00:02,Vitesse du vent,Vitesse du vent,m/s,0.47
2025-12-18 01:00:02,Direction du vent,Direction du vent,Deg,224.3
2025-12-18 01:00:02,Point de Rosée,Point de Rosée,°C,14.8
2025-12-18 01:00:02,Rayonnement solaire,Rayonnement solaire,W/m²,0.0
2025-12-18 01:00:02,Pression atmosphérique,Pression atmosphérique,mm/j,1018.6
2025-12-18 01:00:02,Évapotranspiration Horaire,Évapotranspiration Horaire,mm/h,0.0
2025-12-17 23:00:02,Point de Rosée,Point de Rosée,°C,14.3
2025-12-17 23:00:02,Évapotranspiration journalière,Évapotranspiration journalière,mm/j,0.0
2025-12-17 23:00:02,Évapotranspiration Horaire,Évapotranspiration Horaire,mm/h,0.0
2025-12-17 23:00:02,Pression atmosphérique,Pression atmosphérique,mm/j,1018.5
2025-12-17 23:00:02,Rayonnement solaire,Rayonnement solaire,W/m²,0.0
2025-12-17 23:00:02,Humidité relative,Humidité relative,%,100.0
2025-12-17 23:00:02,Température,Température,°C,14.3
2025-12-17 23:00:02,Direction du vent,Direction du vent,Deg,311.1
2025-12-17 23:00:02,Vitesse du vent,Vitesse du vent,m/s,1.24
2025-12-17 21:00:02,Évapotranspiration journalière,Évapotranspiration journalière,mm/j,0.0
2025-12-17 21:00:02,Évapotranspiration Horaire,Évapotranspiration Horaire,mm/h,0.0
2025-12-17 21:00:02,Pression atmosphérique,Pression atmosphérique,mm/j,1017.7
2025-12-17 21:00:02,Rayonnement solaire,Rayonnement solaire,W/m²,0.0
2025-12-17 21:00:02,Point de Rosée,Point de Rosée,°C,14.4
2025-12-17 21:00:02,Humidité relative,Humidité relative,%,100.0
2025-12-17 21:00:02,Température,Température,°C,14.4
2025-12-17 21:00:02,Direction du vent,Direction du vent,Deg,297.3
2025-12-17 21:00:02,Vitesse du vent,Vitesse du vent,m/s,0.66
2025-12-17 19:00:02,Évapotranspiration journalière,Évapotranspiration journalière,mm/j,0.0
2025-12-17 19:00:02,Évapotranspiration Horaire,Évapotranspiration Horaire,mm/h,0.0
2025-12-17 19:00:02,Pression atmosphérique,Pression atmosphérique,mm/j,1017.1
2025-12-17 19:00:02,Rayonnement solaire,Rayonnement solaire,W/m²,0.0
2025-12-17 19:00:02,Point de Rosée,Point de Rosée,°C,13.2
2025-12-17 19:00:02,Humidité relative,Humidité relative,%,85.4
2025-12-17 19:00:02,Température,Température,°C,15.7
2025-12-17 19:00:02,Direction du vent,Direction du vent,Deg,148.4
2025-12-17 19:00:02,Vitesse du vent,Vitesse du vent,m/s,0.68
2025-12-17 17:00:02,Évapotranspiration journalière,Évapotranspiration journalière,mm/j,0.0
2025-12-17 17:00:02,Évapotranspiration Horaire,Évapotranspiration Horaire,mm/h,0.0
2025-12-17 17:00:02,Pression atmosphérique,Pression atmosphérique,mm/j,1015.8
2025-12-17 17:00:02,Rayonnement solaire,Rayonnement solaire,W/m²,3.0
2025-12-17 17:00:02,Point de Rosée,Point de Rosée,°C,13.8
2025-12-17 17:00:02,Humidité relative,Humidité relative,%,80.6
2025-12-17 17:00:02,Température,Température,°C,17.2
2025-12-17 17:00:02,Direction du vent,Direction du vent,Deg,58.5
2025-12-17 17:00:02,Vitesse du vent,Vitesse du vent,m/s,0.45
2025-12-17 15:00:02,Évapotranspiration journalière,Évapotranspiration journalière,mm/j,0.0
2025-12-17 15:00:02,Évapotranspiration Horaire,Évapotranspiration Horaire,mm/h,0.0
2025-12-17 15:00:02,Pression atmosphérique,Pression atmosphérique,mm/j,1014.8
2025-12-17 15:00:02,Rayonnement solaire,Rayonnement solaire,W/m²,220.0
2025-12-17 15:00:02,Point de Rosée,Point de Rosée,°C,12.7
2025-12-17 15:00:02,Humidité relative,Humidité relative,%,62.4
2025-12-17 15:00:02,Température,Température,°C,20.1
2025-12-17 15:00:02,Direction du vent,Direction du vent,Deg,140.3
2025-12-17 15:00:02,Vitesse du vent,Vitesse du vent,m/s,3.13
2025-12-17 13:00:02,Évapotranspiration Horaire,Évapotranspiration Horaire,mm/h,0.0
2025-12-17 13:00:02,Pression atmosphérique,Pression atmosphérique,mm/j,1015.3
2025-12-17 13:00:02,Rayonnement solaire,Rayonnement solaire,W/m²,362.0
2025-12-17 13:00:02,Point de Rosée,Point de Rosée,°C,11.5
2025-12-17 13:00:02,Humidité relative,Humidité relative,%,64.5
2025-12-17 13:00:02,Température,Température,°C,18.3
2025-12-17 13:00:02,Évapotranspiration journalière,Évapotranspiration journalière,mm/j,0.0
2025-12-17 13:00:02,Direction du vent,Direction du vent,Deg,71.2
2025-12-17 13:00:02,Vitesse du vent,Vitesse du vent,m/s,1.73
2025-12-17 11:00:02,Évapotranspiration journalière,Évapotranspiration journalière,mm/j,0.0
2025-12-17 11:00:02,Évapotranspiration Horaire,Évapotranspiration Horaire,mm/h,0.0
2025-12-17 11:00:02,Pression atmosphérique,Pression atmosphérique,mm/j,1016.3
2025-12-17 11:00:02,Rayonnement solaire,Rayonnement solaire,W/m²,282.0
2025-12-17 11:00:02,Point de Rosée,Point de Rosée,°C,10.3
2025-12-17 11:00:02,Humidité relative,Humidité relative,%,66.4
2025-12-17 11:00:02,Température,Température,°C,16.6
2025-12-17 11:00:02,Direction du vent,Direction du vent,Deg,318.5
2025-12-17 11:00:02,Vitesse du vent,Vitesse du vent,m/s,0.53
2025-12-17 09:00:02,Évapotranspiration journalière,Évapotranspiration journalière,mm/j,0.0
2025-12-17 09:00:02,Évapotranspiration Horaire,Évapotranspiration Horaire,mm/h,0.0
2025-12-17 09:00:02,Pression atmosphérique,Pression atmosphérique,mm/j,1015.6
2025-12-17 09:00:02,Rayonnement solaire,Rayonnement solaire,W/m²,123.0
2025-12-17 09:00:02,Point de Rosée,Point de Rosée,°C,10.0
2025-12-17 09:00:02,Humidité relative,Humidité relative,%,90.3
2025-12-17 09:00:02,Température,Température,°C,11.6
2025-12-17 09:00:02,Direction du vent,Direction du vent,Deg,221.7
2025-12-17 09:00:02,Vitesse du vent,Vitesse du vent,m/s,0.87
2025-12-17 07:00:02,Température,Température,°C,9.8
2025-12-17 07:00:02,Évapotranspiration journalière,Évapotranspiration journalière,mm/j,0.0
2025-12-17 07:00:02,Évapotranspiration Horaire,Évapotranspiration Horaire,mm/h,0.0
2025-12-17 07:00:02,Pression atmosphérique,Pression atmosphérique,mm/j,1013.9
2025-12-17 07:00:02,Rayonnement solaire,Rayonnement solaire,W/m²,0.0
2025-12-17 07:00:02,Point de Rosée,Point de Rosée,°C,9.0
2025-12-17 07:00:02,Humidité relative,Humidité relative,%,94.7
2025-12-17 07:00:02,Direction du vent,Direction du vent,Deg,285.1
2025-12-17 07:00:02,Vitesse du vent,Vitesse du vent,m/s,0.52
2025-12-17 05:00:02,Direction du vent,Direction du vent,Deg,334.2
2025-12-17 05:00:02,Vitesse du vent,Vitesse du vent,m/s,0.65
2025-12-17 05:00:02,Évapotranspiration journalière,Évapotranspiration journalière,mm/j,0.0
2025-12-17 05:00:02,Évapotranspiration Horaire,Évapotranspiration Horaire,mm/h,0.0
2025-12-17 05:00:02,Pression atmosphérique,Pression atmosphérique,mm/j,1012.6
2025-12-17 05:00:02,Rayonnement solaire,Rayonnement solaire,W/m²,0.0
2025-12-17 05:00:02,Point de Rosée,Point de Rosée,°C,9.5
2025-12-17 05:00:02,Humidité relative,Humidité relative,%,93.2
2025-12-17 05:00:02,Température,Température,°C,10.6
2025-12-17 03:00:02,Température,Température,°C,11.2
2025-12-17 03:00:02,Vitesse du vent,Vitesse du vent,m/s,0.46
2025-12-17 03:00:02,Évapotranspiration journalière,Évapotranspiration journalière,mm/j,0.0
2025-12-17 03:00:02,Évapotranspiration Horaire,Évapotranspiration Horaire,mm/h,0.0
2025-12-17 03:00:02,Pression atmosphérique,Pression atmosphérique,mm/j,1012.2
2025-12-17 03:00:02,Rayonnement solaire,Rayonnement solaire,W/m²,0.0
2025-12-17 03:00:02,Point de Rosée,Point de Rosée,°C,8.4
2025-12-17 03:00:02,Humidité relative,Humidité relative,%,83.2
2025-12-17 03:00:02,Direction du vent,Direction du vent,Deg,289.3
2025-12-17 01:00:02,Pression atmosphérique,Pression atmosphérique,mm/j,1011.7
2025-12-17 01:00:02,Évapotranspiration journalière,Évapotranspiration journalière,mm/j,0.0
2025-12-17 01:00:02,Évapotranspiration Horaire,Évapotranspiration Horaire,mm/h,0.0
2025-12-17 01:00:02,Rayonnement solaire,Rayonnement solaire,W/m²,1.0
2025-12-17 01:00:02,Point de Rosée,Point de Rosée,°C,9.6
2025-12-17 01:00:02,Humidité relative,Humidité relative,%,82.1
2025-12-17 01:00:02,Température,Température,°C,12.6
2025-12-17 01:00:02,Direction du vent,Direction du vent,Deg,198.9
2025-12-17 01:00:02,Vitesse du vent,Vitesse du vent,m/s,1.61
2025-12-16 23:00:02,Direction du vent,Direction du vent,Deg,171.4
2025-12-16 23:00:02,Vitesse du vent,Vitesse du vent,m/s,0.82
2025-12-16 23:00:02,Évapotranspiration journalière,Évapotranspiration journalière,mm/j,0.0
2025-12-16 23:00:02,Évapotranspiration Horaire,Évapotranspiration Horaire,mm/h,0.0
2025-12-16 23:00:02,Pression atmosphérique,Pression atmosphérique,mm/j,1011.3
2025-12-16 23:00:02,Rayonnement solaire,Rayonnement solaire,W/m²,0.0
2025-12-16 23:00:02,Point de Rosée,Point de Rosée,°C,10.2
2025-12-16 23:00:02,Humidité relative,Humidité relative,%,88.3
2025-12-16 23:00:02,Température,Température,°C,12.1
2025-12-16 21:00:02,Température,Température,°C,13.6
2025-12-16 21:00:02,Vitesse du vent,Vitesse du vent,m/s,0.86
2025-12-16 21:00:02,Évapotranspiration journalière,Évapotranspiration journalière,mm/j,0.0
2025-12-16 21:00:02,Évapotranspiration Horaire,Évapotranspiration Horaire,mm/h,0.0
2025-12-16 21:00:02,Pression atmosphérique,Pression atmosphérique,mm/j,1010.4
2025-12-16 21:00:02,Rayonnement solaire,Rayonnement solaire,W/m²,0.0
2025-12-16 21:00:02,Point de Rosée,Point de Rosée,°C,10.4
2025-12-16 21:00:02,Humidité relative,Humidité relative,%,81.2
2025-12-16 21:00:02,Direction du vent,Direction du vent,Deg,266.3
2025-12-16 19:00:02,Direction du vent,Direction du vent,Deg,287.0
2025-12-16 19:00:02,Évapotranspiration journalière,Évapotranspiration journalière,mm/j,0.0
2025-12-16 19:00:02,Évapotranspiration Horaire,Évapotranspiration Horaire,mm/h,0.0
2025-12-16 19:00:02,Pression atmosphérique,Pression atmosphérique,mm/j,1009.8
2025-12-16 19:00:02,Rayonnement solaire,Rayonnement solaire,W/m²,1.0
2025-12-16 19:00:02,Point de Rosée,Point de Rosée,°C,10.0
2025-12-16 19:00:02,Humidité relative,Humidité relative,%,77.3
2025-12-16 19:00:02,Température,Température,°C,13.9
2025-12-16 19:00:02,Vitesse du vent,Vitesse du vent,m/s,2.01
2025-12-16 17:00:02,Direction du vent,Direction du vent,Deg,289.5
2025-12-16 17:00:02,Évapotranspiration journalière,Évapotranspiration journalière,mm/j,0.0
2025-12-16 17:00:02,Vitesse du vent,Vitesse du vent,m/s,1.69
2025-12-16 17:00:02,Évapotranspiration Horaire,Évapotranspiration Horaire,mm/h,0.0
2025-12-16 17:00:02,Pression atmosphérique,Pression atmosphérique,mm/j,1008.7
2025-12-16 17:00:02,Rayonnement solaire,Rayonnement solaire,W/m²,4.0
2025-12-16 17:00:02,Point de Rosée,Point de Rosée,°C,10.7
2025-12-16 17:00:02,Humidité relative,Humidité relative,%,69.5
2025-12-16 17:00:02,Température,Température,°C,16.3
2025-12-16 15:00:02,Humidité relative,Humidité relative,%,41.7
2025-12-16 15:00:02,Température,Température,°C,22.3
2025-12-16 15:00:02,Vitesse du vent,Vitesse du vent,m/s,0.62
2025-12-16 15:00:02,Évapotranspiration journalière,Évapotranspiration journalière,mm/j,0.0
2025-12-16 15:00:02,Évapotranspiration Horaire,Évapotranspiration Horaire,mm/h,0.0
2025-12-16 15:00:02,Pression atmosphérique,Pression atmosphérique,mm/j,1007.8
2025-12-16 15:00:02,Rayonnement solaire,Rayonnement solaire,W/m²,232.0
2025-12-16 15:00:02,Point de Rosée,Point de Rosée,°C,8.7
2025-12-16 15:00:02,Direction du vent,Direction du vent,Deg,117.2
2025-12-16 13:00:02,Direction du vent,Direction du vent,Deg,294.5
2025-12-16 13:00:02,Évapotranspiration journalière,Évapotranspiration journalière,mm/j,0.0
2025-12-16 13:00:02,Évapotranspiration Horaire,Évapotranspiration Horaire,mm/h,0.0
2025-12-16 13:00:02,Pression atmosphérique,Pression atmosphérique,mm/j,1008.2
2025-12-16 13:00:02,Rayonnement solaire,Rayonnement solaire,W/m²,430.0
2025-12-16 13:00:02,Point de Rosée,Point de Rosée,°C,11.1
2025-12-16 13:00:02,Humidité relative,Humidité relative,%,52.3
2025-12-16 13:00:02,Température,Température,°C,21.3
2025-12-16 13:00:02,Vitesse du vent,Vitesse du vent,m/s,2.37
2025-12-16 11:00:02,Évapotranspiration Horaire,Évapotranspiration Horaire,mm/h,0.0
2025-12-16 11:00:02,Pression atmosphérique,Pression atmosphérique,mm/j,1009.6
2025-12-16 11:00:02,Rayonnement solaire,Rayonnement solaire,W/m²,369.0
2025-12-16 11:00:02,Point de Rosée,Point de Rosée,°C,11.9
2025-12-16 11:00:02,Humidité relative,Humidité relative,%,70.4
2025-12-16 11:00:02,Température,Température,°C,17.3
2025-12-16 11:00:02,Direction du vent,Direction du vent,Deg,171.6
2025-12-16 11:00:02,Vitesse du vent,Vitesse du vent,m/s,1.68
2025-12-16 11:00:02,Évapotranspiration journalière,Évapotranspiration journalière,mm/j,0.0
2025-12-16 10:00:02,Pression atmosphérique,Pression atmosphérique,mm/j,1009.7
2025-12-16 10:00:02,Point de Rosée,Point de Rosée,°C,13.9
2025-12-16 10:00:02,Rayonnement solaire,Rayonnement solaire,W/m²,137.0
2025-12-16 10:00:02,Humidité relative,Humidité relative,%,96.3
2025-12-16 10:00:02,Évapotranspiration journalière,Évapotranspiration journalière,mm/j,0.0
2025-12-16 10:00:02,Température,Température,°C,14.5
2025-12-16 10:00:02,Direction du vent,Direction du vent,Deg,227.8
2025-12-16 10:00:02,Évapotranspiration Horaire,Évapotranspiration Horaire,mm/h,0.0
2025-12-16 10:00:02,Vitesse du vent,Vitesse du vent,m/s,1.11
2025-12-16 09:00:02,Évapotranspiration journalière,Évapotranspiration journalière,mm/j,0.0
2025-12-16 09:00:02,Évapotranspiration Horaire,Évapotranspiration Horaire,mm/h,0.0
2025-12-16 09:00:02,Pression atmosphérique,Pression atmosphérique,mm/j,1009.3
2025-12-16 09:00:02,Rayonnement solaire,Rayonnement solaire,W/m²,17.0
2025-12-16 09:00:02,Point de Rosée,Point de Rosée,°C,14.1
2025-12-16 09:00:02,Humidité relative,Humidité relative,%,100.0
2025-12-16 09:00:02,Température,Température,°C,14.1
2025-12-16 09:00:02,Direction du vent,Direction du vent,Deg,171.9
2025-12-16 09:00:02,Vitesse du vent,Vitesse du vent,m/s,0.38
2025-12-16 07:00:02,Direction du vent,Direction du vent,Deg,310.3
2025-12-16 07:00:02,Vitesse du vent,Vitesse du vent,m/s,1.71
2025-12-16 07:00:02,Évapotranspiration journalière,Évapotranspiration journalière,mm/j,0.0
2025-12-16 07:00:02,Évapotranspiration Horaire,Évapotranspiration Horaire,mm/h,0.0
2025-12-16 07:00:02,Pression atmosphérique,Pression atmosphérique,mm/j,1009.0
2025-12-16 07:00:02,Rayonnement solaire,Rayonnement solaire,W/m²,0.0
2025-12-16 07:00:02,Point de Rosée,Point de Rosée,°C,14.0
2025-12-16 07:00:02,Humidité relative,Humidité relative,%,99.1
2025-12-16 07:00:02,Température,Température,°C,14.2
2025-12-16 05:00:02,Température,Température,°C,14.9
2025-12-16 05:00:02,Vitesse du vent,Vitesse du vent,m/s,0.26
2025-12-16 05:00:02,Évapotranspiration journalière,Évapotranspiration journalière,mm/j,0.0
2025-12-16 05:00:02,Évapotranspiration Horaire,Évapotranspiration Horaire,mm/h,0.0
2025-12-16 05:00:02,Pression atmosphérique,Pression atmosphérique,mm/j,1009.2
2025-12-16 05:00:02,Rayonnement solaire,Rayonnement solaire,W/m²,0.0
2025-12-16 05:00:02,Point de Rosée,Point de Rosée,°C,14.9
2025-12-16 05:00:02,Humidité relative,Humidité relative,%,100.0
2025-12-16 05:00:02,Direction du vent,Direction du vent,Deg,20.5
2025-12-16 03:00:02,Point de Rosée,Point de Rosée,°C,14.8
2025-12-16 03:00:02,Humidité relative,Humidité relative,%,100.0
2025-12-16 03:00:02,Vitesse du vent,Vitesse du vent,m/s,0.84
2025-12-16 03:00:02,Évapotranspiration journalière,Évapotranspiration journalière,mm/j,0.0
2025-12-16 03:00:02,Évapotranspiration Horaire,Évapotranspiration Horaire,mm/h,0.0
2025-12-16 03:00:02,Pression atmosphérique,Pression atmosphérique,mm/j,1010.2
2025-12-16 03:00:02,Rayonnement solaire,Rayonnement solaire,W/m²,0.0
2025-12-16 03:00:02,Direction du vent,Direction du vent,Deg,225.9
2025-12-16 03:00:02,Température,Température,°C,14.8
2025-12-16 02:00:02,Rayonnement solaire,Rayonnement solaire,W/m²,0.0
2025-12-16 02:00:02,Évapotranspiration journalière,Évapotranspiration journalière,mm/j,0.0
2025-12-16 02:00:02,Évapotranspiration Horaire,Évapotranspiration Horaire,mm/h,0.0
2025-12-16 02:00:02,Pression atmosphérique,Pression atmosphérique,mm/j,1010.9
2025-12-16 02:00:02,Point de Rosée,Point de Rosée,°C,15.0
2025-12-16 02:00:02,Humidité relative,Humidité relative,%,98.2
2025-12-16 02:00:02,Température,Température,°C,15.3
2025-12-16 02:00:02,Direction du vent,Direction du vent,Deg,238.4
2025-12-16 02:00:02,Vitesse du vent,Vitesse du vent,m/s,0.56
2025-12-16 01:00:02,Point de Rosée,Point de Rosée,°C,15.1
2025-12-16 01:00:02,Pression atmosphérique,Pression atmosphérique,mm/j,1011.3
2025-12-16 01:00:02,Humidité relative,Humidité relative,%,100.0
2025-12-16 01:00:02,Évapotranspiration Horaire,Évapotranspiration Horaire,mm/h,0.0
2025-12-16 01:00:02,Température,Température,°C,15.1
2025-12-16 01:00:02,Évapotranspiration journalière,Évapotranspiration journalière,mm/j,0.0
2025-12-16 01:00:02,Direction du vent,Direction du vent,Deg,16.4
2025-12-16 01:00:02,Vitesse du vent,Vitesse du vent,m/s,0.58
2025-12-16 01:00:02,Rayonnement solaire,Rayonnement solaire,W/m²,0.0
2025-12-15 23:00:02,Vitesse du vent,Vitesse du vent,m/s,1.39
2025-12-15 23:00:02,Température,Température,°C,15.6
2025-12-15 23:00:02,Rayonnement solaire,Rayonnement solaire,W/m²,0.0
2025-12-15 23:00:02,Humidité relative,Humidité relative,%,100.0
2025-12-15 23:00:02,Point de Rosée,Point de Rosée,°C,15.6
2025-12-15 23:00:02,Évapotranspiration Horaire,Évapotranspiration Horaire,mm/h,0.0
2025-12-15 23:00:02,Pression atmosphérique,Pression atmosphérique,mm/j,1012.9
2025-12-15 23:00:02,Direction du vent,Direction du vent,Deg,228.9
2025-12-15 23:00:02,Évapotranspiration journalière,Évapotranspiration journalière,mm/j,0.0
2025-12-15 21:00:02,Point de Rosée,Point de Rosée,°C,15.4
2025-12-15 21:00:02,Évapotranspiration journalière,Évapotranspiration journalière,mm/j,0.0
2025-12-15 21:00:02,Évapotranspiration Horaire,Évapotranspiration Horaire,mm/h,0.0
2025-12-15 21:00:02,Pression atmosphérique,Pression atmosphérique,mm/j,1013.3
2025-12-15 21:00:02,Rayonnement solaire,Rayonnement solaire,W/m²,0.0
2025-12-15 21:00:02,Humidité relative,Humidité relative,%,98.2
2025-12-15 21:00:02,Température,Température,°C,15.7
2025-12-15 21:00:02,Direction du vent,Direction du vent,Deg,187.8
2025-12-15 21:00:02,Vitesse du vent,Vitesse du vent,m/s,1.99
2025-12-15 19:00:02,Température,Température,°C,16.2
2025-12-15 19:00:02,Direction du vent,Direction du vent,Deg,187.0
2025-12-15 19:00:02,Vitesse du vent,Vitesse du vent,m/s,0.72
2025-12-15 19:00:02,Évapotranspiration journalière,Évapotranspiration journalière,mm/j,0.0
2025-12-15 19:00:02,Évapotranspiration Horaire,Évapotranspiration Horaire,mm/h,0.0
2025-12-15 19:00:02,Pression atmosphérique,Pression atmosphérique,mm/j,1013.5
2025-12-15 19:00:02,Rayonnement solaire,Rayonnement solaire,W/m²,0.0
2025-12-15 19:00:02,Point de Rosée,Point de Rosée,°C,15.2
2025-12-15 19:00:02,Humidité relative,Humidité relative,%,93.8
2025-12-15 17:00:02,Humidité relative,Humidité relative,%,83.4
2025-12-15 17:00:02,Direction du vent,Direction du vent,Deg,189.0
2025-12-15 17:00:02,Vitesse du vent,Vitesse du vent,m/s,1.04
2025-12-15 17:00:02,Évapotranspiration journalière,Évapotranspiration journalière,mm/j,0.0
2025-12-15 17:00:02,Évapotranspiration Horaire,Évapotranspiration Horaire,mm/h,0.0
2025-12-15 17:00:02,Pression atmosphérique,Pression atmosphérique,mm/j,1013.1
2025-12-15 17:00:02,Rayonnement solaire,Rayonnement solaire,W/m²,0.0
2025-12-15 17:00:02,Point de Rosée,Point de Rosée,°C,14.0
2025-12-15 17:00:02,Température,Température,°C,16.8
2025-12-15 15:00:02,Vitesse du vent,Vitesse du vent,m/s,1.37
2025-12-15 15:00:02,Direction du vent,Direction du vent,Deg,141.7
2025-12-15 15:00:02,Humidité relative,Humidité relative,%,70.9
2025-12-15 15:00:02,Évapotranspiration journalière,Évapotranspiration journalière,mm/j,0.0
2025-12-15 15:00:02,Évapotranspiration Horaire,Évapotranspiration Horaire,mm/h,0.0
2025-12-15 15:00:02,Pression atmosphérique,Pression atmosphérique,mm/j,1013.6
2025-12-15 15:00:02,Température,Température,°C,18.2
2025-12-15 15:00:02,Rayonnement solaire,Rayonnement solaire,W/m²,30.0
2025-12-15 15:00:02,Point de Rosée,Point de Rosée,°C,12.8
2025-12-15 13:00:02,Évapotranspiration Horaire,Évapotranspiration Horaire,mm/h,0.0
2025-12-15 13:00:02,Vitesse du vent,Vitesse du vent,m/s,2.07
2025-12-15 13:00:02,Évapotranspiration journalière,Évapotranspiration journalière,mm/j,0.0
2025-12-15 13:00:02,Pression atmosphérique,Pression atmosphérique,mm/j,1014.5
2025-12-15 13:00:02,Rayonnement solaire,Rayonnement solaire,W/m²,67.0
2025-12-15 13:00:02,Point de Rosée,Point de Rosée,°C,14.0
2025-12-15 13:00:02,Humidité relative,Humidité relative,%,76.2
2025-12-15 13:00:02,Température,Température,°C,18.2
2025-12-15 13:00:02,Direction du vent,Direction du vent,Deg,146.6
2025-12-15 12:00:02,Évapotranspiration Horaire,Évapotranspiration Horaire,mm/h,0.0
2025-12-15 12:00:02,Humidité relative,Humidité relative,%,75.5
2025-12-15 12:00:02,Rayonnement solaire,Rayonnement solaire,W/m²,33.0
2025-12-15 12:00:02,Température,Température,°C,18.0
2025-12-15 12:00:02,Évapotranspiration journalière,Évapotranspiration journalière,mm/j,0.0
2025-12-15 12:00:02,Direction du vent,Direction du vent,Deg,174.9
2025-12-15 12:00:02,Pression atmosphérique,Pression atmosphérique,mm/j,1015.4
2025-12-15 12:00:02,Vitesse du vent,Vitesse du vent,m/s,0.11
2025-12-15 12:00:02,Point de Rosée,Point de Rosée,°C,13.6
2025-12-15 11:00:02,Évapotranspiration journalière,Évapotranspiration journalière,mm/j,0.0
2025-12-15 11:00:02,Évapotranspiration Horaire,Évapotranspiration Horaire,mm/h,0.0
2025-12-15 11:00:02,Pression atmosphérique,Pression atmosphérique,mm/j,1016.4
2025-12-15 11:00:02,Rayonnement solaire,Rayonnement solaire,W/m²,40.0
2025-12-15 11:00:02,Point de Rosée,Point de Rosée,°C,14.5
2025-12-15 11:00:02,Humidité relative,Humidité relative,%,86.0
2025-12-15 11:00:02,Température,Température,°C,16.9
2025-12-15 11:00:02,Direction du vent,Direction du vent,Deg,334.4
2025-12-15 11:00:02,Vitesse du vent,Vitesse du vent,m/s,2.19
2025-12-15 09:00:02,Évapotranspiration journalière,Évapotranspiration journalière,mm/j,0.0
2025-12-15 09:00:02,Évapotranspiration Horaire,Évapotranspiration Horaire,mm/h,0.0
2025-12-15 09:00:02,Pression atmosphérique,Pression atmosphérique,mm/j,1016.8
2025-12-15 09:00:02,Rayonnement solaire,Rayonnement solaire,W/m²,43.0
2025-12-15 09:00:02,Point de Rosée,Point de Rosée,°C,14.6
2025-12-15 09:00:02,Humidité relative,Humidité relative,%,100.0
2025-12-15 09:00:02,Température,Température,°C,14.6
2025-12-15 09:00:02,Direction du vent,Direction du vent,Deg,20.5
2025-12-15 09:00:02,Vitesse du vent,Vitesse du vent,m/s,1.03
2025-12-15 07:00:02,Température,Température,°C,13.5
2025-12-15 07:00:02,Évapotranspiration journalière,Évapotranspiration journalière,mm/j,0.0
2025-12-15 07:00:02,Évapotranspiration Horaire,Évapotranspiration Horaire,mm/h,0.0
2025-12-15 07:00:02,Pression atmosphérique,Pression atmosphérique,mm/j,1017.0
2025-12-15 07:00:02,Rayonnement solaire,Rayonnement solaire,W/m²,0.0
2025-12-15 07:00:02,Point de Rosée,Point de Rosée,°C,13.5
2025-12-15 07:00:02,Humidité relative,Humidité relative,%,100.0
2025-12-15 07:00:02,Direction du vent,Direction du vent,Deg,280.4
2025-12-15 07:00:02,Vitesse du vent,Vitesse du vent,m/s,1.25
2025-12-15 05:00:02,Évapotranspiration journalière,Évapotranspiration journalière,mm/j,0.0
2025-12-15 05:00:02,Évapotranspiration Horaire,Évapotranspiration Horaire,mm/h,0.0
2025-12-15 05:00:02,Pression atmosphérique,Pression atmosphérique,mm/j,1017.6
2025-12-15 05:00:02,Rayonnement solaire,Rayonnement solaire,W/m²,0.0
2025-12-15 05:00:02,Point de Rosée,Point de Rosée,°C,13.4
2025-12-15 05:00:02,Humidité relative,Humidité relative,%,100.0
2025-12-15 05:00:02,Température,Température,°C,13.4
2025-12-15 05:00:02,Direction du vent,Direction du vent,Deg,301.8
2025-12-15 05:00:02,Vitesse du vent,Vitesse du vent,m/s,0.45
2025-12-15 03:00:02,Évapotranspiration journalière,Évapotranspiration journalière,mm/j,0.0
2025-12-15 03:00:02,Vitesse du vent,Vitesse du vent,m/s,1.5
2025-12-15 03:00:02,Température,Température,°C,13.7
2025-12-15 03:00:02,Pression atmosphérique,Pression atmosphérique,mm/j,1018.4
2025-12-15 03:00:02,Direction du vent,Direction du vent,Deg,309.6
2025-12-15 03:00:02,Rayonnement solaire,Rayonnement solaire,W/m²,0.0
2025-12-15 03:00:02,Humidité relative,Humidité relative,%,100.0
2025-12-15 03:00:02,Évapotranspiration Horaire,Évapotranspiration Horaire,mm/h,0.0
2025-12-15 03:00:02,Point de Rosée,Point de Rosée,°C,13.7
2025-12-15 01:00:02,Évapotranspiration journalière,Évapotranspiration journalière,mm/j,0.0
2025-12-15 01:00:02,Vitesse du vent,Vitesse du vent,m/s,0.84
2025-12-15 01:00:02,Direction du vent,Direction du vent,Deg,269.1
2025-12-15 01:00:02,Température,Température,°C,13.9
2025-12-15 01:00:02,Humidité relative,Humidité relative,%,100.0
2025-12-15 01:00:02,Point de Rosée,Point de Rosée,°C,13.9
2025-12-15 01:00:02,Rayonnement solaire,Rayonnement solaire,W/m²,0.0
2025-12-15 01:00:02,Pression atmosphérique,Pression atmosphérique,mm/j,1018.7
2025-12-15 01:00:02,Évapotranspiration Horaire,Évapotranspiration Horaire,mm/h,0.0
2025-12-14 23:00:02,Vitesse du vent,Vitesse du vent,m/s,1.04
2025-12-14 23:00:02,Humidité relative,Humidité relative,%,100.0
2025-12-14 23:00:02,Température,Température,°C,13.5
2025-12-14 23:00:02,Évapotranspiration journalière,Évapotranspiration journalière,mm/j,0.0
2025-12-14 23:00:02,Évapotranspiration Horaire,Évapotranspiration Horaire,mm/h,0.0
2025-12-14 23:00:02,Pression atmosphérique,Pression atmosphérique,mm/j,1019.1
2025-12-14 23:00:02,Rayonnement solaire,Rayonnement solaire,W/m²,0.0
2025-12-14 23:00:02,Point de Rosée,Point de Rosée,°C,13.5
2025-12-14 23:00:02,Direction du vent,Direction du vent,Deg,290.4
2025-12-14 21:00:02,Direction du vent,Direction du vent,Deg,141.7
2025-12-14 21:00:02,Évapotranspiration journalière,Évapotranspiration journalière,mm/j,0.0
2025-12-14 21:00:02,Évapotranspiration Horaire,Évapotranspiration Horaire,mm/h,0.0
2025-12-14 21:00:02,Pression atmosphérique,Pression atmosphérique,mm/j,1019.3
2025-12-14 21:00:02,Rayonnement solaire,Rayonnement solaire,W/m²,0.0
2025-12-14 21:00:02,Point de Rosée,Point de Rosée,°C,14.1
2025-12-14 21:00:02,Humidité relative,Humidité relative,%,100.0
2025-12-14 21:00:02,Température,Température,°C,14.1
2025-12-14 21:00:02,Vitesse du vent,Vitesse du vent,m/s,0.59
2025-12-14 19:00:02,Direction du vent,Direction du vent,Deg,279.9
2025-12-14 19:00:02,Évapotranspiration journalière,Évapotranspiration journalière,mm/j,0.0
2025-12-14 19:00:02,Évapotranspiration Horaire,Évapotranspiration Horaire,mm/h,0.0
2025-12-14 19:00:02,Pression atmosphérique,Pression atmosphérique,mm/j,1018.9
2025-12-14 19:00:02,Rayonnement solaire,Rayonnement solaire,W/m²,0.0
2025-12-14 19:00:02,Point de Rosée,Point de Rosée,°C,14.5
2025-12-14 19:00:02,Humidité relative,Humidité relative,%,100.0
2025-12-14 19:00:02,Température,Température,°C,14.5
2025-12-14 19:00:02,Vitesse du vent,Vitesse du vent,m/s,1.09
2025-12-14 17:00:02,Humidité relative,Humidité relative,%,83.9
2025-12-14 17:00:02,Vitesse du vent,Vitesse du vent,m/s,1.04
2025-12-14 17:00:02,Direction du vent,Direction du vent,Deg,80.7
2025-12-14 17:00:02,Température,Température,°C,17.2
2025-12-14 17:00:02,Point de Rosée,Point de Rosée,°C,14.4
2025-12-14 17:00:02,Rayonnement solaire,Rayonnement solaire,W/m²,2.0
2025-12-14 17:00:02,Évapotranspiration journalière,Évapotranspiration journalière,mm/j,0.0
2025-12-14 17:00:02,Évapotranspiration Horaire,Évapotranspiration Horaire,mm/h,0.0
2025-12-14 17:00:02,Pression atmosphérique,Pression atmosphérique,mm/j,1018.2
2025-12-14 15:00:02,Évapotranspiration journalière,Évapotranspiration journalière,mm/j,0.0
2025-12-14 15:00:02,Évapotranspiration Horaire,Évapotranspiration Horaire,mm/h,0.0
2025-12-14 15:00:02,Rayonnement solaire,Rayonnement solaire,W/m²,236.0
2025-12-14 15:00:02,Point de Rosée,Point de Rosée,°C,12.9
2025-12-14 15:00:02,Humidité relative,Humidité relative,%,62.6
2025-12-14 15:00:02,Température,Température,°C,20.3
2025-12-14 15:00:02,Direction du vent,Direction du vent,Deg,136.3
2025-12-14 15:00:02,Vitesse du vent,Vitesse du vent,m/s,3.56
2025-12-14 15:00:02,Pression atmosphérique,Pression atmosphérique,mm/j,1018.7
2025-12-14 13:00:02,Évapotranspiration journalière,Évapotranspiration journalière,mm/j,0.0
2025-12-14 13:00:02,Vitesse du vent,Vitesse du vent,m/s,2.43
2025-12-14 13:00:02,Évapotranspiration Horaire,Évapotranspiration Horaire,mm/h,0.0
2025-12-14 13:00:02,Pression atmosphérique,Pression atmosphérique,mm/j,1019.5
2025-12-14 13:00:02,Rayonnement solaire,Rayonnement solaire,W/m²,410.0
2025-12-14 13:00:02,Point de Rosée,Point de Rosée,°C,12.7
2025-12-14 13:00:02,Humidité relative,Humidité relative,%,64.8
2025-12-14 13:00:02,Température,Température,°C,19.5
2025-12-14 13:00:02,Direction du vent,Direction du vent,Deg,146.9
2025-12-14 11:00:02,Rayonnement solaire,Rayonnement solaire,W/m²,403.0
2025-12-14 11:00:02,Vitesse du vent,Vitesse du vent,m/s,1.72
2025-12-14 11:00:02,Direction du vent,Direction du vent,Deg,113.3
2025-12-14 11:00:02,Température,Température,°C,17.7
2025-12-14 11:00:02,Humidité relative,Humidité relative,%,75.4
2025-12-14 11:00:02,Point de Rosée,Point de Rosée,°C,13.3
2025-12-14 11:00:02,Pression atmosphérique,Pression atmosphérique,mm/j,1021.0
2025-12-14 11:00:02,Évapotranspiration Horaire,Évapotranspiration Horaire,mm/h,0.0
2025-12-14 11:00:02,Évapotranspiration journalière,Évapotranspiration journalière,mm/j,0.0
2025-12-14 09:00:02,Évapotranspiration journalière,Évapotranspiration journalière,mm/j,0.0
2025-12-14 09:00:02,Pression atmosphérique,Pression atmosphérique,mm/j,1020.8
2025-12-14 09:00:02,Évapotranspiration Horaire,Évapotranspiration Horaire,mm/h,0.0
2025-12-14 09:00:02,Vitesse du vent,Vitesse du vent,m/s,0.71
2025-12-14 09:00:02,Direction du vent,Direction du vent,Deg,203.8
2025-12-14 09:00:02,Température,Température,°C,13.4
2025-12-14 09:00:02,Humidité relative,Humidité relative,%,100.0
2025-12-14 09:00:02,Point de Rosée,Point de Rosée,°C,13.4
2025-12-14 09:00:02,Rayonnement solaire,Rayonnement solaire,W/m²,172.0
2025-12-14 07:00:02,Rayonnement solaire,Rayonnement solaire,W/m²,0.0
2025-12-14 07:00:02,Évapotranspiration Horaire,Évapotranspiration Horaire,mm/h,0.0
2025-12-14 07:00:02,Évapotranspiration journalière,Évapotranspiration journalière,mm/j,0.0
2025-12-14 07:00:02,Vitesse du vent,Vitesse du vent,m/s,0.31
2025-12-14 07:00:02,Direction du vent,Direction du vent,Deg,230.1
2025-12-14 07:00:02,Température,Température,°C,10.5
2025-12-14 07:00:02,Humidité relative,Humidité relative,%,100.0
2025-12-14 07:00:02,Point de Rosée,Point de Rosée,°C,10.5
2025-12-14 07:00:02,Pression atmosphérique,Pression atmosphérique,mm/j,1020.7
2025-12-14 05:00:02,Pression atmosphérique,Pression atmosphérique,mm/j,1020.5
2025-12-14 05:00:02,Évapotranspiration Horaire,Évapotranspiration Horaire,mm/h,0.0
2025-12-14 05:00:02,Évapotranspiration journalière,Évapotranspiration journalière,mm/j,0.0
2025-12-14 05:00:02,Vitesse du vent,Vitesse du vent,m/s,1.19
2025-12-14 05:00:02,Direction du vent,Direction du vent,Deg,255.2
2025-12-14 05:00:02,Température,Température,°C,12.0
2025-12-14 05:00:02,Humidité relative,Humidité relative,%,100.0
2025-12-14 05:00:02,Point de Rosée,Point de Rosée,°C,12.0
2025-12-14 05:00:02,Rayonnement solaire,Rayonnement solaire,W/m²,0.0
2025-12-14 03:00:02,Pression atmosphérique,Pression atmosphérique,mm/j,1020.6
2025-12-14 03:00:02,Évapotranspiration Horaire,Évapotranspiration Horaire,mm/h,0.0
2025-12-14 03:00:02,Évapotranspiration journalière,Évapotranspiration journalière,mm/j,0.0
2025-12-14 03:00:02,Vitesse du vent,Vitesse du vent,m/s,0.76
2025-12-14 03:00:02,Direction du vent,Direction du vent,Deg,305.6
2025-12-14 03:00:02,Température,Température,°C,11.8
2025-12-14 03:00:02,Humidité relative,Humidité relative,%,100.0
2025-12-14 03:00:02,Point de Rosée,Point de Rosée,°C,11.8
2025-12-14 03:00:02,Rayonnement solaire,Rayonnement solaire,W/m²,0.0
2025-12-14 01:00:02,Rayonnement solaire,Rayonnement solaire,W/m²,0.0
2025-12-14 01:00:02,Évapotranspiration Horaire,Évapotranspiration Horaire,mm/h,0.0
2025-12-14 01:00:02,Évapotranspiration journalière,Évapotranspiration journalière,mm/j,0.0
2025-12-14 01:00:02,Vitesse du vent,Vitesse du vent,m/s,1.43
2025-12-14 01:00:02,Direction du vent,Direction du vent,Deg,277.0
2025-12-14 01:00:02,Température,Température,°C,12.1
2025-12-14 01:00:02,Humidité relative,Humidité relative,%,100.0
2025-12-14 01:00:02,Point de Rosée,Point de Rosée,°C,12.1
2025-12-14 01:00:02,Pression atmosphérique,Pression atmosphérique,mm/j,1020.8
2025-12-13 23:00:02,Évapotranspiration Horaire,Évapotranspiration Horaire,mm/h,0.0
2025-12-13 23:00:02,Vitesse du vent,Vitesse du vent,m/s,0.73
2025-12-13 23:00:02,Direction du vent,Direction du vent,Deg,289.6
2025-12-13 23:00:02,Température,Température,°C,13.6
2025-12-13 23:00:02,Humidité relative,Humidité relative,%,100.0
2025-12-13 23:00:02,Point de Rosée,Point de Rosée,°C,13.6
2025-12-13 23:00:02,Rayonnement solaire,Rayonnement solaire,W/m²,0.0
2025-12-13 23:00:02,Pression atmosphérique,Pression atmosphérique,mm/j,1021.1
2025-12-13 23:00:02,Évapotranspiration journalière,Évapotranspiration journalière,mm/j,0.0
2025-12-13 21:00:02,Pression atmosphérique,Pression atmosphérique,mm/j,1020.6
2025-12-13 21:00:02,Évapotranspiration journalière,Évapotranspiration journalière,mm/j,0.0
2025-12-13 21:00:02,Évapotranspiration Horaire,Évapotranspiration Horaire,mm/h,0.0
2025-12-13 21:00:02,Vitesse du vent,Vitesse du vent,m/s,0.82
2025-12-13 21:00:02,Direction du vent,Direction du vent,Deg,272.1
2025-12-13 21:00:02,Température,Température,°C,14.6
2025-12-13 21:00:02,Humidité relative,Humidité relative,%,100.0
2025-12-13 21:00:02,Point de Rosée,Point de Rosée,°C,14.6
2025-12-13 21:00:02,Rayonnement solaire,Rayonnement solaire,W/m²,0.0
2025-12-13 19:00:02,Rayonnement solaire,Rayonnement solaire,W/m²,0.0
2025-12-13 19:00:02,Évapotranspiration Horaire,Évapotranspiration Horaire,mm/h,0.0
2025-12-13 19:00:02,Évapotranspiration journalière,Évapotranspiration journalière,mm/j,0.0
2025-12-13 19:00:02,Point de Rosée,Point de Rosée,°C,13.8
2025-12-13 19:00:02,Humidité relative,Humidité relative,%,87.9
2025-12-13 19:00:02,Température,Température,°C,15.8
2025-12-13 19:00:02,Direction du vent,Direction du vent,Deg,342.9
2025-12-13 19:00:02,Vitesse du vent,Vitesse du vent,m/s,0.52
2025-12-13 19:00:02,Pression atmosphérique,Pression atmosphérique,mm/j,1019.8
2025-12-13 17:00:02,Évapotranspiration journalière,Évapotranspiration journalière,mm/j,0.0
2025-12-13 17:00:02,Direction du vent,Direction du vent,Deg,81.6
2025-12-13 17:00:02,Vitesse du vent,Vitesse du vent,m/s,1.68
2025-12-13 17:00:02,Température,Température,°C,17.0
2025-12-13 17:00:02,Évapotranspiration Horaire,Évapotranspiration Horaire,mm/h,0.0
2025-12-13 17:00:02,Pression atmosphérique,Pression atmosphérique,mm/j,1019.0
2025-12-13 17:00:02,Rayonnement solaire,Rayonnement solaire,W/m²,4.0
2025-12-13 17:00:02,Point de Rosée,Point de Rosée,°C,13.4
2025-12-13 17:00:02,Humidité relative,Humidité relative,%,79.5
2025-12-13 15:00:02,Pression atmosphérique,Pression atmosphérique,mm/j,1018.4
2025-12-13 15:00:02,Vitesse du vent,Vitesse du vent,m/s,1.16
2025-12-13 15:00:02,Direction du vent,Direction du vent,Deg,142.7
2025-12-13 15:00:02,Température,Température,°C,20.3
2025-12-13 15:00:02,Humidité relative,Humidité relative,%,61.9
2025-12-13 15:00:02,Point de Rosée,Point de Rosée,°C,12.8
2025-12-13 15:00:02,Rayonnement solaire,Rayonnement solaire,W/m²,232.0
2025-12-13 15:00:02,Évapotranspiration Horaire,Évapotranspiration Horaire,mm/h,0.0
2025-12-13 15:00:02,Évapotranspiration journalière,Évapotranspiration journalière,mm/j,0.0
2025-12-13 14:00:02,Vitesse du vent,Vitesse du vent,m/s,2.76
2025-12-13 14:00:02,Évapotranspiration Horaire,Évapotranspiration Horaire,mm/h,0.0
2025-12-13 14:00:02,Évapotranspiration journalière,Évapotranspiration journalière,mm/j,0.0
2025-12-13 14:00:02,Pression atmosphérique,Pression atmosphérique,mm/j,1018.5
2025-12-13 14:00:02,Rayonnement solaire,Rayonnement solaire,W/m²,354.0
2025-12-13 14:00:02,Point de Rosée,Point de Rosée,°C,12.7
2025-12-13 14:00:02,Humidité relative,Humidité relative,%,65.8
2025-12-13 14:00:02,Température,Température,°C,19.3
2025-12-13 14:00:02,Direction du vent,Direction du vent,Deg,59.9
2025-12-13 13:00:02,Température,Température,°C,19.3
2025-12-13 13:00:02,Évapotranspiration journalière,Évapotranspiration journalière,mm/j,0.0
2025-12-13 13:00:02,Point de Rosée,Point de Rosée,°C,13.9
2025-12-13 13:00:02,Évapotranspiration Horaire,Évapotranspiration Horaire,mm/h,0.0
2025-12-13 13:00:02,Vitesse du vent,Vitesse du vent,m/s,1.82
2025-12-13 13:00:02,Humidité relative,Humidité relative,%,70.8
2025-12-13 13:00:02,Pression atmosphérique,Pression atmosphérique,mm/j,1019.0
2025-12-13 13:00:02,Direction du vent,Direction du vent,Deg,40.1
2025-12-13 13:00:02,Rayonnement solaire,Rayonnement solaire,W/m²,430.0
2025-12-13 11:00:02,Direction du vent,Direction du vent,Deg,156.9
2025-12-13 11:00:02,Évapotranspiration journalière,Évapotranspiration journalière,mm/j,0.0
2025-12-13 11:00:02,Évapotranspiration Horaire,Évapotranspiration Horaire,mm/h,0.0
2025-12-13 11:00:02,Pression atmosphérique,Pression atmosphérique,mm/j,1020.3
2025-12-13 11:00:02,Rayonnement solaire,Rayonnement solaire,W/m²,395.0
2025-12-13 11:00:02,Point de Rosée,Point de Rosée,°C,15.2
2025-12-13 11:00:02,Humidité relative,Humidité relative,%,93.2
2025-12-13 11:00:02,Température,Température,°C,16.3
2025-12-13 11:00:02,Vitesse du vent,Vitesse du vent,m/s,0.62
2025-12-13 09:00:02,Point de Rosée,Point de Rosée,°C,12.5
2025-12-13 09:00:02,Pression atmosphérique,Pression atmosphérique,mm/j,1019.7
2025-12-13 09:00:02,Évapotranspiration journalière,Évapotranspiration journalière,mm/j,0.0
2025-12-13 09:00:02,Évapotranspiration Horaire,Évapotranspiration Horaire,mm/h,0.0
2025-12-13 09:00:02,Rayonnement solaire,Rayonnement solaire,W/m²,180.0
2025-12-13 09:00:02,Humidité relative,Humidité relative,%,100.0
2025-12-13 09:00:02,Température,Température,°C,12.5
2025-12-13 09:00:02,Direction du vent,Direction du vent,Deg,45.8
2025-12-13 09:00:02,Vitesse du vent,Vitesse du vent,m/s,0.15
2025-12-13 08:00:02,Évapotranspiration Horaire,Évapotranspiration Horaire,mm/h,0.0
2025-12-13 08:00:02,Humidité relative,Humidité relative,%,100.0
2025-12-13 08:00:02,Rayonnement solaire,Rayonnement solaire,W/m²,36.0
2025-12-13 08:00:02,Température,Température,°C,9.2
2025-12-13 08:00:02,Évapotranspiration journalière,Évapotranspiration journalière,mm/j,0.0
2025-12-13 08:00:02,Direction du vent,Direction du vent,Deg,11.1
2025-12-13 08:00:02,Pression atmosphérique,Pression atmosphérique,mm/j,1019.2
2025-12-13 08:00:02,Vitesse du vent,Vitesse du vent,m/s,0.42
2025-12-13 08:00:02,Point de Rosée,Point de Rosée,°C,9.2
2025-12-13 07:00:02,Température,Température,°C,11.2
2025-12-13 07:00:02,Évapotranspiration journalière,Évapotranspiration journalière,mm/j,0.0
2025-12-13 07:00:02,Évapotranspiration Horaire,Évapotranspiration Horaire,mm/h,0.0
2025-12-13 07:00:02,Pression atmosphérique,Pression atmosphérique,mm/j,1018.4
2025-12-13 07:00:02,Rayonnement solaire,Rayonnement solaire,W/m²,0.0
2025-12-13 07:00:02,Point de Rosée,Point de Rosée,°C,11.2
2025-12-13 07:00:02,Humidité relative,Humidité relative,%,100.0
2025-12-13 07:00:02,Direction du vent,Direction du vent,Deg,288.9
2025-12-13 07:00:02,Vitesse du vent,Vitesse du vent,m/s,1.83
2025-12-13 05:00:02,Évapotranspiration journalière,Évapotranspiration journalière,mm/j,0.0
2025-12-13 05:00:02,Évapotranspiration Horaire,Évapotranspiration Horaire,mm/h,0.0
2025-12-13 05:00:02,Pression atmosphérique,Pression atmosphérique,mm/j,1017.5
2025-12-13 05:00:02,Rayonnement solaire,Rayonnement solaire,W/m²,0.0
2025-12-13 05:00:02,Point de Rosée,Point de Rosée,°C,11.4
2025-12-13 05:00:02,Humidité relative,Humidité relative,%,100.0
2025-12-13 05:00:02,Température,Température,°C,11.4
2025-12-13 05:00:02,Direction du vent,Direction du vent,Deg,279.0
2025-12-13 05:00:02,Vitesse du vent,Vitesse du vent,m/s,1.69
2025-12-13 04:00:02,Pression atmosphérique,Pression atmosphérique,mm/j,1017.5
2025-12-13 04:00:02,Évapotranspiration journalière,Évapotranspiration journalière,mm/j,0.0
2025-12-13 04:00:02,Évapotranspiration Horaire,Évapotranspiration Horaire,mm/h,0.0
2025-12-13 04:00:02,Rayonnement solaire,Rayonnement solaire,W/m²,0.0
2025-12-13 04:00:02,Point de Rosée,Point de Rosée,°C,10.2
2025-12-13 04:00:02,Humidité relative,Humidité relative,%,100.0
2025-12-13 04:00:02,Température,Température,°C,10.2
2025-12-13 04:00:02,Direction du vent,Direction du vent,Deg,181.4
2025-12-13 04:00:02,Vitesse du vent,Vitesse du vent,m/s,0.7
2025-12-13 03:00:02,Rayonnement solaire,Rayonnement solaire,W/m²,0.0
2025-12-13 03:00:02,Humidité relative,Humidité relative,%,100.0
2025-12-13 03:00:02,Pression atmosphérique,Pression atmosphérique,mm/j,1017.5
2025-12-13 03:00:02,Température,Température,°C,11.2
2025-12-13 03:00:02,Point de Rosée,Point de Rosée,°C,11.2
2025-12-13 03:00:02,Évapotranspiration journalière,Évapotranspiration journalière,mm/j,0.0
2025-12-13 03:00:02,Direction du vent,Direction du vent,Deg,256.7
2025-12-13 03:00:02,Évapotranspiration Horaire,Évapotranspiration Horaire,mm/h,0.0
2025-12-13 03:00:02,Vitesse du vent,Vitesse du vent,m/s,0.4
2025-12-13 01:00:02,Évapotranspiration journalière,Évapotranspiration journalière,mm/j,0.0
2025-12-13 01:00:02,Évapotranspiration Horaire,Évapotranspiration Horaire,mm/h,0.0
2025-12-13 01:00:02,Pression atmosphérique,Pression atmosphérique,mm/j,1017.2
2025-12-13 01:00:02,Rayonnement solaire,Rayonnement solaire,W/m²,0.0
2025-12-13 01:00:02,Point de Rosée,Point de Rosée,°C,11.5
2025-12-13 01:00:02,Humidité relative,Humidité relative,%,100.0
2025-12-13 01:00:02,Température,Température,°C,11.5
2025-12-13 01:00:02,Direction du vent,Direction du vent,Deg,274.2
2025-12-13 01:00:02,Vitesse du vent,Vitesse du vent,m/s,1.52
2025-12-12 23:00:02,Évapotranspiration journalière,Évapotranspiration journalière,mm/j,0.0
2025-12-12 23:00:02,Évapotranspiration Horaire,Évapotranspiration Horaire,mm/h,0.0
2025-12-12 23:00:02,Pression atmosphérique,Pression atmosphérique,mm/j,1017.5
2025-12-12 23:00:02,Rayonnement solaire,Rayonnement solaire,W/m²,0.0
2025-12-12 23:00:02,Point de Rosée,Point de Rosée,°C,12.6
2025-12-12 23:00:02,Humidité relative,Humidité relative,%,100.0
2025-12-12 23:00:02,Température,Température,°C,12.6
2025-12-12 23:00:02,Direction du vent,Direction du vent,Deg,296.5
2025-12-12 23:00:02,Vitesse du vent,Vitesse du vent,m/s,1.68
2025-12-12 21:00:02,Point de Rosée,Point de Rosée,°C,12.9
2025-12-12 21:00:02,Évapotranspiration journalière,Évapotranspiration journalière,mm/j,0.0
2025-12-12 21:00:02,Évapotranspiration Horaire,Évapotranspiration Horaire,mm/h,0.0
2025-12-12 21:00:02,Pression atmosphérique,Pression atmosphérique,mm/j,1016.8
2025-12-12 21:00:02,Rayonnement solaire,Rayonnement solaire,W/m²,0.0
2025-12-12 21:00:02,Humidité relative,Humidité relative,%,100.0
2025-12-12 21:00:02,Température,Température,°C,12.9
2025-12-12 21:00:02,Direction du vent,Direction du vent,Deg,295.7
2025-12-12 21:00:02,Vitesse du vent,Vitesse du vent,m/s,1.94
2025-12-12 20:00:02,Évapotranspiration Horaire,Évapotranspiration Horaire,mm/h,0.0
2025-12-12 20:00:02,Humidité relative,Humidité relative,%,100.0
2025-12-12 20:00:02,Rayonnement solaire,Rayonnement solaire,W/m²,0.0
2025-12-12 20:00:02,Température,Température,°C,13.2
2025-12-12 20:00:02,Évapotranspiration journalière,Évapotranspiration journalière,mm/j,0.0
2025-12-12 20:00:02,Direction du vent,Direction du vent,Deg,293.7
2025-12-12 20:00:02,Pression atmosphérique,Pression atmosphérique,mm/j,1016.5
2025-12-12 20:00:02,Vitesse du vent,Vitesse du vent,m/s,1.81
2025-12-12 20:00:02,Point de Rosée,Point de Rosée,°C,13.2
2025-12-12 19:00:02,Température,Température,°C,14.9
2025-12-12 19:00:02,Évapotranspiration journalière,Évapotranspiration journalière,mm/j,0.0
2025-12-12 19:00:02,Évapotranspiration Horaire,Évapotranspiration Horaire,mm/h,0.0
2025-12-12 19:00:02,Pression atmosphérique,Pression atmosphérique,mm/j,1016.1
2025-12-12 19:00:02,Rayonnement solaire,Rayonnement solaire,W/m²,0.0
2025-12-12 19:00:02,Point de Rosée,Point de Rosée,°C,14.7
2025-12-12 19:00:02,Humidité relative,Humidité relative,%,98.6
2025-12-12 19:00:02,Direction du vent,Direction du vent,Deg,68.3
2025-12-12 19:00:02,Vitesse du vent,Vitesse du vent,m/s,1.18
2025-12-12 18:00:02,Évapotranspiration journalière,Évapotranspiration journalière,mm/j,0.0
2025-12-12 18:00:02,Vitesse du vent,Vitesse du vent,m/s,1.12
2025-12-12 18:00:02,Direction du vent,Direction du vent,Deg,50.3
2025-12-12 18:00:02,Évapotranspiration Horaire,Évapotranspiration Horaire,mm/h,0.0
2025-12-12 18:00:02,Pression atmosphérique,Pression atmosphérique,mm/j,1015.5
2025-12-12 18:00:02,Rayonnement solaire,Rayonnement solaire,W/m²,0.0
2025-12-12 18:00:02,Température,Température,°C,15.1
2025-12-12 18:00:02,Point de Rosée,Point de Rosée,°C,13.2
2025-12-12 18:00:02,Humidité relative,Humidité relative,%,88.8
2025-12-12 17:00:02,Humidité relative,Humidité relative,%,82.9
2025-12-12 17:00:02,Vitesse du vent,Vitesse du vent,m/s,3.9
2025-12-12 17:00:02,Direction du vent,Direction du vent,Deg,54.1
2025-12-12 17:00:02,Température,Température,°C,16.3
2025-12-12 17:00:02,Point de Rosée,Point de Rosée,°C,13.4
2025-12-12 17:00:02,Rayonnement solaire,Rayonnement solaire,W/m²,5.0
2025-12-12 17:00:02,Pression atmosphérique,Pression atmosphérique,mm/j,1015.1
2025-12-12 17:00:02,Évapotranspiration Horaire,Évapotranspiration Horaire,mm/h,0.0
2025-12-12 17:00:02,Évapotranspiration journalière,Évapotranspiration journalière,mm/j,0.0
2025-12-12 15:00:02,Évapotranspiration journalière,Évapotranspiration journalière,mm/j,0.0
2025-12-12 15:00:02,Humidité relative,Humidité relative,%,66.4
2025-12-12 15:00:02,Point de Rosée,Point de Rosée,°C,12.7
2025-12-12 15:00:02,Température,Température,°C,19.1
2025-12-12 15:00:02,Évapotranspiration Horaire,Évapotranspiration Horaire,mm/h,0.0
2025-12-12 15:00:02,Rayonnement solaire,Rayonnement solaire,W/m²,185.0
2025-12-12 15:00:02,Direction du vent,Direction du vent,Deg,116.5
2025-12-12 15:00:02,Pression atmosphérique,Pression atmosphérique,mm/j,1014.7
2025-12-12 15:00:02,Vitesse du vent,Vitesse du vent,m/s,1.66
2025-12-12 13:00:02,Évapotranspiration journalière,Évapotranspiration journalière,mm/j,0.0
2025-12-12 13:00:02,Évapotranspiration Horaire,Évapotranspiration Horaire,mm/h,0.0
2025-12-12 13:00:02,Pression atmosphérique,Pression atmosphérique,mm/j,1015.5
2025-12-12 13:00:02,Rayonnement solaire,Rayonnement solaire,W/m²,351.0
2025-12-12 13:00:02,Point de Rosée,Point de Rosée,°C,13.5
2025-12-12 13:00:02,Humidité relative,Humidité relative,%,76.7
2025-12-12 13:00:02,Température,Température,°C,17.7
2025-12-12 13:00:02,Direction du vent,Direction du vent,Deg,62.1
2025-12-12 13:00:02,Vitesse du vent,Vitesse du vent,m/s,3.31
2025-12-12 11:00:02,Point de Rosée,Point de Rosée,°C,15.3
2025-12-12 11:00:02,Évapotranspiration journalière,Évapotranspiration journalière,mm/j,0.0
2025-12-12 11:00:02,Évapotranspiration Horaire,Évapotranspiration Horaire,mm/h,0.0
2025-12-12 11:00:02,Pression atmosphérique,Pression atmosphérique,mm/j,1017.3
2025-12-12 11:00:02,Rayonnement solaire,Rayonnement solaire,W/m²,443.0
2025-12-12 11:00:02,Humidité relative,Humidité relative,%,100.0
2025-12-12 11:00:02,Température,Température,°C,15.3
2025-12-12 11:00:02,Direction du vent,Direction du vent,Deg,103.5
2025-12-12 11:00:02,Vitesse du vent,Vitesse du vent,m/s,0.32
2025-12-12 09:00:02,Évapotranspiration journalière,Évapotranspiration journalière,mm/j,0.0
2025-12-12 09:00:02,Évapotranspiration Horaire,Évapotranspiration Horaire,mm/h,0.0
2025-12-12 09:00:02,Pression atmosphérique,Pression atmosphérique,mm/j,1017.3
2025-12-12 09:00:02,Rayonnement solaire,Rayonnement solaire,W/m²,217.0
2025-12-12 09:00:02,Point de Rosée,Point de Rosée,°C,12.5
2025-12-12 09:00:02,Humidité relative,Humidité relative,%,100.0
2025-12-12 09:00:02,Température,Température,°C,12.5
2025-12-12 09:00:02,Direction du vent,Direction du vent,Deg,158.6
2025-12-12 09:00:02,Vitesse du vent,Vitesse du vent,m/s,0.49
2025-12-12 08:00:02,Évapotranspiration journalière,Évapotranspiration journalière,mm/j,0.0
2025-12-12 08:00:02,Vitesse du vent,Vitesse du vent,m/s,0.3
2025-12-12 08:00:02,Évapotranspiration Horaire,Évapotranspiration Horaire,mm/h,0.0
2025-12-12 08:00:02,Direction du vent,Direction du vent,Deg,301.8
2025-12-12 08:00:02,Pression atmosphérique,Pression atmosphérique,mm/j,1016.8
2025-12-12 08:00:02,Température,Température,°C,11.8
2025-12-12 08:00:02,Rayonnement solaire,Rayonnement solaire,W/m²,17.0
2025-12-12 08:00:02,Humidité relative,Humidité relative,%,100.0
2025-12-12 08:00:02,Point de Rosée,Point de Rosée,°C,11.8
2025-12-12 07:00:02,Point de Rosée,Point de Rosée,°C,9.9
2025-12-12 07:00:02,Évapotranspiration journalière,Évapotranspiration journalière,mm/j,0.0
2025-12-12 07:00:02,Évapotranspiration Horaire,Évapotranspiration Horaire,mm/h,0.0
2025-12-12 07:00:02,Pression atmosphérique,Pression atmosphérique,mm/j,1016.6
2025-12-12 07:00:02,Rayonnement solaire,Rayonnement solaire,W/m²,0.0
2025-12-12 07:00:02,Humidité relative,Humidité relative,%,100.0
2025-12-12 07:00:02,Température,Température,°C,9.9
2025-12-12 07:00:02,Direction du vent,Direction du vent,Deg,238.2
2025-12-12 07:00:02,Vitesse du vent,Vitesse du vent,m/s,0.33
2025-12-12 06:00:02,Évapotranspiration Horaire,Évapotranspiration Horaire,mm/h,0.0
2025-12-12 06:00:02,Humidité relative,Humidité relative,%,100.0
2025-12-12 06:00:02,Rayonnement solaire,Rayonnement solaire,W/m²,0.0
2025-12-12 06:00:02,Température,Température,°C,9.6
2025-12-12 06:00:02,Pression atmosphérique,Pression atmosphérique,mm/j,1016.5
2025-12-12 06:00:02,Direction du vent,Direction du vent,Deg,232.3
2025-12-12 06:00:02,Point de Rosée,Point de Rosée,°C,9.6
2025-12-12 06:00:02,Vitesse du vent,Vitesse du vent,m/s,0.42
2025-12-12 06:00:02,Évapotranspiration journalière,Évapotranspiration journalière,mm/j,0.0
2025-12-12 05:00:02,Vitesse du vent,Vitesse du vent,m/s,0.49
2025-12-12 05:00:02,Évapotranspiration journalière,Évapotranspiration journalière,mm/j,0.0
2025-12-12 05:00:02,Évapotranspiration Horaire,Évapotranspiration Horaire,mm/h,0.0
2025-12-12 05:00:02,Pression atmosphérique,Pression atmosphérique,mm/j,1016.3
2025-12-12 05:00:02,Rayonnement solaire,Rayonnement solaire,W/m²,0.0
2025-12-12 05:00:02,Point de Rosée,Point de Rosée,°C,11.5
2025-12-12 05:00:02,Humidité relative,Humidité relative,%,100.0
2025-12-12 05:00:02,Température,Température,°C,11.5
2025-12-12 05:00:02,Direction du vent,Direction du vent,Deg,97.8
2025-12-12 03:00:02,Évapotranspiration journalière,Évapotranspiration journalière,mm/j,0.0
2025-12-12 03:00:02,Évapotranspiration Horaire,Évapotranspiration Horaire,mm/h,0.0
2025-12-12 03:00:02,Pression atmosphérique,Pression atmosphérique,mm/j,1016.9
2025-12-12 03:00:02,Rayonnement solaire,Rayonnement solaire,W/m²,0.0
2025-12-12 03:00:02,Point de Rosée,Point de Rosée,°C,12.3
2025-12-12 03:00:02,Humidité relative,Humidité relative,%,100.0
2025-12-12 03:00:02,Température,Température,°C,12.3
2025-12-12 03:00:02,Direction du vent,Direction du vent,Deg,275.1
2025-12-12 03:00:02,Vitesse du vent,Vitesse du vent,m/s,0.22
2025-12-12 01:00:02,Évapotranspiration journalière,Évapotranspiration journalière,mm/j,0.0
2025-12-12 01:00:02,Évapotranspiration Horaire,Évapotranspiration Horaire,mm/h,0.0
2025-12-12 01:00:02,Pression atmosphérique,Pression atmosphérique,mm/j,1017.3
2025-12-12 01:00:02,Rayonnement solaire,Rayonnement solaire,W/m²,0.0
2025-12-12 01:00:02,Point de Rosée,Point de Rosée,°C,13.2
2025-12-12 01:00:02,Humidité relative,Humidité relative,%,100.0
2025-12-12 01:00:02,Température,Température,°C,13.2
2025-12-12 01:00:02,Direction du vent,Direction du vent,Deg,211.7
2025-12-12 01:00:02,Vitesse du vent,Vitesse du vent,m/s,0.65
2025-12-12 00:00:02,Évapotranspiration journalière,Évapotranspiration journalière,mm/j,0.0
2025-12-12 00:00:02,Évapotranspiration Horaire,Évapotranspiration Horaire,mm/h,0.0
2025-12-12 00:00:02,Pression atmosphérique,Pression atmosphérique,mm/j,1017.7
2025-12-12 00:00:02,Rayonnement solaire,Rayonnement solaire,W/m²,0.0
2025-12-12 00:00:02,Point de Rosée,Point de Rosée,°C,12.5
2025-12-12 00:00:02,Humidité relative,Humidité relative,%,100.0
2025-12-12 00:00:02,Température,Température,°C,12.5
2025-12-12 00:00:02,Direction du vent,Direction du vent,Deg,289.2
2025-12-12 00:00:02,Vitesse du vent,Vitesse du vent,m/s,0.94
2025-12-11 23:00:02,Température,Température,°C,13.0
2025-12-11 23:00:02,Pression atmosphérique,Pression atmosphérique,mm/j,1018.0
2025-12-11 23:00:02,Évapotranspiration Horaire,Évapotranspiration Horaire,mm/h,0.0
2025-12-11 23:00:02,Humidité relative,Humidité relative,%,100.0
2025-12-11 23:00:02,Direction du vent,Direction du vent,Deg,264.9
2025-12-11 23:00:02,Point de Rosée,Point de Rosée,°C,13.0
2025-12-11 23:00:02,Évapotranspiration journalière,Évapotranspiration journalière,mm/j,0.0
2025-12-11 23:00:02,Rayonnement solaire,Rayonnement solaire,W/m²,0.0
2025-12-11 23:00:02,Vitesse du vent,Vitesse du vent,m/s,0.49
2025-12-11 21:00:02,Évapotranspiration journalière,Évapotranspiration journalière,mm/j,0.0
2025-12-11 21:00:02,Évapotranspiration Horaire,Évapotranspiration Horaire,mm/h,0.0
2025-12-11 21:00:02,Pression atmosphérique,Pression atmosphérique,mm/j,1018.1
2025-12-11 21:00:02,Rayonnement solaire,Rayonnement solaire,W/m²,0.0
2025-12-11 21:00:02,Point de Rosée,Point de Rosée,°C,13.4
2025-12-11 21:00:02,Humidité relative,Humidité relative,%,100.0
2025-12-11 21:00:02,Température,Température,°C,13.4
2025-12-11 21:00:02,Direction du vent,Direction du vent,Deg,296.0
2025-12-11 21:00:02,Vitesse du vent,Vitesse du vent,m/s,1.02
2025-12-11 19:00:02,Évapotranspiration journalière,Évapotranspiration journalière,mm/j,0.0
2025-12-11 19:00:02,Évapotranspiration Horaire,Évapotranspiration Horaire,mm/h,0.0
2025-12-11 19:00:02,Pression atmosphérique,Pression atmosphérique,mm/j,1017.9
2025-12-11 19:00:02,Rayonnement solaire,Rayonnement solaire,W/m²,0.0
2025-12-11 19:00:02,Point de Rosée,Point de Rosée,°C,13.7
2025-12-11 19:00:02,Humidité relative,Humidité relative,%,89.6
2025-12-11 19:00:02,Température,Température,°C,15.4
2025-12-11 19:00:02,Direction du vent,Direction du vent,Deg,33.8
2025-12-11 19:00:02,Vitesse du vent,Vitesse du vent,m/s,1.46
2025-12-11 18:00:02,Évapotranspiration journalière,Évapotranspiration journalière,mm/j,0.0
2025-12-11 18:00:02,Vitesse du vent,Vitesse du vent,m/s,1.26
2025-12-11 18:00:02,Évapotranspiration Horaire,Évapotranspiration Horaire,mm/h,0.0
2025-12-11 18:00:02,Direction du vent,Direction du vent,Deg,63.6
2025-12-11 18:00:02,Pression atmosphérique,Pression atmosphérique,mm/j,1017.6
2025-12-11 18:00:02,Température,Température,°C,15.6
2025-12-11 18:00:02,Rayonnement solaire,Rayonnement solaire,W/m²,0.0
2025-12-11 18:00:02,Humidité relative,Humidité relative,%,88.4
2025-12-11 18:00:02,Point de Rosée,Point de Rosée,°C,13.7
2025-12-11 17:00:02,Évapotranspiration Horaire,Évapotranspiration Horaire,mm/h,0.0
2025-12-11 17:00:02,Évapotranspiration journalière,Évapotranspiration journalière,mm/j,0.0
2025-12-11 17:00:02,Pression atmosphérique,Pression atmosphérique,mm/j,1016.9
2025-12-11 17:00:02,Rayonnement solaire,Rayonnement solaire,W/m²,3.0
2025-12-11 17:00:02,Point de Rosée,Point de Rosée,°C,13.6
2025-12-11 17:00:02,Humidité relative,Humidité relative,%,85.0
2025-12-11 17:00:02,Température,Température,°C,16.1
2025-12-11 17:00:02,Direction du vent,Direction du vent,Deg,47.4
2025-12-11 17:00:02,Vitesse du vent,Vitesse du vent,m/s,1.91
2025-12-11 15:00:02,Humidité relative,Humidité relative,%,80.3
2025-12-11 15:00:02,Évapotranspiration Horaire,Évapotranspiration Horaire,mm/h,0.0
2025-12-11 15:00:02,Direction du vent,Direction du vent,Deg,50.0
2025-12-11 15:00:02,Pression atmosphérique,Pression atmosphérique,mm/j,1016.6
2025-12-11 15:00:02,Température,Température,°C,17.7
2025-12-11 15:00:02,Rayonnement solaire,Rayonnement solaire,W/m²,234.0
2025-12-11 15:00:02,Vitesse du vent,Vitesse du vent,m/s,2.65
2025-12-11 15:00:02,Point de Rosée,Point de Rosée,°C,14.2
2025-12-11 15:00:02,Évapotranspiration journalière,Évapotranspiration journalière,mm/j,0.0
2025-12-11 14:00:02,Point de Rosée,Point de Rosée,°C,17.2
2025-12-11 14:00:02,Humidité relative,Humidité relative,%,100.0
2025-12-11 14:00:02,Température,Température,°C,17.2
2025-12-11 14:00:02,Direction du vent,Direction du vent,Deg,8.2
2025-12-11 14:00:02,Vitesse du vent,Vitesse du vent,m/s,0.88
2025-12-11 14:00:02,Évapotranspiration journalière,Évapotranspiration journalière,mm/j,0.0
2025-12-11 14:00:02,Évapotranspiration Horaire,Évapotranspiration Horaire,mm/h,0.0
2025-12-11 14:00:02,Pression atmosphérique,Pression atmosphérique,mm/j,1016.8
2025-12-11 14:00:02,Rayonnement solaire,Rayonnement solaire,W/m²,469.0
2025-12-11 13:00:02,Point de Rosée,Point de Rosée,°C,16.3
2025-12-11 13:00:02,Évapotranspiration journalière,Évapotranspiration journalière,mm/j,0.0
2025-12-11 13:00:02,Évapotranspiration Horaire,Évapotranspiration Horaire,mm/h,0.0
2025-12-11 13:00:02,Pression atmosphérique,Pression atmosphérique,mm/j,1017.4
2025-12-11 13:00:02,Rayonnement solaire,Rayonnement solaire,W/m²,465.0
2025-12-11 13:00:02,Humidité relative,Humidité relative,%,100.0
2025-12-11 13:00:02,Température,Température,°C,16.3
2025-12-11 13:00:02,Direction du vent,Direction du vent,Deg,60.2
2025-12-11 13:00:02,Vitesse du vent,Vitesse du vent,m/s,1.52
2025-12-11 11:00:02,Évapotranspiration journalière,Évapotranspiration journalière,mm/j,0.0
2025-12-11 11:00:02,Vitesse du vent,Vitesse du vent,m/s,0.55
2025-12-11 11:00:02,Évapotranspiration Horaire,Évapotranspiration Horaire,mm/h,0.0
2025-12-11 11:00:02,Direction du vent,Direction du vent,Deg,36.9
2025-12-11 11:00:02,Pression atmosphérique,Pression atmosphérique,mm/j,1018.9
2025-12-11 11:00:02,Température,Température,°C,12.9
2025-12-11 11:00:02,Rayonnement solaire,Rayonnement solaire,W/m²,372.0
2025-12-11 11:00:02,Humidité relative,Humidité relative,%,100.0
2025-12-11 11:00:02,Point de Rosée,Point de Rosée,°C,12.9
2025-12-11 09:00:02,Évapotranspiration journalière,Évapotranspiration journalière,mm/j,0.0
2025-12-11 09:00:02,Évapotranspiration Horaire,Évapotranspiration Horaire,mm/h,0.0
2025-12-11 09:00:02,Pression atmosphérique,Pression atmosphérique,mm/j,1019.2
2025-12-11 09:00:02,Rayonnement solaire,Rayonnement solaire,W/m²,88.0
2025-12-11 09:00:02,Point de Rosée,Point de Rosée,°C,10.6
2025-12-11 09:00:02,Humidité relative,Humidité relative,%,100.0
2025-12-11 09:00:02,Température,Température,°C,10.6
2025-12-11 09:00:02,Direction du vent,Direction du vent,Deg,211.6
2025-12-11 09:00:02,Vitesse du vent,Vitesse du vent,m/s,0.29
2025-12-11 08:00:02,Évapotranspiration journalière,Évapotranspiration journalière,mm/j,0.0
2025-12-11 08:00:02,Humidité relative,Humidité relative,%,100.0
2025-12-11 08:00:02,Rayonnement solaire,Rayonnement solaire,W/m²,26.0
2025-12-11 08:00:02,Température,Température,°C,9.8
2025-12-11 08:00:02,Pression atmosphérique,Pression atmosphérique,mm/j,1019.0
2025-12-11 08:00:02,Direction du vent,Direction du vent,Deg,277.7
2025-12-11 08:00:02,Point de Rosée,Point de Rosée,°C,9.8
2025-12-11 08:00:02,Vitesse du vent,Vitesse du vent,m/s,0.48
2025-12-11 08:00:02,Évapotranspiration Horaire,Évapotranspiration Horaire,mm/h,0.0
2025-12-11 07:00:02,Vitesse du vent,Vitesse du vent,m/s,0.5
2025-12-11 07:00:02,Évapotranspiration Horaire,Évapotranspiration Horaire,mm/h,0.0
2025-12-11 07:00:02,Évapotranspiration journalière,Évapotranspiration journalière,mm/j,0.0
2025-12-11 07:00:02,Pression atmosphérique,Pression atmosphérique,mm/j,1018.9
2025-12-11 07:00:02,Rayonnement solaire,Rayonnement solaire,W/m²,0.0
2025-12-11 07:00:02,Point de Rosée,Point de Rosée,°C,9.8
2025-12-11 07:00:02,Humidité relative,Humidité relative,%,100.0
2025-12-11 07:00:02,Température,Température,°C,9.8
2025-12-11 07:00:02,Direction du vent,Direction du vent,Deg,127.4
2025-12-11 05:00:02,Évapotranspiration journalière,Évapotranspiration journalière,mm/j,0.0
2025-12-11 05:00:02,Évapotranspiration Horaire,Évapotranspiration Horaire,mm/h,0.0
2025-12-11 05:00:02,Pression atmosphérique,Pression atmosphérique,mm/j,1018.2
2025-12-11 05:00:02,Rayonnement solaire,Rayonnement solaire,W/m²,1.0
2025-12-11 05:00:02,Point de Rosée,Point de Rosée,°C,8.6
2025-12-11 05:00:02,Humidité relative,Humidité relative,%,100.0
2025-12-11 05:00:02,Température,Température,°C,8.6
2025-12-11 05:00:02,Direction du vent,Direction du vent,Deg,287.7
2025-12-11 05:00:02,Vitesse du vent,Vitesse du vent,m/s,0.2
2025-12-11 03:00:02,Évapotranspiration journalière,Évapotranspiration journalière,mm/j,0.0
2025-12-11 03:00:02,Évapotranspiration Horaire,Évapotranspiration Horaire,mm/h,0.0
2025-12-11 03:00:02,Pression atmosphérique,Pression atmosphérique,mm/j,1018.5
2025-12-11 03:00:02,Rayonnement solaire,Rayonnement solaire,W/m²,0.0
2025-12-11 03:00:02,Point de Rosée,Point de Rosée,°C,9.9
2025-12-11 03:00:02,Humidité relative,Humidité relative,%,100.0
2025-12-11 03:00:02,Température,Température,°C,9.9
2025-12-11 03:00:02,Direction du vent,Direction du vent,Deg,43.7
2025-12-11 03:00:02,Vitesse du vent,Vitesse du vent,m/s,0.71
2025-12-11 01:00:02,Point de Rosée,Point de Rosée,°C,10.7
2025-12-11 01:00:02,Évapotranspiration journalière,Évapotranspiration journalière,mm/j,0.0
2025-12-11 01:00:02,Évapotranspiration Horaire,Évapotranspiration Horaire,mm/h,0.0
2025-12-11 01:00:02,Pression atmosphérique,Pression atmosphérique,mm/j,1019.0
2025-12-11 01:00:02,Rayonnement solaire,Rayonnement solaire,W/m²,0.0
2025-12-11 01:00:02,Humidité relative,Humidité relative,%,100.0
2025-12-11 01:00:02,Température,Température,°C,10.7
2025-12-11 01:00:02,Direction du vent,Direction du vent,Deg,346.6
2025-12-11 01:00:02,Vitesse du vent,Vitesse du vent,m/s,0.27
2025-12-10 23:00:02,Vitesse du vent,Vitesse du vent,m/s,0.32
2025-12-10 23:00:02,Direction du vent,Direction du vent,Deg,283.2
2025-12-10 23:00:02,Température,Température,°C,12.1
2025-12-10 23:00:02,Humidité relative,Humidité relative,%,100.0
2025-12-10 23:00:02,Point de Rosée,Point de Rosée,°C,12.1
2025-12-10 23:00:02,Rayonnement solaire,Rayonnement solaire,W/m²,0.0
2025-12-10 23:00:02,Pression atmosphérique,Pression atmosphérique,mm/j,1019.4
2025-12-10 23:00:02,Évapotranspiration Horaire,Évapotranspiration Horaire,mm/h,0.0
2025-12-10 23:00:02,Évapotranspiration journalière,Évapotranspiration journalière,mm/j,0.0
2025-12-10 21:00:02,Vitesse du vent,Vitesse du vent,m/s,0.7
2025-12-10 21:00:02,Direction du vent,Direction du vent,Deg,52.9
2025-12-10 21:00:02,Température,Température,°C,12.7
2025-12-10 21:00:02,Humidité relative,Humidité relative,%,100.0
2025-12-10 21:00:02,Point de Rosée,Point de Rosée,°C,12.7
2025-12-10 21:00:02,Rayonnement solaire,Rayonnement solaire,W/m²,0.0
2025-12-10 21:00:02,Pression atmosphérique,Pression atmosphérique,mm/j,1019.4
2025-12-10 21:00:02,Évapotranspiration Horaire,Évapotranspiration Horaire,mm/h,0.0
2025-12-10 21:00:02,Évapotranspiration journalière,Évapotranspiration journalière,mm/j,0.0
2025-12-10 19:00:02,Vitesse du vent,Vitesse du vent,m/s,1.18
2025-12-10 19:00:02,Direction du vent,Direction du vent,Deg,281.8
2025-12-10 19:00:02,Température,Température,°C,13.0
2025-12-10 19:00:02,Humidité relative,Humidité relative,%,100.0
2025-12-10 19:00:02,Point de Rosée,Point de Rosée,°C,13.0
2025-12-10 19:00:02,Rayonnement solaire,Rayonnement solaire,W/m²,0.0
2025-12-10 19:00:02,Pression atmosphérique,Pression atmosphérique,mm/j,1019.0
2025-12-10 19:00:02,Évapotranspiration Horaire,Évapotranspiration Horaire,mm/h,0.0
2025-12-10 19:00:02,Évapotranspiration journalière,Évapotranspiration journalière,mm/j,0.0
2025-12-10 18:00:02,Vitesse du vent,Vitesse du vent,m/s,0.92
2025-12-10 18:00:02,Direction du vent,Direction du vent,Deg,295.5
2025-12-10 18:00:02,Température,Température,°C,14.1
2025-12-10 18:00:02,Humidité relative,Humidité relative,%,100.0
2025-12-10 18:00:02,Point de Rosée,Point de Rosée,°C,14.1
2025-12-10 18:00:02,Rayonnement solaire,Rayonnement solaire,W/m²,0.0
2025-12-10 18:00:02,Pression atmosphérique,Pression atmosphérique,mm/j,1018.5
2025-12-10 18:00:02,Évapotranspiration Horaire,Évapotranspiration Horaire,mm/h,0.0
2025-12-10 18:00:02,Évapotranspiration journalière,Évapotranspiration journalière,mm/j,0.0
2025-12-10 17:00:02,Point de Rosée,Point de Rosée,°C,13.8
2025-12-10 17:00:02,Vitesse du vent,Vitesse du vent,m/s,0.77
2025-12-10 17:00:02,Direction du vent,Direction du vent,Deg,305.7
2025-12-10 17:00:02,Température,Température,°C,16.4
2025-12-10 17:00:02,Humidité relative,Humidité relative,%,84.8
2025-12-10 17:00:02,Rayonnement solaire,Rayonnement solaire,W/m²,4.0
2025-12-10 17:00:02,Pression atmosphérique,Pression atmosphérique,mm/j,1018.1
2025-12-10 17:00:02,Évapotranspiration Horaire,Évapotranspiration Horaire,mm/h,0.0
2025-12-10 17:00:02,Évapotranspiration journalière,Évapotranspiration journalière,mm/j,0.0
2025-12-10 16:00:02,Vitesse du vent,Vitesse du vent,m/s,1.75
2025-12-10 16:00:02,Direction du vent,Direction du vent,Deg,72.3
2025-12-10 16:00:02,Température,Température,°C,17.7
2025-12-10 16:00:02,Humidité relative,Humidité relative,%,78.8
2025-12-10 16:00:02,Point de Rosée,Point de Rosée,°C,14.0
2025-12-10 16:00:02,Rayonnement solaire,Rayonnement solaire,W/m²,93.0
2025-12-10 16:00:02,Pression atmosphérique,Pression atmosphérique,mm/j,1017.7
2025-12-10 16:00:02,Évapotranspiration Horaire,Évapotranspiration Horaire,mm/h,0.0
2025-12-10 16:00:02,Évapotranspiration journalière,Évapotranspiration journalière,mm/j,0.0
2025-12-10 15:00:02,Vitesse du vent,Vitesse du vent,m/s,2.35
2025-12-10 15:00:02,Direction du vent,Direction du vent,Deg,84.7
2025-12-10 15:00:02,Température,Température,°C,18.0
2025-12-10 15:00:02,Humidité relative,Humidité relative,%,77.3
2025-12-10 15:00:02,Point de Rosée,Point de Rosée,°C,14.0
2025-12-10 15:00:02,Rayonnement solaire,Rayonnement solaire,W/m²,228.0
2025-12-10 15:00:02,Pression atmosphérique,Pression atmosphérique,mm/j,1017.3
2025-12-10 15:00:02,Évapotranspiration Horaire,Évapotranspiration Horaire,mm/h,0.0
2025-12-10 15:00:02,Évapotranspiration journalière,Évapotranspiration journalière,mm/j,0.0
2025-12-10 13:00:02,Vitesse du vent,Vitesse du vent,m/s,0.91
2025-12-10 13:00:02,Direction du vent,Direction du vent,Deg,58.5
2025-12-10 13:00:02,Température,Température,°C,17.1
2025-12-10 13:00:02,Humidité relative,Humidité relative,%,96.5
2025-12-10 13:00:02,Point de Rosée,Point de Rosée,°C,16.5
2025-12-10 13:00:02,Rayonnement solaire,Rayonnement solaire,W/m²,429.0
2025-12-10 13:00:02,Pression atmosphérique,Pression atmosphérique,mm/j,1018.0
2025-12-10 13:00:02,Évapotranspiration Horaire,Évapotranspiration Horaire,mm/h,0.0
2025-12-10 13:00:02,Évapotranspiration journalière,Évapotranspiration journalière,mm/j,0.0
2025-12-10 12:00:02,Vitesse du vent,Vitesse du vent,m/s,1.17
2025-12-10 12:00:02,Direction du vent,Direction du vent,Deg,147.3
2025-12-10 12:00:02,Température,Température,°C,14.7
2025-12-10 12:00:02,Humidité relative,Humidité relative,%,100.0
2025-12-10 12:00:02,Point de Rosée,Point de Rosée,°C,14.7
2025-12-10 12:00:02,Rayonnement solaire,Rayonnement solaire,W/m²,450.0
2025-12-10 12:00:02,Pression atmosphérique,Pression atmosphérique,mm/j,1018.6
2025-12-10 12:00:02,Évapotranspiration Horaire,Évapotranspiration Horaire,mm/h,0.0
2025-12-10 12:00:02,Évapotranspiration journalière,Évapotranspiration journalière,mm/j,0.0
2025-12-10 11:00:02,Vitesse du vent,Vitesse du vent,m/s,1.3
2025-12-10 11:00:02,Direction du vent,Direction du vent,Deg,133.1
2025-12-10 11:00:02,Température,Température,°C,12.0
2025-12-10 11:00:02,Humidité relative,Humidité relative,%,100.0
2025-12-10 11:00:02,Point de Rosée,Point de Rosée,°C,12.0
2025-12-10 11:00:02,Rayonnement solaire,Rayonnement solaire,W/m²,377.0
2025-12-10 11:00:02,Pression atmosphérique,Pression atmosphérique,mm/j,1019.2
2025-12-10 11:00:02,Évapotranspiration Horaire,Évapotranspiration Horaire,mm/h,0.0
2025-12-10 11:00:02,Évapotranspiration journalière,Évapotranspiration journalière,mm/j,0.0
2025-12-10 09:00:02,Vitesse du vent,Vitesse du vent,m/s,0.92
2025-12-10 09:00:02,Direction du vent,Direction du vent,Deg,182.3
2025-12-10 09:00:02,Température,Température,°C,9.2
2025-12-10 09:00:02,Humidité relative,Humidité relative,%,100.0
2025-12-10 09:00:02,Point de Rosée,Point de Rosée,°C,9.2
2025-12-10 09:00:02,Rayonnement solaire,Rayonnement solaire,W/m²,157.0
2025-12-10 09:00:02,Pression atmosphérique,Pression atmosphérique,mm/j,1018.9
2025-12-10 09:00:02,Évapotranspiration Horaire,Évapotranspiration Horaire,mm/h,0.0
2025-12-10 09:00:02,Évapotranspiration journalière,Évapotranspiration journalière,mm/j,0.0
2025-12-10 07:00:02,Vitesse du vent,Vitesse du vent,m/s,0.05
2025-12-10 07:00:02,Direction du vent,Direction du vent,Deg,166.7
2025-12-10 07:00:02,Température,Température,°C,8.8
2025-12-10 07:00:02,Humidité relative,Humidité relative,%,100.0
2025-12-10 07:00:02,Point de Rosée,Point de Rosée,°C,8.8
2025-12-10 07:00:02,Rayonnement solaire,Rayonnement solaire,W/m²,0.0
2025-12-10 07:00:02,Pression atmosphérique,Pression atmosphérique,mm/j,1018.5
2025-12-10 07:00:02,Évapotranspiration Horaire,Évapotranspiration Horaire,mm/h,0.0
2025-12-10 07:00:02,Évapotranspiration journalière,Évapotranspiration journalière,mm/j,0.0
2025-12-10 05:00:02,Vitesse du vent,Vitesse du vent,m/s,0.45
2025-12-10 05:00:02,Direction du vent,Direction du vent,Deg,121.7
2025-12-10 05:00:02,Température,Température,°C,10.0
2025-12-10 05:00:02,Humidité relative,Humidité relative,%,100.0
2025-12-10 05:00:02,Point de Rosée,Point de Rosée,°C,10.0
2025-12-10 05:00:02,Rayonnement solaire,Rayonnement solaire,W/m²,0.0
2025-12-10 05:00:02,Pression atmosphérique,Pression atmosphérique,mm/j,1018.2
2025-12-10 05:00:02,Évapotranspiration Horaire,Évapotranspiration Horaire,mm/h,0.0
2025-12-10 05:00:02,Évapotranspiration journalière,Évapotranspiration journalière,mm/j,0.0
2025-12-10 04:00:02,Vitesse du vent,Vitesse du vent,m/s,0.7
2025-12-10 04:00:02,Direction du vent,Direction du vent,Deg,236.5
2025-12-10 04:00:02,Température,Température,°C,8.4
2025-12-10 04:00:02,Humidité relative,Humidité relative,%,100.0
2025-12-10 04:00:02,Point de Rosée,Point de Rosée,°C,8.4
2025-12-10 04:00:02,Rayonnement solaire,Rayonnement solaire,W/m²,0.0
2025-12-10 04:00:02,Pression atmosphérique,Pression atmosphérique,mm/j,1018.3
2025-12-10 04:00:02,Évapotranspiration Horaire,Évapotranspiration Horaire,mm/h,0.0
2025-12-10 04:00:02,Évapotranspiration journalière,Évapotranspiration journalière,mm/j,0.0
2025-12-10 03:00:02,Point de Rosée,Point de Rosée,°C,9.8
2025-12-10 03:00:02,Vitesse du vent,Vitesse du vent,m/s,0.58
2025-12-10 03:00:02,Direction du vent,Direction du vent,Deg,270.7
2025-12-10 03:00:02,Température,Température,°C,9.8
2025-12-10 03:00:02,Humidité relative,Humidité relative,%,100.0
2025-12-10 03:00:02,Rayonnement solaire,Rayonnement solaire,W/m²,0.0
2025-12-10 03:00:02,Pression atmosphérique,Pression atmosphérique,mm/j,1018.3
2025-12-10 03:00:02,Évapotranspiration Horaire,Évapotranspiration Horaire,mm/h,0.0
2025-12-10 03:00:02,Évapotranspiration journalière,Évapotranspiration journalière,mm/j,0.0
2025-12-10 01:00:02,Vitesse du vent,Vitesse du vent,m/s,0.36
2025-12-10 01:00:02,Direction du vent,Direction du vent,Deg,88.1
2025-12-10 01:00:02,Température,Température,°C,11.1
2025-12-10 01:00:02,Humidité relative,Humidité relative,%,100.0
2025-12-10 01:00:02,Point de Rosée,Point de Rosée,°C,11.1
2025-12-10 01:00:02,Rayonnement solaire,Rayonnement solaire,W/m²,0.0
2025-12-10 01:00:02,Pression atmosphérique,Pression atmosphérique,mm/j,1018.6
2025-12-10 01:00:02,Évapotranspiration Horaire,Évapotranspiration Horaire,mm/h,0.0
2025-12-10 01:00:02,Évapotranspiration journalière,Évapotranspiration journalière,mm/j,0.0
2025-12-09 23:00:02,Vitesse du vent,Vitesse du vent,m/s,1.07
2025-12-09 23:00:02,Direction du vent,Direction du vent,Deg,307.2
2025-12-09 23:00:02,Température,Température,°C,13.9
2025-12-09 23:00:02,Humidité relative,Humidité relative,%,100.0
2025-12-09 23:00:02,Point de Rosée,Point de Rosée,°C,13.9
2025-12-09 23:00:02,Rayonnement solaire,Rayonnement solaire,W/m²,0.0
2025-12-09 23:00:02,Pression atmosphérique,Pression atmosphérique,mm/j,1018.8
2025-12-09 23:00:02,Évapotranspiration Horaire,Évapotranspiration Horaire,mm/h,0.0
2025-12-09 23:00:02,Évapotranspiration journalière,Évapotranspiration journalière,mm/j,0.0
2025-12-09 22:00:02,Vitesse du vent,Vitesse du vent,m/s,1.28
2025-12-09 22:00:02,Direction du vent,Direction du vent,Deg,285.5
2025-12-09 22:00:02,Température,Température,°C,14.2
2025-12-09 22:00:02,Humidité relative,Humidité relative,%,100.0
2025-12-09 22:00:02,Point de Rosée,Point de Rosée,°C,14.2
2025-12-09 22:00:02,Rayonnement solaire,Rayonnement solaire,W/m²,0.0
2025-12-09 22:00:02,Pression atmosphérique,Pression atmosphérique,mm/j,1019.2
2025-12-09 22:00:02,Évapotranspiration Horaire,Évapotranspiration Horaire,mm/h,0.0
2025-12-09 22:00:02,Évapotranspiration journalière,Évapotranspiration journalière,mm/j,0.0
2025-12-09 21:00:02,Vitesse du vent,Vitesse du vent,m/s,1.37
2025-12-09 21:00:02,Direction du vent,Direction du vent,Deg,299.6
2025-12-09 21:00:02,Température,Température,°C,13.9
2025-12-09 21:00:02,Humidité relative,Humidité relative,%,100.0
2025-12-09 21:00:02,Point de Rosée,Point de Rosée,°C,13.9
2025-12-09 21:00:02,Rayonnement solaire,Rayonnement solaire,W/m²,0.0
2025-12-09 21:00:02,Pression atmosphérique,Pression atmosphérique,mm/j,1019.3
2025-12-09 21:00:02,Évapotranspiration Horaire,Évapotranspiration Horaire,mm/h,0.0
2025-12-09 21:00:02,Évapotranspiration journalière,Évapotranspiration journalière,mm/j,0.0
2025-12-09 19:00:02,Vitesse du vent,Vitesse du vent,m/s,0.97
2025-12-09 19:00:02,Direction du vent,Direction du vent,Deg,298.8
2025-12-09 19:00:02,Température,Température,°C,14.6
2025-12-09 19:00:02,Humidité relative,Humidité relative,%,89.2
2025-12-09 19:00:02,Point de Rosée,Point de Rosée,°C,12.8
2025-12-09 19:00:02,Rayonnement solaire,Rayonnement solaire,W/m²,0.0
2025-12-09 19:00:02,Pression atmosphérique,Pression atmosphérique,mm/j,1019.3
2025-12-09 19:00:02,Évapotranspiration Horaire,Évapotranspiration Horaire,mm/h,0.0
2025-12-09 19:00:02,Évapotranspiration journalière,Évapotranspiration journalière,mm/j,0.0
2025-12-09 17:00:02,Vitesse du vent,Vitesse du vent,m/s,0.67
2025-12-09 17:00:02,Direction du vent,Direction du vent,Deg,359.4
2025-12-09 17:00:02,Température,Température,°C,16.6
2025-12-09 17:00:02,Humidité relative,Humidité relative,%,77.4
2025-12-09 17:00:02,Point de Rosée,Point de Rosée,°C,12.6
2025-12-09 17:00:02,Rayonnement solaire,Rayonnement solaire,W/m²,3.0
2025-12-09 17:00:02,Pression atmosphérique,Pression atmosphérique,mm/j,1018.8
2025-12-09 17:00:02,Évapotranspiration Horaire,Évapotranspiration Horaire,mm/h,0.0
2025-12-09 17:00:02,Évapotranspiration journalière,Évapotranspiration journalière,mm/j,0.0
2025-12-09 15:00:02,Vitesse du vent,Vitesse du vent,m/s,2.15
2025-12-09 15:00:02,Direction du vent,Direction du vent,Deg,65.2
2025-12-09 15:00:02,Température,Température,°C,18.7
2025-12-09 15:00:02,Humidité relative,Humidité relative,%,70.4
2025-12-09 15:00:02,Point de Rosée,Point de Rosée,°C,13.2
2025-12-09 15:00:02,Rayonnement solaire,Rayonnement solaire,W/m²,299.0
2025-12-09 15:00:02,Pression atmosphérique,Pression atmosphérique,mm/j,1018.5
2025-12-09 15:00:02,Évapotranspiration Horaire,Évapotranspiration Horaire,mm/h,0.0
2025-12-09 15:00:02,Évapotranspiration journalière,Évapotranspiration journalière,mm/j,0.0
2025-12-09 13:00:02,Vitesse du vent,Vitesse du vent,m/s,0.48
2025-12-09 13:00:02,Direction du vent,Direction du vent,Deg,333.8
2025-12-09 13:00:02,Température,Température,°C,17.0
2025-12-09 13:00:02,Humidité relative,Humidité relative,%,74.4
2025-12-09 13:00:02,Point de Rosée,Point de Rosée,°C,12.4
2025-12-09 13:00:02,Rayonnement solaire,Rayonnement solaire,W/m²,259.0
2025-12-09 13:00:02,Pression atmosphérique,Pression atmosphérique,mm/j,1019.1
2025-12-09 13:00:02,Évapotranspiration Horaire,Évapotranspiration Horaire,mm/h,0.0
2025-12-09 13:00:02,Évapotranspiration journalière,Évapotranspiration journalière,mm/j,0.0
2025-12-09 11:00:02,Vitesse du vent,Vitesse du vent,m/s,0.2
2025-12-09 11:00:02,Direction du vent,Direction du vent,Deg,76.8
2025-12-09 11:00:02,Température,Température,°C,14.9
2025-12-09 11:00:02,Humidité relative,Humidité relative,%,100.0
2025-12-09 11:00:02,Point de Rosée,Point de Rosée,°C,14.9
2025-12-09 11:00:02,Rayonnement solaire,Rayonnement solaire,W/m²,453.0
2025-12-09 11:00:02,Pression atmosphérique,Pression atmosphérique,mm/j,1020.3
2025-12-09 11:00:02,Évapotranspiration Horaire,Évapotranspiration Horaire,mm/h,0.0
2025-12-09 11:00:02,Évapotranspiration journalière,Évapotranspiration journalière,mm/j,0.0
2025-12-09 09:00:02,Vitesse du vent,Vitesse du vent,m/s,0.61
2025-12-09 09:00:02,Direction du vent,Direction du vent,Deg,86.8
2025-12-09 09:00:02,Température,Température,°C,12.3
2025-12-09 09:00:02,Humidité relative,Humidité relative,%,100.0
2025-12-09 09:00:02,Point de Rosée,Point de Rosée,°C,12.3
2025-12-09 09:00:02,Rayonnement solaire,Rayonnement solaire,W/m²,133.0
2025-12-09 09:00:02,Pression atmosphérique,Pression atmosphérique,mm/j,1020.4
2025-12-09 09:00:02,Évapotranspiration Horaire,Évapotranspiration Horaire,mm/h,0.0
2025-12-09 09:00:02,Évapotranspiration journalière,Évapotranspiration journalière,mm/j,0.0
2025-12-09 07:00:02,Vitesse du vent,Vitesse du vent,m/s,0.68
2025-12-09 07:00:02,Direction du vent,Direction du vent,Deg,284.6
2025-12-09 07:00:02,Température,Température,°C,9.2
2025-12-09 07:00:02,Humidité relative,Humidité relative,%,100.0
2025-12-09 07:00:02,Point de Rosée,Point de Rosée,°C,9.2
2025-12-09 07:00:02,Rayonnement solaire,Rayonnement solaire,W/m²,0.0
2025-12-09 07:00:02,Pression atmosphérique,Pression atmosphérique,mm/j,1020.5
2025-12-09 07:00:02,Évapotranspiration Horaire,Évapotranspiration Horaire,mm/h,0.0
2025-12-09 07:00:02,Évapotranspiration journalière,Évapotranspiration journalière,mm/j,0.0
2025-12-09 05:00:02,Vitesse du vent,Vitesse du vent,m/s,0.73
2025-12-09 05:00:02,Direction du vent,Direction du vent,Deg,264.9
2025-12-09 05:00:02,Température,Température,°C,9.9
2025-12-09 05:00:02,Humidité relative,Humidité relative,%,100.0
2025-12-09 05:00:02,Point de Rosée,Point de Rosée,°C,9.9
2025-12-09 05:00:02,Rayonnement solaire,Rayonnement solaire,W/m²,0.0
2025-12-09 05:00:02,Pression atmosphérique,Pression atmosphérique,mm/j,1020.1
2025-12-09 05:00:02,Évapotranspiration Horaire,Évapotranspiration Horaire,mm/h,0.0
2025-12-09 05:00:02,Évapotranspiration journalière,Évapotranspiration journalière,mm/j,0.0
2025-12-09 03:00:02,Vitesse du vent,Vitesse du vent,m/s,0.35
2025-12-09 03:00:02,Direction du vent,Direction du vent,Deg,357.9
2025-12-09 03:00:02,Température,Température,°C,10.3
2025-12-09 03:00:02,Humidité relative,Humidité relative,%,100.0
2025-12-09 03:00:02,Point de Rosée,Point de Rosée,°C,10.3
2025-12-09 03:00:02,Rayonnement solaire,Rayonnement solaire,W/m²,0.0
2025-12-09 03:00:02,Pression atmosphérique,Pression atmosphérique,mm/j,1020.1
2025-12-09 03:00:02,Évapotranspiration Horaire,Évapotranspiration Horaire,mm/h,0.0
2025-12-09 03:00:02,Évapotranspiration journalière,Évapotranspiration journalière,mm/j,0.0
2025-12-09 02:00:02,Vitesse du vent,Vitesse du vent,m/s,0.31
2025-12-09 02:00:02,Direction du vent,Direction du vent,Deg,70.5
2025-12-09 02:00:02,Température,Température,°C,11.0
2025-12-09 02:00:02,Humidité relative,Humidité relative,%,100.0
2025-12-09 02:00:02,Point de Rosée,Point de Rosée,°C,11.0
2025-12-09 02:00:02,Rayonnement solaire,Rayonnement solaire,W/m²,0.0
2025-12-09 02:00:02,Pression atmosphérique,Pression atmosphérique,mm/j,1020.2
2025-12-09 02:00:02,Évapotranspiration Horaire,Évapotranspiration Horaire,mm/h,0.0
2025-12-09 02:00:02,Évapotranspiration journalière,Évapotranspiration journalière,mm/j,0.0
2025-12-09 01:00:02,Vitesse du vent,Vitesse du vent,m/s,0.63
2025-12-09 01:00:02,Direction du vent,Direction du vent,Deg,273.2
2025-12-09 01:00:02,Température,Température,°C,12.5
2025-12-09 01:00:02,Humidité relative,Humidité relative,%,100.0
2025-12-09 01:00:02,Point de Rosée,Point de Rosée,°C,12.5
2025-12-09 01:00:02,Rayonnement solaire,Rayonnement solaire,W/m²,0.0
2025-12-09 01:00:02,Pression atmosphérique,Pression atmosphérique,mm/j,1020.1
2025-12-09 01:00:02,Évapotranspiration Horaire,Évapotranspiration Horaire,mm/h,0.0
2025-12-09 01:00:02,Évapotranspiration journalière,Évapotranspiration journalière,mm/j,0.0
2025-12-08 23:00:02,Vitesse du vent,Vitesse du vent,m/s,0.38
2025-12-08 23:00:02,Direction du vent,Direction du vent,Deg,341.6
2025-12-08 23:00:02,Température,Température,°C,12.6
2025-12-08 23:00:02,Humidité relative,Humidité relative,%,100.0
2025-12-08 23:00:02,Point de Rosée,Point de Rosée,°C,12.6
2025-12-08 23:00:02,Rayonnement solaire,Rayonnement solaire,W/m²,0.0
2025-12-08 23:00:02,Pression atmosphérique,Pression atmosphérique,mm/j,1019.8
2025-12-08 23:00:02,Évapotranspiration Horaire,Évapotranspiration Horaire,mm/h,0.0
2025-12-08 23:00:02,Évapotranspiration journalière,Évapotranspiration journalière,mm/j,0.0
2025-12-08 21:00:02,Vitesse du vent,Vitesse du vent,m/s,1.75
2025-12-08 21:00:02,Direction du vent,Direction du vent,Deg,85.0
2025-12-08 21:00:02,Température,Température,°C,14.4
2025-12-08 21:00:02,Humidité relative,Humidité relative,%,87.8
2025-12-08 21:00:02,Point de Rosée,Point de Rosée,°C,12.4
2025-12-08 21:00:02,Rayonnement solaire,Rayonnement solaire,W/m²,0.0
2025-12-08 21:00:02,Pression atmosphérique,Pression atmosphérique,mm/j,1019.6
2025-12-08 21:00:02,Évapotranspiration Horaire,Évapotranspiration Horaire,mm/h,0.0
2025-12-08 21:00:02,Évapotranspiration journalière,Évapotranspiration journalière,mm/j,0.0
2025-12-08 19:00:02,Vitesse du vent,Vitesse du vent,m/s,2.73
2025-12-08 19:00:02,Direction du vent,Direction du vent,Deg,195.4
2025-12-08 19:00:02,Température,Température,°C,16.6
2025-12-08 19:00:02,Humidité relative,Humidité relative,%,78.5
2025-12-08 19:00:02,Point de Rosée,Point de Rosée,°C,12.9
2025-12-08 19:00:02,Rayonnement solaire,Rayonnement solaire,W/m²,0.0
2025-12-08 19:00:02,Pression atmosphérique,Pression atmosphérique,mm/j,1019.0
2025-12-08 19:00:02,Évapotranspiration Horaire,Évapotranspiration Horaire,mm/h,0.0
2025-12-08 19:00:02,Évapotranspiration journalière,Évapotranspiration journalière,mm/j,0.0
2025-12-08 17:00:02,Vitesse du vent,Vitesse du vent,m/s,1.94
2025-12-08 17:00:02,Direction du vent,Direction du vent,Deg,175.2
2025-12-08 17:00:02,Température,Température,°C,17.2
2025-12-08 17:00:02,Humidité relative,Humidité relative,%,78.2
2025-12-08 17:00:02,Point de Rosée,Point de Rosée,°C,13.3
2025-12-08 17:00:02,Rayonnement solaire,Rayonnement solaire,W/m²,3.0
2025-12-08 17:00:02,Pression atmosphérique,Pression atmosphérique,mm/j,1018.1
2025-12-08 17:00:02,Évapotranspiration Horaire,Évapotranspiration Horaire,mm/h,0.0
2025-12-08 17:00:02,Évapotranspiration journalière,Évapotranspiration journalière,mm/j,0.0
2025-12-08 15:00:02,Vitesse du vent,Vitesse du vent,m/s,3.94
2025-12-08 15:00:02,Direction du vent,Direction du vent,Deg,262.6
2025-12-08 15:00:02,Température,Température,°C,19.5
2025-12-08 15:00:02,Humidité relative,Humidité relative,%,68.2
2025-12-08 15:00:02,Point de Rosée,Point de Rosée,°C,13.5
2025-12-08 15:00:02,Rayonnement solaire,Rayonnement solaire,W/m²,237.0
2025-12-08 15:00:02,Pression atmosphérique,Pression atmosphérique,mm/j,1017.7
2025-12-08 15:00:02,Évapotranspiration Horaire,Évapotranspiration Horaire,mm/h,0.0
2025-12-08 15:00:02,Évapotranspiration journalière,Évapotranspiration journalière,mm/j,0.0
2025-12-08 13:00:02,Vitesse du vent,Vitesse du vent,m/s,4.4
2025-12-08 13:00:02,Direction du vent,Direction du vent,Deg,256.0
2025-12-08 13:00:02,Température,Température,°C,18.7
2025-12-08 13:00:02,Humidité relative,Humidité relative,%,71.1
2025-12-08 13:00:02,Point de Rosée,Point de Rosée,°C,13.3
2025-12-08 13:00:02,Rayonnement solaire,Rayonnement solaire,W/m²,358.0
2025-12-08 13:00:02,Pression atmosphérique,Pression atmosphérique,mm/j,1018.5
2025-12-08 13:00:02,Évapotranspiration Horaire,Évapotranspiration Horaire,mm/h,0.0
2025-12-08 13:00:02,Évapotranspiration journalière,Évapotranspiration journalière,mm/j,0.0
2025-12-08 11:00:02,Vitesse du vent,Vitesse du vent,m/s,3.33
2025-12-08 11:00:02,Direction du vent,Direction du vent,Deg,228.1
2025-12-08 11:00:02,Température,Température,°C,18.6
2025-12-08 11:00:02,Humidité relative,Humidité relative,%,71.2
2025-12-08 11:00:02,Point de Rosée,Point de Rosée,°C,13.3
2025-12-08 11:00:02,Rayonnement solaire,Rayonnement solaire,W/m²,182.0
2025-12-08 11:00:02,Pression atmosphérique,Pression atmosphérique,mm/j,1019.2
2025-12-08 11:00:02,Évapotranspiration Horaire,Évapotranspiration Horaire,mm/h,0.0
2025-12-08 11:00:02,Évapotranspiration journalière,Évapotranspiration journalière,mm/j,0.0
2025-12-08 09:00:02,Vitesse du vent,Vitesse du vent,m/s,1.81
2025-12-08 09:00:02,Direction du vent,Direction du vent,Deg,247.9
2025-12-08 09:00:02,Température,Température,°C,17.5
2025-12-08 09:00:02,Humidité relative,Humidité relative,%,78.6
2025-12-08 09:00:02,Point de Rosée,Point de Rosée,°C,13.7
2025-12-08 09:00:02,Rayonnement solaire,Rayonnement solaire,W/m²,241.0
2025-12-08 09:00:02,Pression atmosphérique,Pression atmosphérique,mm/j,1018.9
2025-12-08 09:00:02,Évapotranspiration Horaire,Évapotranspiration Horaire,mm/h,0.0
2025-12-08 09:00:02,Évapotranspiration journalière,Évapotranspiration journalière,mm/j,0.0
2025-12-08 07:00:02,Vitesse du vent,Vitesse du vent,m/s,1.93
2025-12-08 07:00:02,Direction du vent,Direction du vent,Deg,240.5
2025-12-08 07:00:02,Température,Température,°C,16.3
2025-12-08 07:00:02,Humidité relative,Humidité relative,%,84.4
2025-12-08 07:00:02,Point de Rosée,Point de Rosée,°C,13.7
2025-12-08 07:00:02,Rayonnement solaire,Rayonnement solaire,W/m²,0.0
2025-12-08 07:00:02,Pression atmosphérique,Pression atmosphérique,mm/j,1017.2
2025-12-08 07:00:02,Évapotranspiration Horaire,Évapotranspiration Horaire,mm/h,0.0
2025-12-08 07:00:02,Évapotranspiration journalière,Évapotranspiration journalière,mm/j,0.0
2025-12-08 05:00:02,Vitesse du vent,Vitesse du vent,m/s,4.46
2025-12-08 05:00:02,Direction du vent,Direction du vent,Deg,265.6
2025-12-08 05:00:02,Température,Température,°C,16.5
2025-12-08 05:00:02,Humidité relative,Humidité relative,%,83.8
2025-12-08 05:00:02,Point de Rosée,Point de Rosée,°C,13.7
2025-12-08 05:00:02,Rayonnement solaire,Rayonnement solaire,W/m²,0.0
2025-12-08 05:00:02,Pression atmosphérique,Pression atmosphérique,mm/j,1015.9
2025-12-08 05:00:02,Évapotranspiration Horaire,Évapotranspiration Horaire,mm/h,0.0
2025-12-08 05:00:02,Évapotranspiration journalière,Évapotranspiration journalière,mm/j,0.0
2025-12-08 03:00:02,Vitesse du vent,Vitesse du vent,m/s,8.9
2025-12-08 03:00:02,Direction du vent,Direction du vent,Deg,291.9
2025-12-08 03:00:02,Température,Température,°C,16.6
2025-12-08 03:00:02,Humidité relative,Humidité relative,%,85.1
2025-12-08 03:00:02,Point de Rosée,Point de Rosée,°C,14.0
2025-12-08 03:00:02,Rayonnement solaire,Rayonnement solaire,W/m²,0.0
2025-12-08 03:00:02,Pression atmosphérique,Pression atmosphérique,mm/j,1015.5
2025-12-08 03:00:02,Évapotranspiration Horaire,Évapotranspiration Horaire,mm/h,0.0
2025-12-08 03:00:02,Évapotranspiration journalière,Évapotranspiration journalière,mm/j,0.0
2025-12-08 01:00:02,Vitesse du vent,Vitesse du vent,m/s,10.55
2025-12-08 01:00:02,Direction du vent,Direction du vent,Deg,289.6
2025-12-08 01:00:02,Température,Température,°C,16.7
2025-12-08 01:00:02,Humidité relative,Humidité relative,%,81.8
2025-12-08 01:00:02,Point de Rosée,Point de Rosée,°C,13.6
2025-12-08 01:00:02,Rayonnement solaire,Rayonnement solaire,W/m²,0.0
2025-12-08 01:00:02,Pression atmosphérique,Pression atmosphérique,mm/j,1015.2
2025-12-08 01:00:02,Évapotranspiration Horaire,Évapotranspiration Horaire,mm/h,0.0
2025-12-08 01:00:02,Évapotranspiration journalière,Évapotranspiration journalière,mm/j,0.0
2025-12-07 23:00:02,Vitesse du vent,Vitesse du vent,m/s,7.18
2025-12-07 23:00:02,Direction du vent,Direction du vent,Deg,257.2
2025-12-07 23:00:02,Température,Température,°C,16.7
2025-12-07 23:00:02,Humidité relative,Humidité relative,%,82.4
2025-12-07 23:00:02,Point de Rosée,Point de Rosée,°C,13.7
2025-12-07 23:00:02,Rayonnement solaire,Rayonnement solaire,W/m²,0.0
2025-12-07 23:00:02,Pression atmosphérique,Pression atmosphérique,mm/j,1015.9
2025-12-07 23:00:02,Évapotranspiration Horaire,Évapotranspiration Horaire,mm/h,0.0
2025-12-07 23:00:02,Évapotranspiration journalière,Évapotranspiration journalière,mm/j,0.0
2025-12-07 21:00:02,Vitesse du vent,Vitesse du vent,m/s,3.14
2025-12-07 21:00:02,Direction du vent,Direction du vent,Deg,288.5
2025-12-07 21:00:02,Température,Température,°C,16.8
2025-12-07 21:00:02,Humidité relative,Humidité relative,%,81.7
2025-12-07 21:00:02,Point de Rosée,Point de Rosée,°C,13.6
2025-12-07 21:00:02,Rayonnement solaire,Rayonnement solaire,W/m²,0.0
2025-12-07 21:00:02,Pression atmosphérique,Pression atmosphérique,mm/j,1016.6
2025-12-07 21:00:02,Évapotranspiration Horaire,Évapotranspiration Horaire,mm/h,0.0
2025-12-07 21:00:02,Évapotranspiration journalière,Évapotranspiration journalière,mm/j,0.0
2025-12-07 20:00:02,Vitesse du vent,Vitesse du vent,m/s,4.32
2025-12-07 20:00:02,Direction du vent,Direction du vent,Deg,266.5
2025-12-07 20:00:02,Température,Température,°C,17.0
2025-12-07 20:00:02,Humidité relative,Humidité relative,%,81.2
2025-12-07 20:00:02,Point de Rosée,Point de Rosée,°C,13.7
2025-12-07 20:00:02,Rayonnement solaire,Rayonnement solaire,W/m²,0.0
2025-12-07 20:00:02,Pression atmosphérique,Pression atmosphérique,mm/j,1016.3
2025-12-07 20:00:02,Évapotranspiration Horaire,Évapotranspiration Horaire,mm/h,0.0
2025-12-07 20:00:02,Évapotranspiration journalière,Évapotranspiration journalière,mm/j,0.0
2025-12-07 19:00:02,Vitesse du vent,Vitesse du vent,m/s,4.07
2025-12-07 19:00:02,Direction du vent,Direction du vent,Deg,284.2
2025-12-07 19:00:02,Température,Température,°C,17.2
2025-12-07 19:00:02,Humidité relative,Humidité relative,%,80.1
2025-12-07 19:00:02,Point de Rosée,Point de Rosée,°C,13.7
2025-12-07 19:00:02,Rayonnement solaire,Rayonnement solaire,W/m²,0.0
2025-12-07 19:00:02,Pression atmosphérique,Pression atmosphérique,mm/j,1016.1
2025-12-07 19:00:02,Évapotranspiration Horaire,Évapotranspiration Horaire,mm/h,0.0
2025-12-07 19:00:02,Évapotranspiration journalière,Évapotranspiration journalière,mm/j,0.0
2025-12-07 17:00:02,Vitesse du vent,Vitesse du vent,m/s,4.75
2025-12-07 17:00:02,Direction du vent,Direction du vent,Deg,285.4
2025-12-07 17:00:02,Température,Température,°C,17.1
2025-12-07 17:00:02,Humidité relative,Humidité relative,%,80.0
2025-12-07 17:00:02,Point de Rosée,Point de Rosée,°C,13.6
2025-12-07 17:00:02,Rayonnement solaire,Rayonnement solaire,W/m²,3.0
2025-12-07 17:00:02,Pression atmosphérique,Pression atmosphérique,mm/j,1015.0
2025-12-07 17:00:02,Évapotranspiration Horaire,Évapotranspiration Horaire,mm/h,0.0
2025-12-07 17:00:02,Évapotranspiration journalière,Évapotranspiration journalière,mm/j,0.0
2025-12-07 15:00:02,Vitesse du vent,Vitesse du vent,m/s,12.44
2025-12-07 15:00:02,Direction du vent,Direction du vent,Deg,298.1
2025-12-07 15:00:02,Température,Température,°C,18.1
2025-12-07 15:00:02,Humidité relative,Humidité relative,%,74.4
2025-12-07 15:00:02,Point de Rosée,Point de Rosée,°C,13.5
2025-12-07 15:00:02,Rayonnement solaire,Rayonnement solaire,W/m²,241.0
2025-12-07 15:00:02,Pression atmosphérique,Pression atmosphérique,mm/j,1013.8
2025-12-07 15:00:02,Évapotranspiration Horaire,Évapotranspiration Horaire,mm/h,0.0
2025-12-07 15:00:02,Évapotranspiration journalière,Évapotranspiration journalière,mm/j,0.0
2025-12-07 13:00:02,Vitesse du vent,Vitesse du vent,m/s,5.16
2025-12-07 13:00:02,Direction du vent,Direction du vent,Deg,285.5
2025-12-07 13:00:02,Température,Température,°C,18.7
2025-12-07 13:00:02,Humidité relative,Humidité relative,%,75.1
2025-12-07 13:00:02,Point de Rosée,Point de Rosée,°C,14.2
2025-12-07 13:00:02,Rayonnement solaire,Rayonnement solaire,W/m²,511.0
2025-12-07 13:00:02,Pression atmosphérique,Pression atmosphérique,mm/j,1014.6
2025-12-07 13:00:02,Évapotranspiration Horaire,Évapotranspiration Horaire,mm/h,0.0
2025-12-07 13:00:02,Évapotranspiration journalière,Évapotranspiration journalière,mm/j,0.0
2025-12-07 11:00:02,Vitesse du vent,Vitesse du vent,m/s,6.36
2025-12-07 11:00:02,Direction du vent,Direction du vent,Deg,277.3
2025-12-07 11:00:02,Température,Température,°C,18.4
2025-12-07 11:00:02,Humidité relative,Humidité relative,%,77.3
2025-12-07 11:00:02,Point de Rosée,Point de Rosée,°C,14.3
2025-12-07 11:00:02,Rayonnement solaire,Rayonnement solaire,W/m²,225.0
2025-12-07 11:00:02,Pression atmosphérique,Pression atmosphérique,mm/j,1015.8
2025-12-07 11:00:02,Évapotranspiration Horaire,Évapotranspiration Horaire,mm/h,0.0
2025-12-07 11:00:02,Évapotranspiration journalière,Évapotranspiration journalière,mm/j,0.0
2025-12-07 09:00:02,Vitesse du vent,Vitesse du vent,m/s,4.66
2025-12-07 09:00:02,Direction du vent,Direction du vent,Deg,256.9
2025-12-07 09:00:02,Température,Température,°C,17.6
2025-12-07 09:00:02,Humidité relative,Humidité relative,%,84.1
2025-12-07 09:00:02,Point de Rosée,Point de Rosée,°C,14.9
2025-12-07 09:00:02,Rayonnement solaire,Rayonnement solaire,W/m²,252.0
2025-12-07 09:00:02,Pression atmosphérique,Pression atmosphérique,mm/j,1015.0
2025-12-07 09:00:02,Évapotranspiration Horaire,Évapotranspiration Horaire,mm/h,0.0
2025-12-07 09:00:02,Évapotranspiration journalière,Évapotranspiration journalière,mm/j,0.0
2025-12-07 07:00:02,Vitesse du vent,Vitesse du vent,m/s,3.75
2025-12-07 07:00:02,Direction du vent,Direction du vent,Deg,266.3
2025-12-07 07:00:02,Température,Température,°C,15.9
2025-12-07 07:00:02,Humidité relative,Humidité relative,%,86.9
2025-12-07 07:00:02,Point de Rosée,Point de Rosée,°C,13.7
2025-12-07 07:00:02,Rayonnement solaire,Rayonnement solaire,W/m²,0.0
2025-12-07 07:00:02,Pression atmosphérique,Pression atmosphérique,mm/j,1014.6
2025-12-07 07:00:02,Évapotranspiration Horaire,Évapotranspiration Horaire,mm/h,0.0
2025-12-07 07:00:02,Évapotranspiration journalière,Évapotranspiration journalière,mm/j,0.0
2025-12-07 05:00:02,Vitesse du vent,Vitesse du vent,m/s,4.97
2025-12-07 05:00:02,Direction du vent,Direction du vent,Deg,258.1
2025-12-07 05:00:02,Température,Température,°C,16.8
2025-12-07 05:00:02,Humidité relative,Humidité relative,%,83.4
2025-12-07 05:00:02,Point de Rosée,Point de Rosée,°C,14.0
2025-12-07 05:00:02,Rayonnement solaire,Rayonnement solaire,W/m²,0.0
2025-12-07 05:00:02,Pression atmosphérique,Pression atmosphérique,mm/j,1014.3
2025-12-07 05:00:02,Évapotranspiration Horaire,Évapotranspiration Horaire,mm/h,0.0
2025-12-07 05:00:02,Évapotranspiration journalière,Évapotranspiration journalière,mm/j,0.0
2025-12-07 03:00:02,Vitesse du vent,Vitesse du vent,m/s,4.26
2025-12-07 03:00:02,Direction du vent,Direction du vent,Deg,266.1
2025-12-07 03:00:02,Température,Température,°C,16.6
2025-12-07 03:00:02,Humidité relative,Humidité relative,%,82.8
2025-12-07 03:00:02,Point de Rosée,Point de Rosée,°C,13.7
2025-12-07 03:00:02,Rayonnement solaire,Rayonnement solaire,W/m²,0.0
2025-12-07 03:00:02,Pression atmosphérique,Pression atmosphérique,mm/j,1014.8
2025-12-07 03:00:02,Évapotranspiration Horaire,Évapotranspiration Horaire,mm/h,0.0
2025-12-07 03:00:02,Évapotranspiration journalière,Évapotranspiration journalière,mm/j,0.0
2025-12-07 01:00:02,Vitesse du vent,Vitesse du vent,m/s,3.12
2025-12-07 01:00:02,Direction du vent,Direction du vent,Deg,260.7
2025-12-07 01:00:02,Température,Température,°C,15.7
2025-12-07 01:00:02,Humidité relative,Humidité relative,%,84.1
2025-12-07 01:00:02,Point de Rosée,Point de Rosée,°C,13.0
2025-12-07 01:00:02,Rayonnement solaire,Rayonnement solaire,W/m²,0.0
2025-12-07 01:00:02,Pression atmosphérique,Pression atmosphérique,mm/j,1014.5
2025-12-07 01:00:02,Évapotranspiration Horaire,Évapotranspiration Horaire,mm/h,0.0
2025-12-07 01:00:02,Évapotranspiration journalière,Évapotranspiration journalière,mm/j,0.0
