Date,nom_ar,nom_fr,unite,valeur
2025-12-19 05:00:00,Humidité relative,Humidité relative,%,94.6
2025-12-19 05:00:00,Direction du vent,Direction du vent,Deg,115.5
2025-12-19 05:00:00,Température,Température,°c,11.9
2025-12-19 05:00:00,Vitesse du vent,Vitesse du vent,m/s,2.07
2025-12-19 05:00:00,Point de Rosée,Point de Rosée,°c,11.0
2025-12-19 05:00:00,Rayonnement solaire,Rayonnement solaire,W/m²,953.1
2025-12-19 04:00:00,Température,Température,°c,11.7
2025-12-19 04:00:00,Point de Rosée,Point de Rosée,°c,11.4
2025-12-19 04:00:00,Humidité relative,Humidité relative,%,98.2
2025-12-19 04:00:00,Rayonnement solaire,Rayonnement solaire,W/m²,953.3
2025-12-19 04:00:00,Direction du vent,Direction du vent,Deg,96.6
2025-12-19 04:00:00,Vitesse du vent,Vitesse du vent,m/s,2.46
2025-12-19 03:00:00,Température,Température,°c,12.3
2025-12-19 03:00:00,Direction du vent,Direction du vent,Deg,55.1
2025-12-19 03:00:00,Vitesse du vent,Vitesse du vent,m/s,1.37
2025-12-19 03:00:00,Point de Rosée,Point de Rosée,°c,10.9
2025-12-19 03:00:00,Humidité relative,Humidité relative,%,90.9
2025-12-19 03:00:00,Rayonnement solaire,Rayonnement solaire,W/m²,954.5
2025-12-19 02:00:00,Température,Température,°c,12.4
2025-12-19 02:00:00,Point de Rosée,Point de Rosée,°c,11.3
2025-12-19 02:00:00,Humidité relative,Humidité relative,%,93.0
2025-12-19 02:00:00,Direction du vent,Direction du vent,Deg,97.2
2025-12-19 02:00:00,Vitesse du vent,Vitesse du vent,m/s,2.12
2025-12-19 02:00:00,Rayonnement solaire,Rayonnement solaire,W/m²,953.4
2025-12-19 00:00:00,Température,Température,°c,12.6
2025-12-19 00:00:00,Point de Rosée,Point de Rosée,°c,10.0
2025-12-19 00:00:00,Direction du vent,Direction du vent,Deg,105.2
2025-12-19 00:00:00,Vitesse du vent,Vitesse du vent,m/s,1.75
2025-12-19 00:00:00,Rayonnement solaire,Rayonnement solaire,W/m²,954.6
2025-12-19 00:00:00,Humidité relative,Humidité relative,%,84.3
2025-12-18 23:00:00,Température,Température,°c,12.5
2025-12-18 23:00:00,Point de Rosée,Point de Rosée,°c,11.7
2025-12-18 23:00:00,Vitesse du vent,Vitesse du vent,m/s,3.23
2025-12-18 23:00:00,Rayonnement solaire,Rayonnement solaire,W/m²,954.6
2025-12-18 23:00:00,Humidité relative,Humidité relative,%,95.0
2025-12-18 23:00:00,Direction du vent,Direction du vent,Deg,115.1
2025-12-18 22:00:00,Température,Température,°c,12.6
2025-12-18 22:00:00,Point de Rosée,Point de Rosée,°c,11.3
2025-12-18 22:00:00,Humidité relative,Humidité relative,%,91.8
2025-12-18 22:00:00,Direction du vent,Direction du vent,Deg,102.3
2025-12-18 22:00:00,Vitesse du vent,Vitesse du vent,m/s,1.4
2025-12-18 22:00:00,Rayonnement solaire,Rayonnement solaire,W/m²,954.6
2025-12-18 21:00:00,Point de Rosée,Point de Rosée,°c,10.8
2025-12-18 21:00:00,Humidité relative,Humidité relative,%,87.7
2025-12-18 21:00:00,Température,Température,°c,12.8
2025-12-18 21:00:00,Direction du vent,Direction du vent,Deg,88.4
2025-12-18 21:00:00,Vitesse du vent,Vitesse du vent,m/s,1.28
2025-12-18 21:00:00,Rayonnement solaire,Rayonnement solaire,W/m²,954.9
2025-12-18 20:00:00,Vitesse du vent,Vitesse du vent,m/s,0.99
2025-12-18 20:00:00,Rayonnement solaire,Rayonnement solaire,W/m²,954.9
2025-12-18 20:00:00,Direction du vent,Direction du vent,Deg,68.7
2025-12-18 20:00:00,Température,Température,°c,12.3
2025-12-18 20:00:00,Humidité relative,Humidité relative,%,99.1
2025-12-18 20:00:00,Point de Rosée,Point de Rosée,°c,12.1
2025-12-18 19:00:00,Température,Température,°c,12.6
2025-12-18 19:00:00,Point de Rosée,Point de Rosée,°c,11.4
2025-12-18 19:00:00,Rayonnement solaire,Rayonnement solaire,W/m²,955.1
2025-12-18 19:00:00,Humidité relative,Humidité relative,%,92.4
2025-12-18 19:00:00,Vitesse du vent,Vitesse du vent,m/s,2.23
2025-12-18 19:00:00,Direction du vent,Direction du vent,Deg,90.8
2025-12-18 18:00:00,Direction du vent,Direction du vent,Deg,106.5
2025-12-18 18:00:00,Température,Température,°c,12.7
2025-12-18 18:00:00,Point de Rosée,Point de Rosée,°c,11.0
2025-12-18 18:00:00,Vitesse du vent,Vitesse du vent,m/s,2.66
2025-12-18 18:00:00,Humidité relative,Humidité relative,%,89.8
2025-12-18 18:00:00,Rayonnement solaire,Rayonnement solaire,W/m²,954.5
2025-12-18 17:00:00,Vitesse du vent,Vitesse du vent,m/s,1.93
2025-12-18 17:00:00,Humidité relative,Humidité relative,%,92.8
2025-12-18 17:00:00,Point de Rosée,Point de Rosée,°c,11.3
2025-12-18 17:00:00,Direction du vent,Direction du vent,Deg,93.7
2025-12-18 17:00:00,Température,Température,°c,12.5
2025-12-18 17:00:00,Rayonnement solaire,Rayonnement solaire,W/m²,954.5
2025-12-18 16:00:00,Température,Température,°c,13.4
2025-12-18 16:00:00,Humidité relative,Humidité relative,%,89.7
2025-12-18 16:00:00,Point de Rosée,Point de Rosée,°c,11.7
2025-12-18 16:00:00,Rayonnement solaire,Rayonnement solaire,W/m²,955.0
2025-12-18 16:00:00,Vitesse du vent,Vitesse du vent,m/s,1.71
2025-12-18 16:00:00,Direction du vent,Direction du vent,Deg,115.4
2025-12-18 15:00:00,Direction du vent,Direction du vent,Deg,93.7
2025-12-18 15:00:00,Température,Température,°c,13.7
2025-12-18 15:00:00,Humidité relative,Humidité relative,%,88.5
2025-12-18 15:00:00,Point de Rosée,Point de Rosée,°c,11.8
2025-12-18 15:00:00,Rayonnement solaire,Rayonnement solaire,W/m²,954.8
2025-12-18 15:00:00,Vitesse du vent,Vitesse du vent,m/s,0.96
2025-12-18 14:00:00,Direction du vent,Direction du vent,Deg,87.6
2025-12-18 14:00:00,Vitesse du vent,Vitesse du vent,m/s,0.26
2025-12-18 14:00:00,Humidité relative,Humidité relative,%,93.4
2025-12-18 14:00:00,Rayonnement solaire,Rayonnement solaire,W/m²,954.7
2025-12-18 14:00:00,Point de Rosée,Point de Rosée,°c,12.0
2025-12-18 14:00:00,Température,Température,°c,13.0
2025-12-18 13:00:00,Vitesse du vent,Vitesse du vent,m/s,2.05
2025-12-18 13:00:00,Rayonnement solaire,Rayonnement solaire,W/m²,955.1
2025-12-18 13:00:00,Direction du vent,Direction du vent,Deg,31.6
2025-12-18 13:00:00,Température,Température,°c,13.6
2025-12-18 13:00:00,Humidité relative,Humidité relative,%,87.2
2025-12-18 13:00:00,Point de Rosée,Point de Rosée,°c,11.5
2025-12-18 12:00:00,Rayonnement solaire,Rayonnement solaire,W/m²,955.6
2025-12-18 12:00:00,Humidité relative,Humidité relative,%,92.8
2025-12-18 12:00:00,Température,Température,°c,13.2
2025-12-18 12:00:00,Direction du vent,Direction du vent,Deg,116.0
2025-12-18 12:00:00,Point de Rosée,Point de Rosée,°c,12.0
2025-12-18 12:00:00,Vitesse du vent,Vitesse du vent,m/s,0.75
2025-12-18 11:00:00,Direction du vent,Direction du vent,Deg,143.7
2025-12-18 11:00:00,Point de Rosée,Point de Rosée,°c,10.8
2025-12-18 11:00:00,Humidité relative,Humidité relative,%,86.2
2025-12-18 11:00:00,Température,Température,°c,13.1
2025-12-18 11:00:00,Rayonnement solaire,Rayonnement solaire,W/m²,956.3
2025-12-18 11:00:00,Vitesse du vent,Vitesse du vent,m/s,4.61
2025-12-18 10:00:00,Humidité relative,Humidité relative,%,80.1
2025-12-18 10:00:00,Vitesse du vent,Vitesse du vent,m/s,5.11
2025-12-18 10:00:00,Rayonnement solaire,Rayonnement solaire,W/m²,956.1
2025-12-18 10:00:00,Point de Rosée,Point de Rosée,°c,10.0
2025-12-18 10:00:00,Direction du vent,Direction du vent,Deg,171.7
2025-12-18 10:00:00,Température,Température,°c,13.3
2025-12-18 09:00:00,Température,Température,°c,11.3
2025-12-18 09:00:00,Point de Rosée,Point de Rosée,°c,8.3
2025-12-18 09:00:00,Vitesse du vent,Vitesse du vent,m/s,1.75
2025-12-18 09:00:00,Humidité relative,Humidité relative,%,81.8
2025-12-18 09:00:00,Rayonnement solaire,Rayonnement solaire,W/m²,954.6
2025-12-18 09:00:00,Direction du vent,Direction du vent,Deg,186.5
2025-12-18 08:00:00,Point de Rosée,Point de Rosée,°c,6.1
2025-12-18 08:00:00,Rayonnement solaire,Rayonnement solaire,W/m²,954.3
2025-12-18 08:00:00,Direction du vent,Direction du vent,Deg,31.9
2025-12-18 08:00:00,Humidité relative,Humidité relative,%,81.4
2025-12-18 08:00:00,Vitesse du vent,Vitesse du vent,m/s,0.7
2025-12-18 08:00:00,Température,Température,°c,9.2
2025-12-18 07:00:00,Humidité relative,Humidité relative,%,75.4
2025-12-18 07:00:00,Rayonnement solaire,Rayonnement solaire,W/m²,954.0
2025-12-18 07:00:00,Vitesse du vent,Vitesse du vent,m/s,1.59
2025-12-18 07:00:00,Direction du vent,Direction du vent,Deg,152.3
2025-12-18 07:00:00,Température,Température,°c,10.2
2025-12-18 07:00:00,Point de Rosée,Point de Rosée,°c,6.0
2025-12-18 06:00:00,Vitesse du vent,Vitesse du vent,m/s,1.07
2025-12-18 06:00:00,Humidité relative,Humidité relative,%,82.6
2025-12-18 06:00:00,Point de Rosée,Point de Rosée,°c,6.0
2025-12-18 06:00:00,Rayonnement solaire,Rayonnement solaire,W/m²,953.6
2025-12-18 06:00:00,Direction du vent,Direction du vent,Deg,169.1
2025-12-18 06:00:00,Température,Température,°c,8.8
2025-12-18 05:00:00,Humidité relative,Humidité relative,%,86.8
2025-12-18 05:00:00,Direction du vent,Direction du vent,Deg,155.8
2025-12-18 05:00:00,Point de Rosée,Point de Rosée,°c,6.4
2025-12-18 05:00:00,Vitesse du vent,Vitesse du vent,m/s,0.29
2025-12-18 05:00:00,Température,Température,°c,8.5
2025-12-18 05:00:00,Rayonnement solaire,Rayonnement solaire,W/m²,953.5
2025-12-18 04:00:00,Rayonnement solaire,Rayonnement solaire,W/m²,953.7
2025-12-18 04:00:00,Point de Rosée,Point de Rosée,°c,7.4
2025-12-18 04:00:00,Humidité relative,Humidité relative,%,84.7
2025-12-18 04:00:00,Température,Température,°c,9.9
2025-12-18 04:00:00,Direction du vent,Direction du vent,Deg,238.8
2025-12-18 04:00:00,Vitesse du vent,Vitesse du vent,m/s,1.23
2025-12-18 01:00:00,Point de Rosée,Point de Rosée,°c,8.0
2025-12-18 01:00:00,Humidité relative,Humidité relative,%,75.4
2025-12-18 01:00:00,Température,Température,°c,12.3
2025-12-18 01:00:00,Rayonnement solaire,Rayonnement solaire,W/m²,953.8
2025-12-18 01:00:00,Direction du vent,Direction du vent,Deg,145.5
2025-12-18 01:00:00,Vitesse du vent,Vitesse du vent,m/s,1.43
2025-12-18 00:00:00,Température,Température,°c,11.3
2025-12-18 00:00:00,Rayonnement solaire,Rayonnement solaire,W/m²,954.0
2025-12-18 00:00:00,Point de Rosée,Point de Rosée,°c,9.1
2025-12-18 00:00:00,Vitesse du vent,Vitesse du vent,m/s,0.95
2025-12-18 00:00:00,Humidité relative,Humidité relative,%,86.7
2025-12-18 00:00:00,Direction du vent,Direction du vent,Deg,106.8
2025-12-17 23:00:00,Vitesse du vent,Vitesse du vent,m/s,0.74
2025-12-17 23:00:00,Point de Rosée,Point de Rosée,°c,9.2
2025-12-17 23:00:00,Humidité relative,Humidité relative,%,86.0
2025-12-17 23:00:00,Rayonnement solaire,Rayonnement solaire,W/m²,953.6
2025-12-17 23:00:00,Température,Température,°c,11.5
2025-12-17 23:00:00,Direction du vent,Direction du vent,Deg,110.8
2025-12-17 22:00:00,Rayonnement solaire,Rayonnement solaire,W/m²,953.3
2025-12-17 22:00:00,Point de Rosée,Point de Rosée,°c,8.1
2025-12-17 22:00:00,Humidité relative,Humidité relative,%,82.1
2025-12-17 22:00:00,Température,Température,°c,11.1
2025-12-17 22:00:00,Direction du vent,Direction du vent,Deg,126.1
2025-12-17 22:00:00,Vitesse du vent,Vitesse du vent,m/s,0.8
2025-12-17 21:00:00,Point de Rosée,Point de Rosée,°c,8.2
2025-12-17 21:00:00,Humidité relative,Humidité relative,%,83.1
2025-12-17 21:00:00,Température,Température,°c,11.0
2025-12-17 21:00:00,Direction du vent,Direction du vent,Deg,100.9
2025-12-17 21:00:00,Vitesse du vent,Vitesse du vent,m/s,0.6
2025-12-17 21:00:00,Rayonnement solaire,Rayonnement solaire,W/m²,953.1
2025-12-17 20:00:00,Vitesse du vent,Vitesse du vent,m/s,1.43
2025-12-17 20:00:00,Point de Rosée,Point de Rosée,°c,8.6
2025-12-17 20:00:00,Direction du vent,Direction du vent,Deg,122.1
2025-12-17 20:00:00,Humidité relative,Humidité relative,%,82.0
2025-12-17 20:00:00,Rayonnement solaire,Rayonnement solaire,W/m²,952.7
2025-12-17 20:00:00,Température,Température,°c,11.6
2025-12-17 19:00:00,Point de Rosée,Point de Rosée,°c,8.9
2025-12-17 19:00:00,Humidité relative,Humidité relative,%,77.4
2025-12-17 19:00:00,Température,Température,°c,12.7
2025-12-17 19:00:00,Direction du vent,Direction du vent,Deg,133.1
2025-12-17 19:00:00,Vitesse du vent,Vitesse du vent,m/s,1.67
2025-12-17 19:00:00,Rayonnement solaire,Rayonnement solaire,W/m²,952.4
2025-12-17 18:00:00,Vitesse du vent,Vitesse du vent,m/s,4.84
2025-12-17 18:00:00,Point de Rosée,Point de Rosée,°c,8.0
2025-12-17 18:00:00,Direction du vent,Direction du vent,Deg,161.6
2025-12-17 18:00:00,Humidité relative,Humidité relative,%,67.8
2025-12-17 18:00:00,Rayonnement solaire,Rayonnement solaire,W/m²,951.8
2025-12-17 18:00:00,Température,Température,°c,13.9
2025-12-17 17:00:00,Point de Rosée,Point de Rosée,°c,8.0
2025-12-17 17:00:00,Humidité relative,Humidité relative,%,66.1
2025-12-17 17:00:00,Température,Température,°c,14.3
2025-12-17 17:00:00,Direction du vent,Direction du vent,Deg,124.9
2025-12-17 17:00:00,Vitesse du vent,Vitesse du vent,m/s,4.42
2025-12-17 17:00:00,Rayonnement solaire,Rayonnement solaire,W/m²,951.7
2025-12-17 16:00:00,Point de Rosée,Point de Rosée,°c,6.7
2025-12-17 16:00:00,Direction du vent,Direction du vent,Deg,152.5
2025-12-17 16:00:00,Humidité relative,Humidité relative,%,56.5
2025-12-17 16:00:00,Température,Température,°c,15.3
2025-12-17 16:00:00,Rayonnement solaire,Rayonnement solaire,W/m²,951.1
2025-12-17 16:00:00,Vitesse du vent,Vitesse du vent,m/s,6.24
2025-12-17 15:00:00,Point de Rosée,Point de Rosée,°c,6.7
2025-12-17 15:00:00,Vitesse du vent,Vitesse du vent,m/s,5.29
2025-12-17 15:00:00,Rayonnement solaire,Rayonnement solaire,W/m²,950.5
2025-12-17 15:00:00,Direction du vent,Direction du vent,Deg,130.0
2025-12-17 15:00:00,Humidité relative,Humidité relative,%,53.6
2025-12-17 15:00:00,Température,Température,°c,16.1
2025-12-17 14:00:00,Vitesse du vent,Vitesse du vent,m/s,2.77
2025-12-17 14:00:00,Point de Rosée,Point de Rosée,°c,3.1
2025-12-17 14:00:00,Humidité relative,Humidité relative,%,40.0
2025-12-17 14:00:00,Température,Température,°c,16.8
2025-12-17 14:00:00,Direction du vent,Direction du vent,Deg,182.7
2025-12-17 14:00:00,Rayonnement solaire,Rayonnement solaire,W/m²,950.7
2025-12-17 13:00:00,Point de Rosée,Point de Rosée,°c,6.8
2025-12-17 13:00:00,Humidité relative,Humidité relative,%,54.8
2025-12-17 13:00:00,Température,Température,°c,15.9
2025-12-17 13:00:00,Direction du vent,Direction du vent,Deg,210.1
2025-12-17 13:00:00,Vitesse du vent,Vitesse du vent,m/s,1.71
2025-12-17 13:00:00,Rayonnement solaire,Rayonnement solaire,W/m²,951.0
2025-12-17 12:00:00,Vitesse du vent,Vitesse du vent,m/s,3.1
2025-12-17 12:00:00,Point de Rosée,Point de Rosée,°c,8.3
2025-12-17 12:00:00,Direction du vent,Direction du vent,Deg,145.5
2025-12-17 12:00:00,Humidité relative,Humidité relative,%,65.4
2025-12-17 12:00:00,Rayonnement solaire,Rayonnement solaire,W/m²,951.6
2025-12-17 12:00:00,Température,Température,°c,14.7
2025-12-17 11:00:00,Point de Rosée,Point de Rosée,°c,8.6
2025-12-17 11:00:00,Humidité relative,Humidité relative,%,82.9
2025-12-17 11:00:00,Température,Température,°c,11.4
2025-12-17 11:00:00,Direction du vent,Direction du vent,Deg,322.6
2025-12-17 11:00:00,Vitesse du vent,Vitesse du vent,m/s,0.88
2025-12-17 11:00:00,Rayonnement solaire,Rayonnement solaire,W/m²,952.4
2025-12-17 10:00:00,Direction du vent,Direction du vent,Deg,346.0
2025-12-17 10:00:00,Point de Rosée,Point de Rosée,°c,7.8
2025-12-17 10:00:00,Température,Température,°c,9.2
2025-12-17 10:00:00,Vitesse du vent,Vitesse du vent,m/s,0.56
2025-12-17 10:00:00,Humidité relative,Humidité relative,%,91.2
2025-12-17 10:00:00,Rayonnement solaire,Rayonnement solaire,W/m²,952.5
2025-12-17 09:00:00,Direction du vent,Direction du vent,Deg,90.0
2025-12-17 09:00:00,Point de Rosée,Point de Rosée,°c,6.7
2025-12-17 09:00:00,Humidité relative,Humidité relative,%,97.6
2025-12-17 09:00:00,Température,Température,°c,7.1
2025-12-17 09:00:00,Vitesse du vent,Vitesse du vent,m/s,0.47
2025-12-17 09:00:00,Rayonnement solaire,Rayonnement solaire,W/m²,951.8
2025-12-17 08:00:00,Vitesse du vent,Vitesse du vent,m/s,1.22
2025-12-17 08:00:00,Point de Rosée,Point de Rosée,°c,5.0
2025-12-17 08:00:00,Direction du vent,Direction du vent,Deg,99.7
2025-12-17 08:00:00,Humidité relative,Humidité relative,%,96.5
2025-12-17 08:00:00,Rayonnement solaire,Rayonnement solaire,W/m²,951.2
2025-12-17 08:00:00,Température,Température,°c,5.6
2025-12-17 07:00:00,Point de Rosée,Point de Rosée,°c,6.8
2025-12-17 07:00:00,Vitesse du vent,Vitesse du vent,m/s,0.9
2025-12-17 07:00:00,Humidité relative,Humidité relative,%,98.9
2025-12-17 07:00:00,Direction du vent,Direction du vent,Deg,113.1
2025-12-17 07:00:00,Rayonnement solaire,Rayonnement solaire,W/m²,950.6
2025-12-17 07:00:00,Température,Température,°c,7.0
2025-12-17 06:00:00,Vitesse du vent,Vitesse du vent,m/s,1.3
2025-12-17 06:00:00,Point de Rosée,Point de Rosée,°c,5.1
2025-12-17 06:00:00,Humidité relative,Humidité relative,%,100.0
2025-12-17 06:00:00,Température,Température,°c,5.1
2025-12-17 06:00:00,Direction du vent,Direction du vent,Deg,129.4
2025-12-17 06:00:00,Rayonnement solaire,Rayonnement solaire,W/m²,949.9
2025-12-17 05:00:00,Point de Rosée,Point de Rosée,°c,4.9
2025-12-17 05:00:00,Humidité relative,Humidité relative,%,100.0
2025-12-17 05:00:00,Température,Température,°c,4.9
2025-12-17 05:00:00,Direction du vent,Direction du vent,Deg,129.5
2025-12-17 05:00:00,Vitesse du vent,Vitesse du vent,m/s,1.3
2025-12-17 05:00:00,Rayonnement solaire,Rayonnement solaire,W/m²,949.8
2025-12-17 04:00:00,Vitesse du vent,Vitesse du vent,m/s,0.9
2025-12-17 04:00:00,Point de Rosée,Point de Rosée,°c,4.8
2025-12-17 04:00:00,Direction du vent,Direction du vent,Deg,143.4
2025-12-17 04:00:00,Humidité relative,Humidité relative,%,98.7
2025-12-17 04:00:00,Rayonnement solaire,Rayonnement solaire,W/m²,949.3
2025-12-17 04:00:00,Température,Température,°c,5.0
2025-12-17 03:00:00,Point de Rosée,Point de Rosée,°c,4.7
2025-12-17 03:00:00,Humidité relative,Humidité relative,%,97.0
2025-12-17 03:00:00,Température,Température,°c,5.1
2025-12-17 03:00:00,Direction du vent,Direction du vent,Deg,136.2
2025-12-17 03:00:00,Vitesse du vent,Vitesse du vent,m/s,1.3
2025-12-17 03:00:00,Rayonnement solaire,Rayonnement solaire,W/m²,949.3
2025-12-17 02:00:00,Vitesse du vent,Vitesse du vent,m/s,0.43
2025-12-17 02:00:00,Point de Rosée,Point de Rosée,°c,4.6
2025-12-17 02:00:00,Direction du vent,Direction du vent,Deg,129.5
2025-12-17 02:00:00,Humidité relative,Humidité relative,%,93.9
2025-12-17 02:00:00,Rayonnement solaire,Rayonnement solaire,W/m²,948.9
2025-12-17 02:00:00,Température,Température,°c,5.5
2025-12-17 01:00:00,Direction du vent,Direction du vent,Deg,91.3
2025-12-17 01:00:00,Point de Rosée,Point de Rosée,°c,4.9
2025-12-17 01:00:00,Humidité relative,Humidité relative,%,92.8
2025-12-17 01:00:00,Température,Température,°c,6.0
2025-12-17 01:00:00,Vitesse du vent,Vitesse du vent,m/s,1.01
2025-12-17 01:00:00,Rayonnement solaire,Rayonnement solaire,W/m²,949.1
2025-12-17 00:00:00,Point de Rosée,Point de Rosée,°c,6.5
2025-12-17 00:00:00,Direction du vent,Direction du vent,Deg,229.4
2025-12-17 00:00:00,Vitesse du vent,Vitesse du vent,m/s,0.87
2025-12-17 00:00:00,Rayonnement solaire,Rayonnement solaire,W/m²,949.1
2025-12-17 00:00:00,Humidité relative,Humidité relative,%,90.2
2025-12-17 00:00:00,Température,Température,°c,8.0
2025-12-16 23:00:00,Point de Rosée,Point de Rosée,°c,5.9
2025-12-16 23:00:00,Humidité relative,Humidité relative,%,87.0
2025-12-16 23:00:00,Température,Température,°c,7.9
2025-12-16 23:00:00,Direction du vent,Direction du vent,Deg,85.2
2025-12-16 23:00:00,Vitesse du vent,Vitesse du vent,m/s,1.19
2025-12-16 23:00:00,Rayonnement solaire,Rayonnement solaire,W/m²,948.7
2025-12-16 22:00:00,Vitesse du vent,Vitesse du vent,m/s,0.2
2025-12-16 22:00:00,Point de Rosée,Point de Rosée,°c,6.8
2025-12-16 22:00:00,Direction du vent,Direction du vent,Deg,169.8
2025-12-16 22:00:00,Humidité relative,Humidité relative,%,88.2
2025-12-16 22:00:00,Rayonnement solaire,Rayonnement solaire,W/m²,948.4
2025-12-16 22:00:00,Température,Température,°c,8.6
2025-12-16 21:00:00,Point de Rosée,Point de Rosée,°c,6.5
2025-12-16 21:00:00,Humidité relative,Humidité relative,%,87.4
2025-12-16 21:00:00,Température,Température,°c,8.5
2025-12-16 21:00:00,Direction du vent,Direction du vent,Deg,138.6
2025-12-16 21:00:00,Rayonnement solaire,Rayonnement solaire,W/m²,948.3
2025-12-16 21:00:00,Vitesse du vent,Vitesse du vent,m/s,0.83
2025-12-16 20:00:00,Vitesse du vent,Vitesse du vent,m/s,1.67
2025-12-16 20:00:00,Point de Rosée,Point de Rosée,°c,7.1
2025-12-16 20:00:00,Direction du vent,Direction du vent,Deg,131.7
2025-12-16 20:00:00,Humidité relative,Humidité relative,%,82.8
2025-12-16 20:00:00,Rayonnement solaire,Rayonnement solaire,W/m²,948.0
2025-12-16 20:00:00,Température,Température,°c,9.9
2025-12-16 19:00:00,Direction du vent,Direction du vent,Deg,142.3
2025-12-16 19:00:00,Point de Rosée,Point de Rosée,°c,5.9
2025-12-16 19:00:00,Humidité relative,Humidité relative,%,68.4
2025-12-16 19:00:00,Température,Température,°c,11.5
2025-12-16 19:00:00,Vitesse du vent,Vitesse du vent,m/s,2.33
2025-12-16 19:00:00,Rayonnement solaire,Rayonnement solaire,W/m²,947.5
2025-12-16 18:00:00,Point de Rosée,Point de Rosée,°c,5.8
2025-12-16 18:00:00,Humidité relative,Humidité relative,%,65.1
2025-12-16 18:00:00,Température,Température,°c,12.2
2025-12-16 18:00:00,Vitesse du vent,Vitesse du vent,m/s,2.75
2025-12-16 18:00:00,Direction du vent,Direction du vent,Deg,234.3
2025-12-16 18:00:00,Rayonnement solaire,Rayonnement solaire,W/m²,946.5
2025-12-16 17:00:00,Point de Rosée,Point de Rosée,°c,6.0
2025-12-16 17:00:00,Vitesse du vent,Vitesse du vent,m/s,2.67
2025-12-16 17:00:00,Rayonnement solaire,Rayonnement solaire,W/m²,946.1
2025-12-16 17:00:00,Direction du vent,Direction du vent,Deg,207.3
2025-12-16 17:00:00,Humidité relative,Humidité relative,%,56.2
2025-12-16 17:00:00,Température,Température,°c,14.6
2025-12-16 16:00:00,Rayonnement solaire,Rayonnement solaire,W/m²,945.5
2025-12-16 16:00:00,Point de Rosée,Point de Rosée,°c,4.7
2025-12-16 16:00:00,Humidité relative,Humidité relative,%,43.8
2025-12-16 16:00:00,Température,Température,°c,17.1
2025-12-16 16:00:00,Direction du vent,Direction du vent,Deg,255.4
2025-12-16 16:00:00,Vitesse du vent,Vitesse du vent,m/s,4.56
2025-12-16 15:00:00,Point de Rosée,Point de Rosée,°c,4.6
2025-12-16 15:00:00,Humidité relative,Humidité relative,%,41.7
2025-12-16 15:00:00,Température,Température,°c,17.8
2025-12-16 15:00:00,Direction du vent,Direction du vent,Deg,253.2
2025-12-16 15:00:00,Vitesse du vent,Vitesse du vent,m/s,5.9
2025-12-16 15:00:00,Rayonnement solaire,Rayonnement solaire,W/m²,945.3
2025-12-16 14:00:00,Vitesse du vent,Vitesse du vent,m/s,2.85
2025-12-16 14:00:00,Point de Rosée,Point de Rosée,°c,6.0
2025-12-16 14:00:00,Direction du vent,Direction du vent,Deg,221.8
2025-12-16 14:00:00,Humidité relative,Humidité relative,%,45.6
2025-12-16 14:00:00,Rayonnement solaire,Rayonnement solaire,W/m²,945.4
2025-12-16 14:00:00,Température,Température,°c,18.0
2025-12-16 13:00:00,Point de Rosée,Point de Rosée,°c,7.0
2025-12-16 13:00:00,Température,Température,°c,17.5
2025-12-16 13:00:00,Vitesse du vent,Vitesse du vent,m/s,3.75
2025-12-16 13:00:00,Rayonnement solaire,Rayonnement solaire,W/m²,945.9
2025-12-16 13:00:00,Direction du vent,Direction du vent,Deg,198.1
2025-12-16 13:00:00,Humidité relative,Humidité relative,%,49.9
2025-12-16 12:00:00,Rayonnement solaire,Rayonnement solaire,W/m²,946.8
2025-12-16 12:00:00,Point de Rosée,Point de Rosée,°c,7.2
2025-12-16 12:00:00,Humidité relative,Humidité relative,%,54.4
2025-12-16 12:00:00,Température,Température,°c,16.5
2025-12-16 12:00:00,Direction du vent,Direction du vent,Deg,7.8
2025-12-16 12:00:00,Vitesse du vent,Vitesse du vent,m/s,1.43
2025-12-16 11:00:00,Direction du vent,Direction du vent,Deg,190.6
2025-12-16 11:00:00,Point de Rosée,Point de Rosée,°c,8.7
2025-12-16 11:00:00,Vitesse du vent,Vitesse du vent,m/s,3.61
2025-12-16 11:00:00,Température,Température,°c,15.5
2025-12-16 11:00:00,Rayonnement solaire,Rayonnement solaire,W/m²,947.3
2025-12-16 11:00:00,Humidité relative,Humidité relative,%,63.9
2025-12-16 10:00:00,Rayonnement solaire,Rayonnement solaire,W/m²,947.2
2025-12-16 10:00:00,Humidité relative,Humidité relative,%,79.4
2025-12-16 10:00:00,Température,Température,°c,13.3
2025-12-16 10:00:00,Direction du vent,Direction du vent,Deg,200.7
2025-12-16 10:00:00,Vitesse du vent,Vitesse du vent,m/s,1.35
2025-12-16 10:00:00,Point de Rosée,Point de Rosée,°c,9.8
2025-12-16 09:00:00,Rayonnement solaire,Rayonnement solaire,W/m²,946.9
2025-12-16 09:00:00,Point de Rosée,Point de Rosée,°c,8.6
2025-12-16 09:00:00,Humidité relative,Humidité relative,%,93.1
2025-12-16 09:00:00,Température,Température,°c,9.7
2025-12-16 09:00:00,Direction du vent,Direction du vent,Deg,188.1
2025-12-16 09:00:00,Vitesse du vent,Vitesse du vent,m/s,1.11
2025-12-16 08:00:00,Vitesse du vent,Vitesse du vent,m/s,0.35
2025-12-16 08:00:00,Direction du vent,Direction du vent,Deg,164.0
2025-12-16 08:00:00,Point de Rosée,Point de Rosée,°c,7.9
2025-12-16 08:00:00,Humidité relative,Humidité relative,%,92.0
2025-12-16 08:00:00,Rayonnement solaire,Rayonnement solaire,W/m²,947.0
2025-12-16 08:00:00,Température,Température,°c,9.1
2025-12-16 07:00:00,Point de Rosée,Point de Rosée,°c,8.4
2025-12-16 07:00:00,Humidité relative,Humidité relative,%,95.4
2025-12-16 07:00:00,Température,Température,°c,9.1
2025-12-16 07:00:00,Direction du vent,Direction du vent,Deg,194.8
2025-12-16 07:00:00,Vitesse du vent,Vitesse du vent,m/s,3.57
2025-12-16 07:00:00,Rayonnement solaire,Rayonnement solaire,W/m²,946.7
2025-12-16 06:00:00,Humidité relative,Humidité relative,%,96.3
2025-12-16 06:00:00,Température,Température,°c,8.8
2025-12-16 06:00:00,Vitesse du vent,Vitesse du vent,m/s,1.37
2025-12-16 06:00:00,Direction du vent,Direction du vent,Deg,176.8
2025-12-16 06:00:00,Point de Rosée,Point de Rosée,°c,8.2
2025-12-16 06:00:00,Rayonnement solaire,Rayonnement solaire,W/m²,946.7
2025-12-16 05:00:00,Rayonnement solaire,Rayonnement solaire,W/m²,947.2
2025-12-16 05:00:00,Direction du vent,Direction du vent,Deg,19.5
2025-12-16 05:00:00,Point de Rosée,Point de Rosée,°c,7.9
2025-12-16 05:00:00,Vitesse du vent,Vitesse du vent,m/s,1.63
2025-12-16 05:00:00,Humidité relative,Humidité relative,%,95.5
2025-12-16 05:00:00,Température,Température,°c,8.6
2025-12-16 04:00:00,Direction du vent,Direction du vent,Deg,288.7
2025-12-16 04:00:00,Humidité relative,Humidité relative,%,91.8
2025-12-16 04:00:00,Point de Rosée,Point de Rosée,°c,7.6
2025-12-16 04:00:00,Température,Température,°c,8.9
2025-12-16 04:00:00,Rayonnement solaire,Rayonnement solaire,W/m²,947.9
2025-12-16 04:00:00,Vitesse du vent,Vitesse du vent,m/s,3.41
2025-12-16 03:00:00,Point de Rosée,Point de Rosée,°c,9.0
2025-12-16 03:00:00,Vitesse du vent,Vitesse du vent,m/s,3.75
2025-12-16 03:00:00,Rayonnement solaire,Rayonnement solaire,W/m²,947.2
2025-12-16 03:00:00,Direction du vent,Direction du vent,Deg,177.6
2025-12-16 03:00:00,Humidité relative,Humidité relative,%,84.1
2025-12-16 03:00:00,Température,Température,°c,11.6
2025-12-16 02:00:00,Vitesse du vent,Vitesse du vent,m/s,3.69
2025-12-16 02:00:00,Rayonnement solaire,Rayonnement solaire,W/m²,947.7
2025-12-16 02:00:00,Point de Rosée,Point de Rosée,°c,9.1
2025-12-16 02:00:00,Humidité relative,Humidité relative,%,87.2
2025-12-16 02:00:00,Température,Température,°c,11.2
2025-12-16 02:00:00,Direction du vent,Direction du vent,Deg,166.0
2025-12-16 00:00:00,Direction du vent,Direction du vent,Deg,166.4
2025-12-16 00:00:00,Point de Rosée,Point de Rosée,°c,9.9
2025-12-16 00:00:00,Humidité relative,Humidité relative,%,89.7
2025-12-16 00:00:00,Température,Température,°c,11.5
2025-12-16 00:00:00,Vitesse du vent,Vitesse du vent,m/s,3.59
2025-12-16 00:00:00,Rayonnement solaire,Rayonnement solaire,W/m²,948.7
2025-12-15 23:00:00,Direction du vent,Direction du vent,Deg,177.3
2025-12-15 23:00:00,Température,Température,°c,11.0
2025-12-15 23:00:00,Vitesse du vent,Vitesse du vent,m/s,2.99
2025-12-15 23:00:00,Rayonnement solaire,Rayonnement solaire,W/m²,949.2
2025-12-15 23:00:00,Point de Rosée,Point de Rosée,°c,9.5
2025-12-15 23:00:00,Humidité relative,Humidité relative,%,90.6
2025-12-15 22:00:00,Vitesse du vent,Vitesse du vent,m/s,0.87
2025-12-15 22:00:00,Humidité relative,Humidité relative,%,90.1
2025-12-15 22:00:00,Température,Température,°c,11.5
2025-12-15 22:00:00,Direction du vent,Direction du vent,Deg,96.9
2025-12-15 22:00:00,Rayonnement solaire,Rayonnement solaire,W/m²,949.2
2025-12-15 22:00:00,Point de Rosée,Point de Rosée,°c,9.9
2025-12-15 21:00:00,Point de Rosée,Point de Rosée,°c,9.9
2025-12-15 21:00:00,Vitesse du vent,Vitesse du vent,m/s,2.11
2025-12-15 21:00:00,Humidité relative,Humidité relative,%,88.3
2025-12-15 21:00:00,Rayonnement solaire,Rayonnement solaire,W/m²,949.8
2025-12-15 21:00:00,Direction du vent,Direction du vent,Deg,179.3
2025-12-15 21:00:00,Température,Température,°c,11.8
2025-12-15 20:00:00,Humidité relative,Humidité relative,%,92.2
2025-12-15 20:00:00,Point de Rosée,Point de Rosée,°c,10.6
2025-12-15 20:00:00,Température,Température,°c,11.8
2025-12-15 20:00:00,Direction du vent,Direction du vent,Deg,173.8
2025-12-15 20:00:00,Vitesse du vent,Vitesse du vent,m/s,2.11
2025-12-15 20:00:00,Rayonnement solaire,Rayonnement solaire,W/m²,949.9
2025-12-15 19:00:00,Point de Rosée,Point de Rosée,°c,10.5
2025-12-15 19:00:00,Direction du vent,Direction du vent,Deg,145.6
2025-12-15 19:00:00,Humidité relative,Humidité relative,%,88.9
2025-12-15 19:00:00,Rayonnement solaire,Rayonnement solaire,W/m²,949.9
2025-12-15 19:00:00,Température,Température,°c,12.3
2025-12-15 19:00:00,Vitesse du vent,Vitesse du vent,m/s,6.47
2025-12-15 18:00:00,Humidité relative,Humidité relative,%,78.9
2025-12-15 18:00:00,Point de Rosée,Point de Rosée,°c,9.7
2025-12-15 18:00:00,Température,Température,°c,13.3
2025-12-15 18:00:00,Direction du vent,Direction du vent,Deg,199.2
2025-12-15 18:00:00,Vitesse du vent,Vitesse du vent,m/s,3.36
2025-12-15 18:00:00,Rayonnement solaire,Rayonnement solaire,W/m²,949.6
2025-12-15 17:00:00,Direction du vent,Direction du vent,Deg,103.9
2025-12-15 17:00:00,Température,Température,°c,12.7
2025-12-15 17:00:00,Vitesse du vent,Vitesse du vent,m/s,0.55
2025-12-15 17:00:00,Humidité relative,Humidité relative,%,84.3
2025-12-15 17:00:00,Rayonnement solaire,Rayonnement solaire,W/m²,949.6
2025-12-15 17:00:00,Point de Rosée,Point de Rosée,°c,10.1
2025-12-15 16:00:00,Humidité relative,Humidité relative,%,75.7
2025-12-15 16:00:00,Température,Température,°c,13.8
2025-12-15 16:00:00,Direction du vent,Direction du vent,Deg,160.9
2025-12-15 16:00:00,Vitesse du vent,Vitesse du vent,m/s,4.55
2025-12-15 16:00:00,Rayonnement solaire,Rayonnement solaire,W/m²,949.7
2025-12-15 16:00:00,Point de Rosée,Point de Rosée,°c,9.6
2025-12-15 15:00:00,Point de Rosée,Point de Rosée,°c,10.9
2025-12-15 15:00:00,Vitesse du vent,Vitesse du vent,m/s,4.28
2025-12-15 15:00:00,Humidité relative,Humidité relative,%,83.7
2025-12-15 15:00:00,Direction du vent,Direction du vent,Deg,159.2
2025-12-15 15:00:00,Rayonnement solaire,Rayonnement solaire,W/m²,949.9
2025-12-15 15:00:00,Température,Température,°c,13.6
2025-12-15 14:00:00,Humidité relative,Humidité relative,%,85.0
2025-12-15 14:00:00,Point de Rosée,Point de Rosée,°c,10.9
2025-12-15 14:00:00,Température,Température,°c,13.4
2025-12-15 14:00:00,Direction du vent,Direction du vent,Deg,126.6
2025-12-15 14:00:00,Vitesse du vent,Vitesse du vent,m/s,5.81
2025-12-15 14:00:00,Rayonnement solaire,Rayonnement solaire,W/m²,950.0
2025-12-15 13:00:00,Point de Rosée,Point de Rosée,°c,11.1
2025-12-15 13:00:00,Direction du vent,Direction du vent,Deg,155.2
2025-12-15 13:00:00,Humidité relative,Humidité relative,%,86.7
2025-12-15 13:00:00,Rayonnement solaire,Rayonnement solaire,W/m²,951.5
2025-12-15 13:00:00,Température,Température,°c,13.3
2025-12-15 13:00:00,Vitesse du vent,Vitesse du vent,m/s,4.23
2025-12-15 12:00:00,Vitesse du vent,Vitesse du vent,m/s,6.0
2025-12-15 12:00:00,Point de Rosée,Point de Rosée,°c,9.8
2025-12-15 12:00:00,Humidité relative,Humidité relative,%,72.7
2025-12-15 12:00:00,Température,Température,°c,14.6
2025-12-15 12:00:00,Direction du vent,Direction du vent,Deg,166.5
2025-12-15 12:00:00,Rayonnement solaire,Rayonnement solaire,W/m²,952.4
2025-12-15 11:00:00,Direction du vent,Direction du vent,Deg,183.2
2025-12-15 11:00:00,Température,Température,°c,14.6
2025-12-15 11:00:00,Vitesse du vent,Vitesse du vent,m/s,6.17
2025-12-15 11:00:00,Point de Rosée,Point de Rosée,°c,9.6
2025-12-15 11:00:00,Rayonnement solaire,Rayonnement solaire,W/m²,952.6
2025-12-15 11:00:00,Humidité relative,Humidité relative,%,71.9
2025-12-15 10:00:00,Vitesse du vent,Vitesse du vent,m/s,5.36
2025-12-15 10:00:00,Point de Rosée,Point de Rosée,°c,9.5
2025-12-15 10:00:00,Humidité relative,Humidité relative,%,72.0
2025-12-15 10:00:00,Température,Température,°c,14.5
2025-12-15 10:00:00,Direction du vent,Direction du vent,Deg,185.7
2025-12-15 10:00:00,Rayonnement solaire,Rayonnement solaire,W/m²,952.7
2025-12-15 09:00:00,Point de Rosée,Point de Rosée,°c,9.8
2025-12-15 09:00:00,Température,Température,°c,14.0
2025-12-15 09:00:00,Humidité relative,Humidité relative,%,75.6
2025-12-15 09:00:00,Rayonnement solaire,Rayonnement solaire,W/m²,952.6
2025-12-15 09:00:00,Vitesse du vent,Vitesse du vent,m/s,7.8
2025-12-15 09:00:00,Direction du vent,Direction du vent,Deg,167.0
2025-12-15 08:00:00,Humidité relative,Humidité relative,%,77.0
2025-12-15 08:00:00,Rayonnement solaire,Rayonnement solaire,W/m²,951.9
2025-12-15 08:00:00,Vitesse du vent,Vitesse du vent,m/s,7.2
2025-12-15 08:00:00,Direction du vent,Direction du vent,Deg,155.1
2025-12-15 08:00:00,Température,Température,°c,13.9
2025-12-15 08:00:00,Point de Rosée,Point de Rosée,°c,9.9
2025-12-15 07:00:00,Humidité relative,Humidité relative,%,77.1
2025-12-15 07:00:00,Direction du vent,Direction du vent,Deg,140.5
2025-12-15 07:00:00,Température,Température,°c,13.2
2025-12-15 07:00:00,Vitesse du vent,Vitesse du vent,m/s,2.3
2025-12-15 07:00:00,Point de Rosée,Point de Rosée,°c,9.2
2025-12-15 07:00:00,Rayonnement solaire,Rayonnement solaire,W/m²,952.3
2025-12-15 06:00:00,Température,Température,°c,12.9
2025-12-15 06:00:00,Humidité relative,Humidité relative,%,77.1
2025-12-15 06:00:00,Point de Rosée,Point de Rosée,°c,9.0
2025-12-15 06:00:00,Rayonnement solaire,Rayonnement solaire,W/m²,952.2
2025-12-15 06:00:00,Direction du vent,Direction du vent,Deg,163.5
2025-12-15 06:00:00,Vitesse du vent,Vitesse du vent,m/s,6.04
2025-12-15 05:00:00,Rayonnement solaire,Rayonnement solaire,W/m²,952.6
2025-12-15 05:00:00,Point de Rosée,Point de Rosée,°c,8.6
2025-12-15 05:00:00,Humidité relative,Humidité relative,%,76.1
2025-12-15 05:00:00,Température,Température,°c,12.7
2025-12-15 05:00:00,Direction du vent,Direction du vent,Deg,151.4
2025-12-15 05:00:00,Vitesse du vent,Vitesse du vent,m/s,3.32
2025-12-15 04:00:00,Température,Température,°c,12.6
2025-12-15 04:00:00,Vitesse du vent,Vitesse du vent,m/s,7.36
2025-12-15 04:00:00,Point de Rosée,Point de Rosée,°c,8.0
2025-12-15 04:00:00,Direction du vent,Direction du vent,Deg,149.8
2025-12-15 04:00:00,Humidité relative,Humidité relative,%,73.7
2025-12-15 04:00:00,Rayonnement solaire,Rayonnement solaire,W/m²,953.0
2025-12-15 03:00:00,Rayonnement solaire,Rayonnement solaire,W/m²,954.3
2025-12-15 03:00:00,Point de Rosée,Point de Rosée,°c,7.9
2025-12-15 03:00:00,Humidité relative,Humidité relative,%,80.2
2025-12-15 03:00:00,Température,Température,°c,11.2
2025-12-15 03:00:00,Direction du vent,Direction du vent,Deg,158.9
2025-12-15 03:00:00,Vitesse du vent,Vitesse du vent,m/s,2.7
2025-12-15 02:00:00,Température,Température,°c,11.1
2025-12-15 02:00:00,Vitesse du vent,Vitesse du vent,m/s,3.29
2025-12-15 02:00:00,Point de Rosée,Point de Rosée,°c,7.6
2025-12-15 02:00:00,Direction du vent,Direction du vent,Deg,119.3
2025-12-15 02:00:00,Humidité relative,Humidité relative,%,79.1
2025-12-15 02:00:00,Rayonnement solaire,Rayonnement solaire,W/m²,954.5
2025-12-15 01:00:00,Humidité relative,Humidité relative,%,82.0
2025-12-15 01:00:00,Point de Rosée,Point de Rosée,°c,7.8
2025-12-15 01:00:00,Température,Température,°c,10.7
2025-12-15 01:00:00,Direction du vent,Direction du vent,Deg,173.7
2025-12-15 01:00:00,Vitesse du vent,Vitesse du vent,m/s,4.05
2025-12-15 01:00:00,Rayonnement solaire,Rayonnement solaire,W/m²,954.3
2025-12-15 00:00:00,Vitesse du vent,Vitesse du vent,m/s,3.94
2025-12-15 00:00:00,Humidité relative,Humidité relative,%,83.8
2025-12-15 00:00:00,Point de Rosée,Point de Rosée,°c,8.0
2025-12-15 00:00:00,Direction du vent,Direction du vent,Deg,170.3
2025-12-15 00:00:00,Rayonnement solaire,Rayonnement solaire,W/m²,954.6
2025-12-15 00:00:00,Température,Température,°c,10.6
2025-12-14 23:00:00,Température,Température,°c,11.8
2025-12-14 23:00:00,Point de Rosée,Point de Rosée,°c,8.5
2025-12-14 23:00:00,Vitesse du vent,Vitesse du vent,m/s,4.1
2025-12-14 23:00:00,Rayonnement solaire,Rayonnement solaire,W/m²,955.0
2025-12-14 23:00:00,Humidité relative,Humidité relative,%,80.1
2025-12-14 23:00:00,Direction du vent,Direction du vent,Deg,182.2
2025-12-14 22:00:00,Température,Température,°c,12.6
2025-12-14 22:00:00,Point de Rosée,Point de Rosée,°c,9.4
2025-12-14 22:00:00,Humidité relative,Humidité relative,%,81.1
2025-12-14 22:00:00,Direction du vent,Direction du vent,Deg,181.6
2025-12-14 22:00:00,Vitesse du vent,Vitesse du vent,m/s,4.31
2025-12-14 22:00:00,Rayonnement solaire,Rayonnement solaire,W/m²,954.4
2025-12-14 21:00:00,Direction du vent,Direction du vent,Deg,134.5
2025-12-14 21:00:00,Température,Température,°c,11.3
2025-12-14 21:00:00,Vitesse du vent,Vitesse du vent,m/s,0.96
2025-12-14 21:00:00,Point de Rosée,Point de Rosée,°c,8.1
2025-12-14 21:00:00,Rayonnement solaire,Rayonnement solaire,W/m²,955.0
2025-12-14 21:00:00,Humidité relative,Humidité relative,%,81.0
2025-12-14 20:00:00,Vitesse du vent,Vitesse du vent,m/s,3.69
2025-12-14 20:00:00,Point de Rosée,Point de Rosée,°c,8.0
2025-12-14 20:00:00,Humidité relative,Humidité relative,%,80.3
2025-12-14 20:00:00,Température,Température,°c,11.3
2025-12-14 20:00:00,Direction du vent,Direction du vent,Deg,193.1
2025-12-14 20:00:00,Rayonnement solaire,Rayonnement solaire,W/m²,954.9
2025-12-14 19:00:00,Point de Rosée,Point de Rosée,°c,7.8
2025-12-14 19:00:00,Humidité relative,Humidité relative,%,76.4
2025-12-14 19:00:00,Vitesse du vent,Vitesse du vent,m/s,0.69
2025-12-14 19:00:00,Rayonnement solaire,Rayonnement solaire,W/m²,954.4
2025-12-14 19:00:00,Direction du vent,Direction du vent,Deg,125.6
2025-12-14 19:00:00,Température,Température,°c,11.8
2025-12-14 18:00:00,Humidité relative,Humidité relative,%,73.2
2025-12-14 18:00:00,Rayonnement solaire,Rayonnement solaire,W/m²,954.3
2025-12-14 18:00:00,Vitesse du vent,Vitesse du vent,m/s,1.19
2025-12-14 18:00:00,Direction du vent,Direction du vent,Deg,90.4
2025-12-14 18:00:00,Température,Température,°c,13.4
2025-12-14 18:00:00,Point de Rosée,Point de Rosée,°c,8.7
2025-12-14 17:00:00,Température,Température,°c,14.8
2025-12-14 17:00:00,Point de Rosée,Point de Rosée,°c,8.5
2025-12-14 17:00:00,Rayonnement solaire,Rayonnement solaire,W/m²,954.1
2025-12-14 17:00:00,Humidité relative,Humidité relative,%,66.1
2025-12-14 17:00:00,Vitesse du vent,Vitesse du vent,m/s,4.9
2025-12-14 17:00:00,Direction du vent,Direction du vent,Deg,148.7
2025-12-14 16:00:00,Point de Rosée,Point de Rosée,°c,7.9
2025-12-14 16:00:00,Température,Température,°c,15.9
2025-12-14 16:00:00,Direction du vent,Direction du vent,Deg,149.0
2025-12-14 16:00:00,Vitesse du vent,Vitesse du vent,m/s,4.3
2025-12-14 16:00:00,Humidité relative,Humidité relative,%,58.9
2025-12-14 16:00:00,Rayonnement solaire,Rayonnement solaire,W/m²,954.1
2025-12-14 14:00:00,Vitesse du vent,Vitesse du vent,m/s,6.46
2025-12-14 14:00:00,Température,Température,°c,16.8
2025-12-14 14:00:00,Point de Rosée,Point de Rosée,°c,8.0
2025-12-14 14:00:00,Rayonnement solaire,Rayonnement solaire,W/m²,954.7
2025-12-14 14:00:00,Direction du vent,Direction du vent,Deg,158.0
2025-12-14 14:00:00,Humidité relative,Humidité relative,%,56.0
2025-12-14 12:00:00,Point de Rosée,Point de Rosée,°c,8.1
2025-12-14 12:00:00,Rayonnement solaire,Rayonnement solaire,W/m²,956.0
2025-12-14 12:00:00,Vitesse du vent,Vitesse du vent,m/s,4.38
2025-12-14 12:00:00,Direction du vent,Direction du vent,Deg,197.1
2025-12-14 12:00:00,Température,Température,°c,15.4
2025-12-14 12:00:00,Humidité relative,Humidité relative,%,61.7
2025-12-14 11:00:00,Vitesse du vent,Vitesse du vent,m/s,5.75
2025-12-14 11:00:00,Température,Température,°c,14.0
2025-12-14 11:00:00,Rayonnement solaire,Rayonnement solaire,W/m²,956.7
2025-12-14 11:00:00,Humidité relative,Humidité relative,%,69.2
2025-12-14 11:00:00,Direction du vent,Direction du vent,Deg,151.2
2025-12-14 11:00:00,Point de Rosée,Point de Rosée,°c,8.4
2025-12-14 10:00:00,Rayonnement solaire,Rayonnement solaire,W/m²,957.2
2025-12-14 10:00:00,Vitesse du vent,Vitesse du vent,m/s,3.85
2025-12-14 10:00:00,Direction du vent,Direction du vent,Deg,163.8
2025-12-14 10:00:00,Température,Température,°c,10.8
2025-12-14 10:00:00,Humidité relative,Humidité relative,%,78.0
2025-12-14 10:00:00,Point de Rosée,Point de Rosée,°c,7.1
2025-12-14 08:00:00,Rayonnement solaire,Rayonnement solaire,W/m²,956.5
2025-12-14 08:00:00,Vitesse du vent,Vitesse du vent,m/s,1.58
2025-12-14 08:00:00,Direction du vent,Direction du vent,Deg,132.4
2025-12-14 08:00:00,Température,Température,°c,4.7
2025-12-14 08:00:00,Humidité relative,Humidité relative,%,100.0
2025-12-14 08:00:00,Point de Rosée,Point de Rosée,°c,4.7
2025-12-14 07:00:00,Direction du vent,Direction du vent,Deg,98.3
2025-12-14 07:00:00,Rayonnement solaire,Rayonnement solaire,W/m²,956.3
2025-12-14 07:00:00,Vitesse du vent,Vitesse du vent,m/s,1.27
2025-12-14 07:00:00,Température,Température,°c,5.3
2025-12-14 07:00:00,Humidité relative,Humidité relative,%,100.0
2025-12-14 07:00:00,Point de Rosée,Point de Rosée,°c,5.3
2025-12-14 06:00:00,Rayonnement solaire,Rayonnement solaire,W/m²,956.2
2025-12-14 06:00:00,Température,Température,°c,4.6
2025-12-14 06:00:00,Point de Rosée,Point de Rosée,°c,4.6
2025-12-14 06:00:00,Humidité relative,Humidité relative,%,100.0
2025-12-14 06:00:00,Direction du vent,Direction du vent,Deg,129.3
2025-12-14 06:00:00,Vitesse du vent,Vitesse du vent,m/s,0.75
2025-12-14 05:00:00,Rayonnement solaire,Rayonnement solaire,W/m²,956.5
2025-12-14 05:00:00,Point de Rosée,Point de Rosée,°c,5.5
2025-12-14 05:00:00,Humidité relative,Humidité relative,%,98.9
2025-12-14 05:00:00,Température,Température,°c,5.7
2025-12-14 05:00:00,Direction du vent,Direction du vent,Deg,54.9
2025-12-14 05:00:00,Vitesse du vent,Vitesse du vent,m/s,1.04
2025-12-14 04:00:00,Vitesse du vent,Vitesse du vent,m/s,0.53
2025-12-14 04:00:00,Rayonnement solaire,Rayonnement solaire,W/m²,956.4
2025-12-14 04:00:00,Point de Rosée,Point de Rosée,°c,5.3
2025-12-14 04:00:00,Direction du vent,Direction du vent,Deg,65.7
2025-12-14 04:00:00,Humidité relative,Humidité relative,%,97.0
2025-12-14 04:00:00,Température,Température,°c,5.8
2025-12-14 03:00:00,Vitesse du vent,Vitesse du vent,m/s,0.8
2025-12-14 03:00:00,Point de Rosée,Point de Rosée,°c,6.0
2025-12-14 03:00:00,Humidité relative,Humidité relative,%,95.8
2025-12-14 03:00:00,Température,Température,°c,6.6
2025-12-14 03:00:00,Direction du vent,Direction du vent,Deg,145.2
2025-12-14 03:00:00,Rayonnement solaire,Rayonnement solaire,W/m²,956.5
2025-12-14 02:00:00,Direction du vent,Direction du vent,Deg,150.1
2025-12-14 02:00:00,Point de Rosée,Point de Rosée,°c,5.8
2025-12-14 02:00:00,Humidité relative,Humidité relative,%,93.9
2025-12-14 02:00:00,Vitesse du vent,Vitesse du vent,m/s,0.49
2025-12-14 02:00:00,Température,Température,°c,6.7
2025-12-14 02:00:00,Rayonnement solaire,Rayonnement solaire,W/m²,956.3
2025-12-14 01:00:00,Vitesse du vent,Vitesse du vent,m/s,1.25
2025-12-14 01:00:00,Point de Rosée,Point de Rosée,°c,5.2
2025-12-14 01:00:00,Humidité relative,Humidité relative,%,89.1
2025-12-14 01:00:00,Température,Température,°c,6.9
2025-12-14 01:00:00,Direction du vent,Direction du vent,Deg,125.3
2025-12-14 01:00:00,Rayonnement solaire,Rayonnement solaire,W/m²,956.3
2025-12-14 00:00:00,Rayonnement solaire,Rayonnement solaire,W/m²,956.7
2025-12-14 00:00:00,Direction du vent,Direction du vent,Deg,134.5
2025-12-14 00:00:00,Point de Rosée,Point de Rosée,°c,6.1
2025-12-14 00:00:00,Humidité relative,Humidité relative,%,91.0
2025-12-14 00:00:00,Vitesse du vent,Vitesse du vent,m/s,0.95
2025-12-14 00:00:00,Température,Température,°c,7.5
2025-12-13 23:00:00,Rayonnement solaire,Rayonnement solaire,W/m²,956.7
2025-12-13 23:00:00,Vitesse du vent,Vitesse du vent,m/s,0.57
2025-12-13 23:00:00,Direction du vent,Direction du vent,Deg,45.7
2025-12-13 23:00:00,Température,Température,°c,7.1
2025-12-13 23:00:00,Humidité relative,Humidité relative,%,87.1
2025-12-13 23:00:00,Point de Rosée,Point de Rosée,°c,5.1
2025-12-13 22:00:00,Rayonnement solaire,Rayonnement solaire,W/m²,956.4
2025-12-13 22:00:00,Point de Rosée,Point de Rosée,°c,6.1
2025-12-13 22:00:00,Température,Température,°c,8.7
2025-12-13 22:00:00,Direction du vent,Direction du vent,Deg,190.8
2025-12-13 22:00:00,Vitesse du vent,Vitesse du vent,m/s,1.44
2025-12-13 22:00:00,Humidité relative,Humidité relative,%,84.2
2025-12-13 21:00:00,Rayonnement solaire,Rayonnement solaire,W/m²,956.1
2025-12-13 21:00:00,Point de Rosée,Point de Rosée,°c,6.3
2025-12-13 21:00:00,Humidité relative,Humidité relative,%,80.5
2025-12-13 21:00:00,Température,Température,°c,9.5
2025-12-13 21:00:00,Direction du vent,Direction du vent,Deg,209.6
2025-12-13 21:00:00,Vitesse du vent,Vitesse du vent,m/s,0.66
2025-12-13 20:00:00,Température,Température,°c,10.4
2025-12-13 20:00:00,Vitesse du vent,Vitesse du vent,m/s,0.35
2025-12-13 20:00:00,Point de Rosée,Point de Rosée,°c,6.7
2025-12-13 20:00:00,Direction du vent,Direction du vent,Deg,302.1
2025-12-13 20:00:00,Humidité relative,Humidité relative,%,77.9
2025-12-13 20:00:00,Rayonnement solaire,Rayonnement solaire,W/m²,955.8
2025-12-13 19:00:00,Rayonnement solaire,Rayonnement solaire,W/m²,955.4
2025-12-13 19:00:00,Point de Rosée,Point de Rosée,°c,7.0
2025-12-13 19:00:00,Humidité relative,Humidité relative,%,74.2
2025-12-13 19:00:00,Température,Température,°c,11.4
2025-12-13 19:00:00,Direction du vent,Direction du vent,Deg,165.5
2025-12-13 19:00:00,Vitesse du vent,Vitesse du vent,m/s,1.17
2025-12-13 18:00:00,Température,Température,°c,13.6
2025-12-13 18:00:00,Vitesse du vent,Vitesse du vent,m/s,1.85
2025-12-13 18:00:00,Point de Rosée,Point de Rosée,°c,7.4
2025-12-13 18:00:00,Direction du vent,Direction du vent,Deg,128.5
2025-12-13 18:00:00,Humidité relative,Humidité relative,%,66.3
2025-12-13 18:00:00,Rayonnement solaire,Rayonnement solaire,W/m²,954.9
2025-12-13 17:00:00,Vitesse du vent,Vitesse du vent,m/s,2.59
2025-12-13 17:00:00,Point de Rosée,Point de Rosée,°c,7.3
2025-12-13 17:00:00,Humidité relative,Humidité relative,%,57.8
2025-12-13 17:00:00,Température,Température,°c,15.6
2025-12-13 17:00:00,Direction du vent,Direction du vent,Deg,109.4
2025-12-13 17:00:00,Rayonnement solaire,Rayonnement solaire,W/m²,954.5
2025-12-13 16:00:00,Rayonnement solaire,Rayonnement solaire,W/m²,954.4
2025-12-13 16:00:00,Direction du vent,Direction du vent,Deg,118.4
2025-12-13 16:00:00,Humidité relative,Humidité relative,%,53.1
2025-12-13 16:00:00,Température,Température,°c,16.9
2025-12-13 16:00:00,Vitesse du vent,Vitesse du vent,m/s,2.87
2025-12-13 16:00:00,Point de Rosée,Point de Rosée,°c,7.3
2025-12-13 15:00:00,Humidité relative,Humidité relative,%,52.5
2025-12-13 15:00:00,Rayonnement solaire,Rayonnement solaire,W/m²,954.3
2025-12-13 15:00:00,Point de Rosée,Point de Rosée,°c,7.6
2025-12-13 15:00:00,Température,Température,°c,17.4
2025-12-13 15:00:00,Direction du vent,Direction du vent,Deg,128.3
2025-12-13 15:00:00,Vitesse du vent,Vitesse du vent,m/s,2.85
2025-12-13 14:00:00,Température,Température,°c,17.7
2025-12-13 14:00:00,Rayonnement solaire,Rayonnement solaire,W/m²,954.4
2025-12-13 14:00:00,Direction du vent,Direction du vent,Deg,121.9
2025-12-13 14:00:00,Vitesse du vent,Vitesse du vent,m/s,3.48
2025-12-13 14:00:00,Humidité relative,Humidité relative,%,54.0
2025-12-13 14:00:00,Point de Rosée,Point de Rosée,°c,8.3
2025-12-13 13:00:00,Vitesse du vent,Vitesse du vent,m/s,2.27
2025-12-13 13:00:00,Point de Rosée,Point de Rosée,°c,8.8
2025-12-13 13:00:00,Humidité relative,Humidité relative,%,58.3
2025-12-13 13:00:00,Température,Température,°c,17.0
2025-12-13 13:00:00,Direction du vent,Direction du vent,Deg,126.3
2025-12-13 13:00:00,Rayonnement solaire,Rayonnement solaire,W/m²,954.7
2025-12-13 12:00:00,Direction du vent,Direction du vent,Deg,148.9
2025-12-13 12:00:00,Humidité relative,Humidité relative,%,66.3
2025-12-13 12:00:00,Point de Rosée,Point de Rosée,°c,8.8
2025-12-13 12:00:00,Vitesse du vent,Vitesse du vent,m/s,2.6
2025-12-13 12:00:00,Température,Température,°c,15.0
2025-12-13 12:00:00,Rayonnement solaire,Rayonnement solaire,W/m²,955.8
2025-12-13 11:00:00,Rayonnement solaire,Rayonnement solaire,W/m²,956.1
2025-12-13 11:00:00,Point de Rosée,Point de Rosée,°c,9.2
2025-12-13 11:00:00,Humidité relative,Humidité relative,%,71.3
2025-12-13 11:00:00,Température,Température,°c,14.4
2025-12-13 11:00:00,Direction du vent,Direction du vent,Deg,143.8
2025-12-13 11:00:00,Vitesse du vent,Vitesse du vent,m/s,1.71
2025-12-13 10:00:00,Point de Rosée,Point de Rosée,°c,7.9
2025-12-13 10:00:00,Direction du vent,Direction du vent,Deg,89.8
2025-12-13 10:00:00,Rayonnement solaire,Rayonnement solaire,W/m²,956.1
2025-12-13 10:00:00,Humidité relative,Humidité relative,%,80.4
2025-12-13 10:00:00,Vitesse du vent,Vitesse du vent,m/s,0.48
2025-12-13 10:00:00,Température,Température,°c,11.1
2025-12-13 09:00:00,Direction du vent,Direction du vent,Deg,62.6
2025-12-13 09:00:00,Point de Rosée,Point de Rosée,°c,6.9
2025-12-13 09:00:00,Humidité relative,Humidité relative,%,90.6
2025-12-13 09:00:00,Température,Température,°c,8.3
2025-12-13 09:00:00,Vitesse du vent,Vitesse du vent,m/s,1.75
2025-12-13 09:00:00,Rayonnement solaire,Rayonnement solaire,W/m²,955.5
2025-12-13 08:00:00,Rayonnement solaire,Rayonnement solaire,W/m²,955.0
2025-12-13 08:00:00,Direction du vent,Direction du vent,Deg,166.5
2025-12-13 08:00:00,Humidité relative,Humidité relative,%,100.0
2025-12-13 08:00:00,Température,Température,°c,6.4
2025-12-13 08:00:00,Point de Rosée,Point de Rosée,°c,6.4
2025-12-13 08:00:00,Vitesse du vent,Vitesse du vent,m/s,1.31
2025-12-13 07:00:00,Point de Rosée,Point de Rosée,°c,5.9
2025-12-13 07:00:00,Vitesse du vent,Vitesse du vent,m/s,0.82
2025-12-13 07:00:00,Rayonnement solaire,Rayonnement solaire,W/m²,954.2
2025-12-13 07:00:00,Direction du vent,Direction du vent,Deg,138.5
2025-12-13 07:00:00,Humidité relative,Humidité relative,%,95.6
2025-12-13 07:00:00,Température,Température,°c,6.5
2025-12-13 06:00:00,Rayonnement solaire,Rayonnement solaire,W/m²,953.8
2025-12-13 06:00:00,Point de Rosée,Point de Rosée,°c,6.6
2025-12-13 06:00:00,Humidité relative,Humidité relative,%,91.7
2025-12-13 06:00:00,Température,Température,°c,7.9
2025-12-13 06:00:00,Direction du vent,Direction du vent,Deg,130.3
2025-12-13 06:00:00,Vitesse du vent,Vitesse du vent,m/s,1.35
2025-12-13 05:00:00,Vitesse du vent,Vitesse du vent,m/s,0.72
2025-12-13 05:00:00,Point de Rosée,Point de Rosée,°c,7.0
2025-12-13 05:00:00,Humidité relative,Humidité relative,%,90.0
2025-12-13 05:00:00,Température,Température,°c,8.6
2025-12-13 05:00:00,Direction du vent,Direction du vent,Deg,119.0
2025-12-13 05:00:00,Rayonnement solaire,Rayonnement solaire,W/m²,953.1
2025-12-13 04:00:00,Direction du vent,Direction du vent,Deg,134.0
2025-12-13 04:00:00,Humidité relative,Humidité relative,%,88.7
2025-12-13 04:00:00,Point de Rosée,Point de Rosée,°c,7.5
2025-12-13 04:00:00,Vitesse du vent,Vitesse du vent,m/s,0.26
2025-12-13 04:00:00,Température,Température,°c,9.3
2025-12-13 04:00:00,Rayonnement solaire,Rayonnement solaire,W/m²,953.3
2025-12-13 03:00:00,Rayonnement solaire,Rayonnement solaire,W/m²,953.7
2025-12-13 03:00:00,Point de Rosée,Point de Rosée,°c,7.7
2025-12-13 03:00:00,Humidité relative,Humidité relative,%,87.8
2025-12-13 03:00:00,Température,Température,°c,9.6
2025-12-13 03:00:00,Direction du vent,Direction du vent,Deg,135.8
2025-12-13 03:00:00,Vitesse du vent,Vitesse du vent,m/s,1.16
2025-12-13 02:00:00,Vitesse du vent,Vitesse du vent,m/s,1.09
2025-12-13 02:00:00,Direction du vent,Direction du vent,Deg,171.6
2025-12-13 02:00:00,Rayonnement solaire,Rayonnement solaire,W/m²,953.4
2025-12-13 02:00:00,Humidité relative,Humidité relative,%,85.1
2025-12-13 02:00:00,Point de Rosée,Point de Rosée,°c,8.0
2025-12-13 02:00:00,Température,Température,°c,10.4
2025-12-13 01:00:00,Rayonnement solaire,Rayonnement solaire,W/m²,953.1
2025-12-13 01:00:00,Point de Rosée,Point de Rosée,°c,8.1
2025-12-13 01:00:00,Humidité relative,Humidité relative,%,83.6
2025-12-13 01:00:00,Température,Température,°c,10.8
2025-12-13 01:00:00,Direction du vent,Direction du vent,Deg,163.7
2025-12-13 01:00:00,Vitesse du vent,Vitesse du vent,m/s,1.06
2025-12-13 00:00:00,Rayonnement solaire,Rayonnement solaire,W/m²,953.0
2025-12-13 00:00:00,Direction du vent,Direction du vent,Deg,175.4
2025-12-13 00:00:00,Point de Rosée,Point de Rosée,°c,8.8
2025-12-13 00:00:00,Température,Température,°c,11.8
2025-12-13 00:00:00,Humidité relative,Humidité relative,%,81.8
2025-12-13 00:00:00,Vitesse du vent,Vitesse du vent,m/s,2.5
2025-12-12 23:00:00,Point de Rosée,Point de Rosée,°c,9.0
2025-12-12 23:00:00,Vitesse du vent,Vitesse du vent,m/s,1.7
2025-12-12 23:00:00,Rayonnement solaire,Rayonnement solaire,W/m²,953.1
2025-12-12 23:00:00,Direction du vent,Direction du vent,Deg,155.6
2025-12-12 23:00:00,Humidité relative,Humidité relative,%,80.5
2025-12-12 23:00:00,Température,Température,°c,12.3
2025-12-12 22:00:00,Rayonnement solaire,Rayonnement solaire,W/m²,952.8
2025-12-12 22:00:00,Point de Rosée,Point de Rosée,°c,8.9
2025-12-12 22:00:00,Humidité relative,Humidité relative,%,82.3
2025-12-12 22:00:00,Température,Température,°c,11.8
2025-12-12 22:00:00,Direction du vent,Direction du vent,Deg,123.5
2025-12-12 22:00:00,Vitesse du vent,Vitesse du vent,m/s,2.42
2025-12-12 21:00:00,Point de Rosée,Point de Rosée,°c,9.1
2025-12-12 21:00:00,Humidité relative,Humidité relative,%,80.9
2025-12-12 21:00:00,Température,Température,°c,12.3
2025-12-12 21:00:00,Direction du vent,Direction du vent,Deg,161.4
2025-12-12 21:00:00,Vitesse du vent,Vitesse du vent,m/s,4.08
2025-12-12 21:00:00,Rayonnement solaire,Rayonnement solaire,W/m²,952.4
2025-12-12 20:00:00,Vitesse du vent,Vitesse du vent,m/s,2.52
2025-12-12 20:00:00,Point de Rosée,Point de Rosée,°c,8.7
2025-12-12 20:00:00,Direction du vent,Direction du vent,Deg,133.8
2025-12-12 20:00:00,Humidité relative,Humidité relative,%,78.5
2025-12-12 20:00:00,Rayonnement solaire,Rayonnement solaire,W/m²,952.1
2025-12-12 20:00:00,Température,Température,°c,12.3
2025-12-12 19:00:00,Point de Rosée,Point de Rosée,°c,8.6
2025-12-12 19:00:00,Humidité relative,Humidité relative,%,76.7
2025-12-12 19:00:00,Température,Température,°c,12.6
2025-12-12 19:00:00,Direction du vent,Direction du vent,Deg,141.3
2025-12-12 19:00:00,Rayonnement solaire,Rayonnement solaire,W/m²,951.4
2025-12-12 19:00:00,Vitesse du vent,Vitesse du vent,m/s,4.23
2025-12-12 18:00:00,Température,Température,°c,12.6
2025-12-12 18:00:00,Rayonnement solaire,Rayonnement solaire,W/m²,950.7
2025-12-12 18:00:00,Vitesse du vent,Vitesse du vent,m/s,3.51
2025-12-12 18:00:00,Direction du vent,Direction du vent,Deg,167.3
2025-12-12 18:00:00,Humidité relative,Humidité relative,%,76.3
2025-12-12 18:00:00,Point de Rosée,Point de Rosée,°c,8.5
2025-12-12 17:00:00,Point de Rosée,Point de Rosée,°c,8.5
2025-12-12 17:00:00,Humidité relative,Humidité relative,%,66.8
2025-12-12 17:00:00,Température,Température,°c,14.6
2025-12-12 17:00:00,Direction du vent,Direction du vent,Deg,150.2
2025-12-12 17:00:00,Vitesse du vent,Vitesse du vent,m/s,6.64
2025-12-12 17:00:00,Rayonnement solaire,Rayonnement solaire,W/m²,950.4
2025-12-12 16:00:00,Vitesse du vent,Vitesse du vent,m/s,4.01
2025-12-12 16:00:00,Point de Rosée,Point de Rosée,°c,6.7
2025-12-12 16:00:00,Direction du vent,Direction du vent,Deg,176.3
2025-12-12 16:00:00,Humidité relative,Humidité relative,%,50.1
2025-12-12 16:00:00,Rayonnement solaire,Rayonnement solaire,W/m²,950.0
2025-12-12 16:00:00,Température,Température,°c,17.2
2025-12-12 15:00:00,Point de Rosée,Point de Rosée,°c,6.9
2025-12-12 15:00:00,Humidité relative,Humidité relative,%,50.1
2025-12-12 15:00:00,Température,Température,°c,17.4
2025-12-12 15:00:00,Direction du vent,Direction du vent,Deg,182.1
2025-12-12 15:00:00,Vitesse du vent,Vitesse du vent,m/s,2.82
2025-12-12 15:00:00,Rayonnement solaire,Rayonnement solaire,W/m²,950.0
2025-12-12 14:00:00,Vitesse du vent,Vitesse du vent,m/s,6.13
2025-12-12 14:00:00,Point de Rosée,Point de Rosée,°c,6.6
2025-12-12 14:00:00,Direction du vent,Direction du vent,Deg,178.7
2025-12-12 14:00:00,Humidité relative,Humidité relative,%,50.1
2025-12-12 14:00:00,Rayonnement solaire,Rayonnement solaire,W/m²,950.0
2025-12-12 14:00:00,Température,Température,°c,17.1
2025-12-12 13:00:00,Direction du vent,Direction du vent,Deg,188.2
2025-12-12 13:00:00,Point de Rosée,Point de Rosée,°c,7.1
2025-12-12 13:00:00,Humidité relative,Humidité relative,%,53.2
2025-12-12 13:00:00,Température,Température,°c,16.7
2025-12-12 13:00:00,Vitesse du vent,Vitesse du vent,m/s,4.5
2025-12-12 13:00:00,Rayonnement solaire,Rayonnement solaire,W/m²,950.9
2025-12-12 12:00:00,Point de Rosée,Point de Rosée,°c,8.2
2025-12-12 12:00:00,Direction du vent,Direction du vent,Deg,170.6
2025-12-12 12:00:00,Vitesse du vent,Vitesse du vent,m/s,2.74
2025-12-12 12:00:00,Rayonnement solaire,Rayonnement solaire,W/m²,951.7
2025-12-12 12:00:00,Humidité relative,Humidité relative,%,61.1
2025-12-12 12:00:00,Température,Température,°c,15.7
2025-12-12 11:00:00,Point de Rosée,Point de Rosée,°c,7.8
2025-12-12 11:00:00,Humidité relative,Humidité relative,%,68.5
2025-12-12 11:00:00,Température,Température,°c,13.5
2025-12-12 11:00:00,Direction du vent,Direction du vent,Deg,154.8
2025-12-12 11:00:00,Rayonnement solaire,Rayonnement solaire,W/m²,952.6
2025-12-12 11:00:00,Vitesse du vent,Vitesse du vent,m/s,3.52
2025-12-12 10:00:00,Vitesse du vent,Vitesse du vent,m/s,3.43
2025-12-12 10:00:00,Point de Rosée,Point de Rosée,°c,7.1
2025-12-12 10:00:00,Direction du vent,Direction du vent,Deg,181.1
2025-12-12 10:00:00,Humidité relative,Humidité relative,%,77.0
2025-12-12 10:00:00,Rayonnement solaire,Rayonnement solaire,W/m²,952.9
2025-12-12 10:00:00,Température,Température,°c,11.0
2025-12-12 09:00:00,Point de Rosée,Point de Rosée,°c,7.0
2025-12-12 09:00:00,Humidité relative,Humidité relative,%,100.0
2025-12-12 09:00:00,Température,Température,°c,7.0
2025-12-12 09:00:00,Direction du vent,Direction du vent,Deg,105.7
2025-12-12 09:00:00,Vitesse du vent,Vitesse du vent,m/s,2.21
2025-12-12 09:00:00,Rayonnement solaire,Rayonnement solaire,W/m²,952.7
2025-12-12 08:00:00,Rayonnement solaire,Rayonnement solaire,W/m²,952.2
2025-12-12 08:00:00,Point de Rosée,Point de Rosée,°c,3.9
2025-12-12 08:00:00,Humidité relative,Humidité relative,%,100.0
2025-12-12 08:00:00,Température,Température,°c,3.9
2025-12-12 08:00:00,Direction du vent,Direction du vent,Deg,79.2
2025-12-12 08:00:00,Vitesse du vent,Vitesse du vent,m/s,1.04
2025-12-12 07:00:00,Point de Rosée,Point de Rosée,°c,2.9
2025-12-12 07:00:00,Vitesse du vent,Vitesse du vent,m/s,1.14
2025-12-12 07:00:00,Rayonnement solaire,Rayonnement solaire,W/m²,952.2
2025-12-12 07:00:00,Direction du vent,Direction du vent,Deg,93.5
2025-12-12 07:00:00,Humidité relative,Humidité relative,%,100.0
2025-12-12 07:00:00,Température,Température,°c,2.9
2025-12-12 06:00:00,Rayonnement solaire,Rayonnement solaire,W/m²,951.9
2025-12-12 06:00:00,Point de Rosée,Point de Rosée,°c,3.0
2025-12-12 06:00:00,Humidité relative,Humidité relative,%,100.0
2025-12-12 06:00:00,Température,Température,°c,3.0
2025-12-12 06:00:00,Direction du vent,Direction du vent,Deg,115.6
2025-12-12 06:00:00,Vitesse du vent,Vitesse du vent,m/s,1.58
2025-12-12 05:00:00,Vitesse du vent,Vitesse du vent,m/s,0.79
2025-12-12 05:00:00,Point de Rosée,Point de Rosée,°c,3.0
2025-12-12 05:00:00,Humidité relative,Humidité relative,%,99.3
2025-12-12 05:00:00,Température,Température,°c,3.1
2025-12-12 05:00:00,Direction du vent,Direction du vent,Deg,106.2
2025-12-12 05:00:00,Rayonnement solaire,Rayonnement solaire,W/m²,951.8
2025-12-12 04:00:00,Température,Température,°c,3.9
2025-12-12 04:00:00,Humidité relative,Humidité relative,%,97.4
2025-12-12 04:00:00,Vitesse du vent,Vitesse du vent,m/s,1.0
2025-12-12 04:00:00,Point de Rosée,Point de Rosée,°c,3.5
2025-12-12 04:00:00,Direction du vent,Direction du vent,Deg,91.1
2025-12-12 04:00:00,Rayonnement solaire,Rayonnement solaire,W/m²,952.3
2025-12-12 03:00:00,Vitesse du vent,Vitesse du vent,m/s,1.41
2025-12-12 03:00:00,Rayonnement solaire,Rayonnement solaire,W/m²,952.5
2025-12-12 03:00:00,Point de Rosée,Point de Rosée,°c,3.9
2025-12-12 03:00:00,Humidité relative,Humidité relative,%,95.5
2025-12-12 03:00:00,Température,Température,°c,4.5
2025-12-12 03:00:00,Direction du vent,Direction du vent,Deg,109.5
2025-12-12 02:00:00,Vitesse du vent,Vitesse du vent,m/s,2.26
2025-12-12 02:00:00,Humidité relative,Humidité relative,%,92.2
2025-12-12 02:00:00,Direction du vent,Direction du vent,Deg,75.7
2025-12-12 02:00:00,Point de Rosée,Point de Rosée,°c,3.5
2025-12-12 02:00:00,Rayonnement solaire,Rayonnement solaire,W/m²,952.7
2025-12-12 02:00:00,Température,Température,°c,4.7
2025-12-12 01:00:00,Point de Rosée,Point de Rosée,°c,3.8
2025-12-12 01:00:00,Humidité relative,Humidité relative,%,92.0
2025-12-12 01:00:00,Température,Température,°c,5.0
2025-12-12 01:00:00,Direction du vent,Direction du vent,Deg,119.9
2025-12-12 01:00:00,Vitesse du vent,Vitesse du vent,m/s,1.07
2025-12-12 01:00:00,Rayonnement solaire,Rayonnement solaire,W/m²,952.8
2025-12-12 00:00:00,Rayonnement solaire,Rayonnement solaire,W/m²,953.1
2025-12-12 00:00:00,Vitesse du vent,Vitesse du vent,m/s,1.42
2025-12-12 00:00:00,Point de Rosée,Point de Rosée,°c,3.3
2025-12-12 00:00:00,Température,Température,°c,5.3
2025-12-12 00:00:00,Direction du vent,Direction du vent,Deg,114.8
2025-12-12 00:00:00,Humidité relative,Humidité relative,%,87.3
2025-12-11 23:00:00,Point de Rosée,Point de Rosée,°c,3.3
2025-12-11 23:00:00,Vitesse du vent,Vitesse du vent,m/s,1.0
2025-12-11 23:00:00,Rayonnement solaire,Rayonnement solaire,W/m²,953.5
2025-12-11 23:00:00,Direction du vent,Direction du vent,Deg,126.7
2025-12-11 23:00:00,Humidité relative,Humidité relative,%,82.9
2025-12-11 23:00:00,Température,Température,°c,6.0
2025-12-11 22:00:00,Rayonnement solaire,Rayonnement solaire,W/m²,953.5
2025-12-11 22:00:00,Point de Rosée,Point de Rosée,°c,3.2
2025-12-11 22:00:00,Humidité relative,Humidité relative,%,77.6
2025-12-11 22:00:00,Température,Température,°c,6.9
2025-12-11 22:00:00,Direction du vent,Direction du vent,Deg,141.7
2025-12-11 22:00:00,Vitesse du vent,Vitesse du vent,m/s,1.02
2025-12-11 21:00:00,Point de Rosée,Point de Rosée,°c,4.4
2025-12-11 21:00:00,Humidité relative,Humidité relative,%,75.5
2025-12-11 21:00:00,Température,Température,°c,8.5
2025-12-11 21:00:00,Direction du vent,Direction du vent,Deg,148.1
2025-12-11 21:00:00,Vitesse du vent,Vitesse du vent,m/s,1.1
2025-12-11 21:00:00,Rayonnement solaire,Rayonnement solaire,W/m²,953.5
2025-12-11 20:00:00,Direction du vent,Direction du vent,Deg,101.9
2025-12-11 20:00:00,Point de Rosée,Point de Rosée,°c,4.8
2025-12-11 20:00:00,Température,Température,°c,9.5
2025-12-11 20:00:00,Vitesse du vent,Vitesse du vent,m/s,0.66
2025-12-11 20:00:00,Humidité relative,Humidité relative,%,72.6
2025-12-11 20:00:00,Rayonnement solaire,Rayonnement solaire,W/m²,953.0
2025-12-11 19:00:00,Direction du vent,Direction du vent,Deg,82.8
2025-12-11 19:00:00,Point de Rosée,Point de Rosée,°c,5.9
2025-12-11 19:00:00,Humidité relative,Humidité relative,%,68.5
2025-12-11 19:00:00,Température,Température,°c,11.5
2025-12-11 19:00:00,Vitesse du vent,Vitesse du vent,m/s,2.02
2025-12-11 19:00:00,Rayonnement solaire,Rayonnement solaire,W/m²,953.1
2025-12-11 18:00:00,Vitesse du vent,Vitesse du vent,m/s,1.91
2025-12-11 18:00:00,Point de Rosée,Point de Rosée,°c,5.3
2025-12-11 18:00:00,Direction du vent,Direction du vent,Deg,99.2
2025-12-11 18:00:00,Humidité relative,Humidité relative,%,57.5
2025-12-11 18:00:00,Rayonnement solaire,Rayonnement solaire,W/m²,952.6
2025-12-11 18:00:00,Température,Température,°c,13.5
2025-12-11 17:00:00,Point de Rosée,Point de Rosée,°c,8.1
2025-12-11 17:00:00,Humidité relative,Humidité relative,%,63.4
2025-12-11 17:00:00,Température,Température,°c,15.0
2025-12-11 17:00:00,Rayonnement solaire,Rayonnement solaire,W/m²,951.9
2025-12-11 17:00:00,Direction du vent,Direction du vent,Deg,346.7
2025-12-11 17:00:00,Vitesse du vent,Vitesse du vent,m/s,2.39
2025-12-11 16:00:00,Humidité relative,Humidité relative,%,50.5
2025-12-11 16:00:00,Point de Rosée,Point de Rosée,°c,7.1
2025-12-11 16:00:00,Température,Température,°c,17.5
2025-12-11 16:00:00,Direction du vent,Direction du vent,Deg,359.9
2025-12-11 16:00:00,Vitesse du vent,Vitesse du vent,m/s,3.15
2025-12-11 16:00:00,Rayonnement solaire,Rayonnement solaire,W/m²,951.5
2025-12-11 15:00:00,Direction du vent,Direction du vent,Deg,65.4
2025-12-11 15:00:00,Point de Rosée,Point de Rosée,°c,6.0
2025-12-11 15:00:00,Vitesse du vent,Vitesse du vent,m/s,1.25
2025-12-11 15:00:00,Température,Température,°c,18.7
2025-12-11 15:00:00,Rayonnement solaire,Rayonnement solaire,W/m²,951.7
2025-12-11 15:00:00,Humidité relative,Humidité relative,%,43.5
2025-12-11 14:00:00,Rayonnement solaire,Rayonnement solaire,W/m²,952.0
2025-12-11 14:00:00,Humidité relative,Humidité relative,%,47.0
2025-12-11 14:00:00,Température,Température,°c,18.0
2025-12-11 14:00:00,Direction du vent,Direction du vent,Deg,136.1
2025-12-11 14:00:00,Vitesse du vent,Vitesse du vent,m/s,1.51
2025-12-11 14:00:00,Point de Rosée,Point de Rosée,°c,6.5
2025-12-11 13:00:00,Direction du vent,Direction du vent,Deg,78.7
2025-12-11 13:00:00,Point de Rosée,Point de Rosée,°c,5.5
2025-12-11 13:00:00,Humidité relative,Humidité relative,%,48.0
2025-12-11 13:00:00,Température,Température,°c,16.6
2025-12-11 13:00:00,Vitesse du vent,Vitesse du vent,m/s,0.67
2025-12-11 13:00:00,Rayonnement solaire,Rayonnement solaire,W/m²,952.6
2025-12-11 12:00:00,Point de Rosée,Point de Rosée,°c,6.0
2025-12-11 12:00:00,Direction du vent,Direction du vent,Deg,125.4
2025-12-11 12:00:00,Vitesse du vent,Vitesse du vent,m/s,0.7
2025-12-11 12:00:00,Rayonnement solaire,Rayonnement solaire,W/m²,953.6
2025-12-11 12:00:00,Humidité relative,Humidité relative,%,55.3
2025-12-11 12:00:00,Température,Température,°c,14.9
2025-12-11 11:00:00,Point de Rosée,Point de Rosée,°c,5.6
2025-12-11 11:00:00,Humidité relative,Humidité relative,%,65.1
2025-12-11 11:00:00,Température,Température,°c,12.0
2025-12-11 11:00:00,Direction du vent,Direction du vent,Deg,125.6
2025-12-11 11:00:00,Vitesse du vent,Vitesse du vent,m/s,1.1
2025-12-11 11:00:00,Rayonnement solaire,Rayonnement solaire,W/m²,954.5
2025-12-11 10:00:00,Direction du vent,Direction du vent,Deg,139.2
2025-12-11 10:00:00,Point de Rosée,Point de Rosée,°c,4.3
2025-12-11 10:00:00,Vitesse du vent,Vitesse du vent,m/s,1.91
2025-12-11 10:00:00,Humidité relative,Humidité relative,%,74.9
2025-12-11 10:00:00,Rayonnement solaire,Rayonnement solaire,W/m²,954.9
2025-12-11 10:00:00,Température,Température,°c,8.5
2025-12-11 09:00:00,Direction du vent,Direction du vent,Deg,141.7
2025-12-11 09:00:00,Point de Rosée,Point de Rosée,°c,3.8
2025-12-11 09:00:00,Humidité relative,Humidité relative,%,95.3
2025-12-11 09:00:00,Température,Température,°c,4.5
2025-12-11 09:00:00,Vitesse du vent,Vitesse du vent,m/s,1.41
2025-12-11 09:00:00,Rayonnement solaire,Rayonnement solaire,W/m²,955.0
2025-12-11 08:00:00,Rayonnement solaire,Rayonnement solaire,W/m²,954.5
2025-12-11 08:00:00,Température,Température,°c,0.5
2025-12-11 08:00:00,Humidité relative,Humidité relative,%,100.0
2025-12-11 08:00:00,Vitesse du vent,Vitesse du vent,m/s,1.09
2025-12-11 08:00:00,Direction du vent,Direction du vent,Deg,70.7
2025-12-11 08:00:00,Point de Rosée,Point de Rosée,°c,0.5
2025-12-11 07:00:00,Point de Rosée,Point de Rosée,°c,0.8
2025-12-11 07:00:00,Vitesse du vent,Vitesse du vent,m/s,0.31
2025-12-11 07:00:00,Rayonnement solaire,Rayonnement solaire,W/m²,954.4
2025-12-11 07:00:00,Direction du vent,Direction du vent,Deg,92.6
2025-12-11 07:00:00,Humidité relative,Humidité relative,%,99.6
2025-12-11 07:00:00,Température,Température,°c,0.9
2025-12-11 06:00:00,Rayonnement solaire,Rayonnement solaire,W/m²,954.0
2025-12-11 06:00:00,Point de Rosée,Point de Rosée,°c,1.2
2025-12-11 06:00:00,Humidité relative,Humidité relative,%,97.7
2025-12-11 06:00:00,Température,Température,°c,1.6
2025-12-11 06:00:00,Direction du vent,Direction du vent,Deg,59.4
2025-12-11 06:00:00,Vitesse du vent,Vitesse du vent,m/s,0.86
2025-12-11 05:00:00,Vitesse du vent,Vitesse du vent,m/s,1.21
2025-12-11 05:00:00,Point de Rosée,Point de Rosée,°c,0.6
2025-12-11 05:00:00,Humidité relative,Humidité relative,%,94.6
2025-12-11 05:00:00,Température,Température,°c,1.4
2025-12-11 05:00:00,Direction du vent,Direction du vent,Deg,106.3
2025-12-11 05:00:00,Rayonnement solaire,Rayonnement solaire,W/m²,953.7
2025-12-11 04:00:00,Direction du vent,Direction du vent,Deg,77.0
2025-12-11 04:00:00,Humidité relative,Humidité relative,%,90.4
2025-12-11 04:00:00,Point de Rosée,Point de Rosée,°c,0.9
2025-12-11 04:00:00,Vitesse du vent,Vitesse du vent,m/s,1.22
2025-12-11 04:00:00,Température,Température,°c,2.3
2025-12-11 04:00:00,Rayonnement solaire,Rayonnement solaire,W/m²,954.1
2025-12-11 03:00:00,Rayonnement solaire,Rayonnement solaire,W/m²,954.4
2025-12-11 03:00:00,Point de Rosée,Point de Rosée,°c,1.7
2025-12-11 03:00:00,Humidité relative,Humidité relative,%,92.0
2025-12-11 03:00:00,Température,Température,°c,2.9
2025-12-11 03:00:00,Direction du vent,Direction du vent,Deg,214.5
2025-12-11 03:00:00,Vitesse du vent,Vitesse du vent,m/s,1.41
2025-12-11 02:00:00,Vitesse du vent,Vitesse du vent,m/s,0.47
2025-12-11 02:00:00,Direction du vent,Direction du vent,Deg,221.6
2025-12-11 02:00:00,Rayonnement solaire,Rayonnement solaire,W/m²,954.6
2025-12-11 02:00:00,Humidité relative,Humidité relative,%,87.8
2025-12-11 02:00:00,Point de Rosée,Point de Rosée,°c,1.9
2025-12-11 02:00:00,Température,Température,°c,3.7
2025-12-11 01:00:00,Direction du vent,Direction du vent,Deg,117.5
2025-12-11 01:00:00,Point de Rosée,Point de Rosée,°c,2.6
2025-12-11 01:00:00,Humidité relative,Humidité relative,%,85.0
2025-12-11 01:00:00,Température,Température,°c,4.9
2025-12-11 01:00:00,Vitesse du vent,Vitesse du vent,m/s,1.14
2025-12-11 01:00:00,Rayonnement solaire,Rayonnement solaire,W/m²,954.8
2025-12-11 00:00:00,Point de Rosée,Point de Rosée,°c,3.0
2025-12-11 00:00:00,Direction du vent,Direction du vent,Deg,93.3
2025-12-11 00:00:00,Température,Température,°c,5.4
2025-12-11 00:00:00,Vitesse du vent,Vitesse du vent,m/s,1.26
2025-12-11 00:00:00,Humidité relative,Humidité relative,%,84.4
2025-12-11 00:00:00,Rayonnement solaire,Rayonnement solaire,W/m²,955.0
2025-12-10 23:00:00,Rayonnement solaire,Rayonnement solaire,W/m²,955.4
2025-12-10 23:00:00,Vitesse du vent,Vitesse du vent,m/s,1.03
2025-12-10 23:00:00,Direction du vent,Direction du vent,Deg,97.2
2025-12-10 23:00:00,Température,Température,°c,5.7
2025-12-10 23:00:00,Humidité relative,Humidité relative,%,83.3
2025-12-10 23:00:00,Point de Rosée,Point de Rosée,°c,3.1
2025-12-10 22:00:00,Rayonnement solaire,Rayonnement solaire,W/m²,955.4
2025-12-10 22:00:00,Vitesse du vent,Vitesse du vent,m/s,1.39
2025-12-10 22:00:00,Direction du vent,Direction du vent,Deg,110.9
2025-12-10 22:00:00,Température,Température,°c,6.8
2025-12-10 22:00:00,Humidité relative,Humidité relative,%,79.1
2025-12-10 22:00:00,Point de Rosée,Point de Rosée,°c,3.4
2025-12-10 21:00:00,Rayonnement solaire,Rayonnement solaire,W/m²,955.1
2025-12-10 21:00:00,Vitesse du vent,Vitesse du vent,m/s,1.23
2025-12-10 21:00:00,Direction du vent,Direction du vent,Deg,155.7
2025-12-10 21:00:00,Température,Température,°c,8.3
2025-12-10 21:00:00,Humidité relative,Humidité relative,%,76.5
2025-12-10 21:00:00,Point de Rosée,Point de Rosée,°c,4.4
2025-12-10 20:00:00,Rayonnement solaire,Rayonnement solaire,W/m²,955.0
2025-12-10 20:00:00,Vitesse du vent,Vitesse du vent,m/s,1.07
2025-12-10 20:00:00,Direction du vent,Direction du vent,Deg,131.5
2025-12-10 20:00:00,Température,Température,°c,9.7
2025-12-10 20:00:00,Humidité relative,Humidité relative,%,74.0
2025-12-10 20:00:00,Point de Rosée,Point de Rosée,°c,5.3
2025-12-10 19:00:00,Rayonnement solaire,Rayonnement solaire,W/m²,954.5
2025-12-10 19:00:00,Vitesse du vent,Vitesse du vent,m/s,1.02
2025-12-10 19:00:00,Direction du vent,Direction du vent,Deg,77.0
2025-12-10 19:00:00,Température,Température,°c,13.0
2025-12-10 19:00:00,Humidité relative,Humidité relative,%,65.4
2025-12-10 19:00:00,Point de Rosée,Point de Rosée,°c,6.7
2025-12-10 18:00:00,Rayonnement solaire,Rayonnement solaire,W/m²,954.0
2025-12-10 18:00:00,Vitesse du vent,Vitesse du vent,m/s,0.64
2025-12-10 18:00:00,Direction du vent,Direction du vent,Deg,178.2
2025-12-10 18:00:00,Température,Température,°c,13.8
2025-12-10 18:00:00,Humidité relative,Humidité relative,%,60.5
2025-12-10 18:00:00,Point de Rosée,Point de Rosée,°c,6.3
2025-12-10 17:00:00,Rayonnement solaire,Rayonnement solaire,W/m²,953.5
2025-12-10 17:00:00,Vitesse du vent,Vitesse du vent,m/s,1.67
2025-12-10 17:00:00,Direction du vent,Direction du vent,Deg,346.2
2025-12-10 17:00:00,Point de Rosée,Point de Rosée,°c,6.6
2025-12-10 17:00:00,Température,Température,°c,16.6
2025-12-10 17:00:00,Humidité relative,Humidité relative,%,51.6
2025-12-10 16:00:00,Température,Température,°c,19.4
2025-12-10 16:00:00,Rayonnement solaire,Rayonnement solaire,W/m²,953.2
2025-12-10 16:00:00,Vitesse du vent,Vitesse du vent,m/s,1.44
2025-12-10 16:00:00,Direction du vent,Direction du vent,Deg,331.6
2025-12-10 16:00:00,Humidité relative,Humidité relative,%,38.3
2025-12-10 16:00:00,Point de Rosée,Point de Rosée,°c,4.9
2025-12-10 15:00:00,Rayonnement solaire,Rayonnement solaire,W/m²,952.8
2025-12-10 15:00:00,Vitesse du vent,Vitesse du vent,m/s,1.28
2025-12-10 15:00:00,Direction du vent,Direction du vent,Deg,36.9
2025-12-10 15:00:00,Température,Température,°c,19.5
2025-12-10 15:00:00,Humidité relative,Humidité relative,%,38.3
2025-12-10 15:00:00,Point de Rosée,Point de Rosée,°c,4.9
2025-12-10 14:00:00,Rayonnement solaire,Rayonnement solaire,W/m²,953.2
2025-12-10 14:00:00,Vitesse du vent,Vitesse du vent,m/s,2.04
2025-12-10 14:00:00,Direction du vent,Direction du vent,Deg,187.2
2025-12-10 14:00:00,Température,Température,°c,19.2
2025-12-10 14:00:00,Humidité relative,Humidité relative,%,41.7
2025-12-10 14:00:00,Point de Rosée,Point de Rosée,°c,5.9
2025-12-10 13:00:00,Rayonnement solaire,Rayonnement solaire,W/m²,953.8
2025-12-10 13:00:00,Vitesse du vent,Vitesse du vent,m/s,1.73
2025-12-10 13:00:00,Direction du vent,Direction du vent,Deg,303.9
2025-12-10 13:00:00,Température,Température,°c,17.1
2025-12-10 13:00:00,Humidité relative,Humidité relative,%,46.6
2025-12-10 13:00:00,Point de Rosée,Point de Rosée,°c,5.6
2025-12-10 12:00:00,Rayonnement solaire,Rayonnement solaire,W/m²,954.6
2025-12-10 12:00:00,Vitesse du vent,Vitesse du vent,m/s,0.49
2025-12-10 12:00:00,Direction du vent,Direction du vent,Deg,245.6
2025-12-10 12:00:00,Température,Température,°c,16.6
2025-12-10 12:00:00,Humidité relative,Humidité relative,%,50.7
2025-12-10 12:00:00,Point de Rosée,Point de Rosée,°c,6.3
2025-12-10 10:00:00,Rayonnement solaire,Rayonnement solaire,W/m²,955.7
2025-12-10 10:00:00,Vitesse du vent,Vitesse du vent,m/s,1.31
2025-12-10 10:00:00,Direction du vent,Direction du vent,Deg,106.3
2025-12-10 10:00:00,Température,Température,°c,9.9
2025-12-10 10:00:00,Humidité relative,Humidité relative,%,76.0
2025-12-10 10:00:00,Point de Rosée,Point de Rosée,°c,5.9
2025-12-10 09:00:00,Rayonnement solaire,Rayonnement solaire,W/m²,955.2
2025-12-10 09:00:00,Vitesse du vent,Vitesse du vent,m/s,0.93
2025-12-10 09:00:00,Direction du vent,Direction du vent,Deg,128.0
2025-12-10 09:00:00,Température,Température,°c,5.5
2025-12-10 09:00:00,Humidité relative,Humidité relative,%,100.0
2025-12-10 09:00:00,Point de Rosée,Point de Rosée,°c,5.5
2025-12-10 08:00:00,Rayonnement solaire,Rayonnement solaire,W/m²,955.0
2025-12-10 08:00:00,Vitesse du vent,Vitesse du vent,m/s,0.94
2025-12-10 08:00:00,Direction du vent,Direction du vent,Deg,112.9
2025-12-10 08:00:00,Température,Température,°c,1.7
2025-12-10 08:00:00,Humidité relative,Humidité relative,%,100.0
2025-12-10 08:00:00,Point de Rosée,Point de Rosée,°c,1.7
2025-12-10 07:00:00,Rayonnement solaire,Rayonnement solaire,W/m²,954.8
2025-12-10 07:00:00,Vitesse du vent,Vitesse du vent,m/s,0.66
2025-12-10 07:00:00,Direction du vent,Direction du vent,Deg,138.7
2025-12-10 07:00:00,Température,Température,°c,2.1
2025-12-10 07:00:00,Humidité relative,Humidité relative,%,100.0
2025-12-10 07:00:00,Point de Rosée,Point de Rosée,°c,2.1
2025-12-10 06:00:00,Rayonnement solaire,Rayonnement solaire,W/m²,954.4
2025-12-10 06:00:00,Vitesse du vent,Vitesse du vent,m/s,0.75
2025-12-10 06:00:00,Direction du vent,Direction du vent,Deg,84.2
2025-12-10 06:00:00,Température,Température,°c,1.5
2025-12-10 06:00:00,Humidité relative,Humidité relative,%,100.0
2025-12-10 06:00:00,Point de Rosée,Point de Rosée,°c,1.5
2025-12-10 05:00:00,Rayonnement solaire,Rayonnement solaire,W/m²,954.4
2025-12-10 05:00:00,Vitesse du vent,Vitesse du vent,m/s,1.15
2025-12-10 05:00:00,Direction du vent,Direction du vent,Deg,131.3
2025-12-10 05:00:00,Température,Température,°c,2.0
2025-12-10 05:00:00,Humidité relative,Humidité relative,%,100.0
2025-12-10 05:00:00,Point de Rosée,Point de Rosée,°c,2.0
2025-12-10 04:00:00,Rayonnement solaire,Rayonnement solaire,W/m²,954.7
2025-12-10 04:00:00,Vitesse du vent,Vitesse du vent,m/s,0.45
2025-12-10 04:00:00,Direction du vent,Direction du vent,Deg,123.8
2025-12-10 04:00:00,Température,Température,°c,2.2
2025-12-10 04:00:00,Humidité relative,Humidité relative,%,97.9
2025-12-10 04:00:00,Point de Rosée,Point de Rosée,°c,1.9
2025-12-10 03:00:00,Rayonnement solaire,Rayonnement solaire,W/m²,954.9
2025-12-10 03:00:00,Vitesse du vent,Vitesse du vent,m/s,0.96
2025-12-10 03:00:00,Direction du vent,Direction du vent,Deg,141.1
2025-12-10 03:00:00,Température,Température,°c,3.5
2025-12-10 03:00:00,Humidité relative,Humidité relative,%,96.6
2025-12-10 03:00:00,Point de Rosée,Point de Rosée,°c,3.0
2025-12-10 02:00:00,Rayonnement solaire,Rayonnement solaire,W/m²,955.0
2025-12-10 02:00:00,Vitesse du vent,Vitesse du vent,m/s,0.15
2025-12-10 02:00:00,Direction du vent,Direction du vent,Deg,200.7
2025-12-10 02:00:00,Température,Température,°c,4.3
2025-12-10 02:00:00,Humidité relative,Humidité relative,%,95.1
2025-12-10 02:00:00,Point de Rosée,Point de Rosée,°c,3.6
2025-12-10 01:00:00,Rayonnement solaire,Rayonnement solaire,W/m²,955.2
2025-12-10 01:00:00,Vitesse du vent,Vitesse du vent,m/s,1.42
2025-12-10 01:00:00,Direction du vent,Direction du vent,Deg,96.9
2025-12-10 01:00:00,Température,Température,°c,4.7
2025-12-10 01:00:00,Humidité relative,Humidité relative,%,92.8
2025-12-10 01:00:00,Point de Rosée,Point de Rosée,°c,3.6
2025-12-10 00:00:00,Rayonnement solaire,Rayonnement solaire,W/m²,955.3
2025-12-10 00:00:00,Vitesse du vent,Vitesse du vent,m/s,1.33
2025-12-10 00:00:00,Direction du vent,Direction du vent,Deg,116.5
2025-12-10 00:00:00,Température,Température,°c,5.1
2025-12-10 00:00:00,Humidité relative,Humidité relative,%,90.9
2025-12-10 00:00:00,Point de Rosée,Point de Rosée,°c,3.7
2025-12-09 23:00:00,Rayonnement solaire,Rayonnement solaire,W/m²,955.3
2025-12-09 23:00:00,Vitesse du vent,Vitesse du vent,m/s,0.19
2025-12-09 23:00:00,Direction du vent,Direction du vent,Deg,155.7
2025-12-09 23:00:00,Point de Rosée,Point de Rosée,°c,4.6
2025-12-09 23:00:00,Température,Température,°c,6.0
2025-12-09 23:00:00,Humidité relative,Humidité relative,%,90.8
2025-12-09 22:00:00,Rayonnement solaire,Rayonnement solaire,W/m²,955.6
2025-12-09 22:00:00,Vitesse du vent,Vitesse du vent,m/s,1.42
2025-12-09 22:00:00,Direction du vent,Direction du vent,Deg,109.5
2025-12-09 22:00:00,Température,Température,°c,6.5
2025-12-09 22:00:00,Humidité relative,Humidité relative,%,91.2
2025-12-09 22:00:00,Point de Rosée,Point de Rosée,°c,5.1
2025-12-09 21:00:00,Rayonnement solaire,Rayonnement solaire,W/m²,955.6
2025-12-09 21:00:00,Vitesse du vent,Vitesse du vent,m/s,1.13
2025-12-09 21:00:00,Direction du vent,Direction du vent,Deg,121.5
2025-12-09 21:00:00,Température,Température,°c,7.4
2025-12-09 21:00:00,Humidité relative,Humidité relative,%,90.2
2025-12-09 21:00:00,Point de Rosée,Point de Rosée,°c,5.9
2025-12-09 20:00:00,Rayonnement solaire,Rayonnement solaire,W/m²,955.6
2025-12-09 20:00:00,Vitesse du vent,Vitesse du vent,m/s,1.62
2025-12-09 20:00:00,Direction du vent,Direction du vent,Deg,97.1
2025-12-09 20:00:00,Température,Température,°c,8.3
2025-12-09 20:00:00,Humidité relative,Humidité relative,%,85.5
2025-12-09 20:00:00,Point de Rosée,Point de Rosée,°c,6.0
2025-12-09 19:00:00,Rayonnement solaire,Rayonnement solaire,W/m²,955.5
2025-12-09 19:00:00,Vitesse du vent,Vitesse du vent,m/s,1.73
2025-12-09 19:00:00,Direction du vent,Direction du vent,Deg,130.7
2025-12-09 19:00:00,Température,Température,°c,10.1
2025-12-09 19:00:00,Humidité relative,Humidité relative,%,77.6
2025-12-09 19:00:00,Point de Rosée,Point de Rosée,°c,6.3
2025-12-09 18:00:00,Rayonnement solaire,Rayonnement solaire,W/m²,955.3
2025-12-09 18:00:00,Vitesse du vent,Vitesse du vent,m/s,0.5
2025-12-09 18:00:00,Direction du vent,Direction du vent,Deg,234.4
2025-12-09 18:00:00,Température,Température,°c,12.3
2025-12-09 18:00:00,Humidité relative,Humidité relative,%,71.6
2025-12-09 18:00:00,Point de Rosée,Point de Rosée,°c,7.3
2025-12-09 17:00:00,Rayonnement solaire,Rayonnement solaire,W/m²,954.9
2025-12-09 17:00:00,Vitesse du vent,Vitesse du vent,m/s,0.96
2025-12-09 17:00:00,Direction du vent,Direction du vent,Deg,294.9
2025-12-09 17:00:00,Température,Température,°c,15.2
2025-12-09 17:00:00,Humidité relative,Humidité relative,%,64.4
2025-12-09 17:00:00,Point de Rosée,Point de Rosée,°c,8.5
2025-12-09 16:00:00,Rayonnement solaire,Rayonnement solaire,W/m²,954.9
2025-12-09 16:00:00,Vitesse du vent,Vitesse du vent,m/s,1.1
2025-12-09 16:00:00,Direction du vent,Direction du vent,Deg,261.7
2025-12-09 16:00:00,Température,Température,°c,17.1
2025-12-09 16:00:00,Humidité relative,Humidité relative,%,55.1
2025-12-09 16:00:00,Point de Rosée,Point de Rosée,°c,8.0
2025-12-09 15:00:00,Rayonnement solaire,Rayonnement solaire,W/m²,954.8
2025-12-09 15:00:00,Vitesse du vent,Vitesse du vent,m/s,1.13
2025-12-09 15:00:00,Direction du vent,Direction du vent,Deg,256.0
2025-12-09 15:00:00,Température,Température,°c,17.2
2025-12-09 15:00:00,Humidité relative,Humidité relative,%,55.7
2025-12-09 15:00:00,Point de Rosée,Point de Rosée,°c,8.2
2025-12-09 14:00:00,Rayonnement solaire,Rayonnement solaire,W/m²,955.0
2025-12-09 14:00:00,Vitesse du vent,Vitesse du vent,m/s,0.74
2025-12-09 14:00:00,Direction du vent,Direction du vent,Deg,226.0
2025-12-09 14:00:00,Température,Température,°c,16.4
2025-12-09 14:00:00,Humidité relative,Humidité relative,%,57.5
2025-12-09 14:00:00,Point de Rosée,Point de Rosée,°c,8.0
2025-12-09 13:00:00,Rayonnement solaire,Rayonnement solaire,W/m²,955.5
2025-12-09 13:00:00,Vitesse du vent,Vitesse du vent,m/s,0.52
2025-12-09 13:00:00,Direction du vent,Direction du vent,Deg,324.4
2025-12-09 13:00:00,Température,Température,°c,15.1
2025-12-09 13:00:00,Humidité relative,Humidité relative,%,60.6
2025-12-09 13:00:00,Point de Rosée,Point de Rosée,°c,7.5
2025-12-09 12:00:00,Rayonnement solaire,Rayonnement solaire,W/m²,956.3
2025-12-09 12:00:00,Vitesse du vent,Vitesse du vent,m/s,0.67
2025-12-09 12:00:00,Direction du vent,Direction du vent,Deg,182.0
2025-12-09 12:00:00,Température,Température,°c,14.6
2025-12-09 12:00:00,Humidité relative,Humidité relative,%,60.5
2025-12-09 12:00:00,Point de Rosée,Point de Rosée,°c,7.0
2025-12-09 11:00:00,Rayonnement solaire,Rayonnement solaire,W/m²,957.2
2025-12-09 11:00:00,Vitesse du vent,Vitesse du vent,m/s,1.0
2025-12-09 11:00:00,Direction du vent,Direction du vent,Deg,158.5
2025-12-09 11:00:00,Température,Température,°c,11.1
2025-12-09 11:00:00,Humidité relative,Humidité relative,%,78.1
2025-12-09 11:00:00,Point de Rosée,Point de Rosée,°c,7.4
2025-12-09 10:00:00,Rayonnement solaire,Rayonnement solaire,W/m²,957.5
2025-12-09 10:00:00,Vitesse du vent,Vitesse du vent,m/s,0.9
2025-12-09 10:00:00,Direction du vent,Direction du vent,Deg,162.0
2025-12-09 10:00:00,Température,Température,°c,8.7
2025-12-09 10:00:00,Humidité relative,Humidité relative,%,83.7
2025-12-09 10:00:00,Point de Rosée,Point de Rosée,°c,6.1
2025-12-09 09:00:00,Rayonnement solaire,Rayonnement solaire,W/m²,957.2
2025-12-09 09:00:00,Vitesse du vent,Vitesse du vent,m/s,0.69
2025-12-09 09:00:00,Direction du vent,Direction du vent,Deg,131.0
2025-12-09 09:00:00,Température,Température,°c,5.7
2025-12-09 09:00:00,Humidité relative,Humidité relative,%,92.7
2025-12-09 09:00:00,Point de Rosée,Point de Rosée,°c,4.6
2025-12-09 08:00:00,Rayonnement solaire,Rayonnement solaire,W/m²,956.8
2025-12-09 08:00:00,Vitesse du vent,Vitesse du vent,m/s,1.53
2025-12-09 08:00:00,Direction du vent,Direction du vent,Deg,125.1
2025-12-09 08:00:00,Température,Température,°c,4.6
2025-12-09 08:00:00,Humidité relative,Humidité relative,%,99.1
2025-12-09 08:00:00,Point de Rosée,Point de Rosée,°c,4.5
2025-12-09 07:00:00,Rayonnement solaire,Rayonnement solaire,W/m²,956.7
2025-12-09 07:00:00,Vitesse du vent,Vitesse du vent,m/s,1.67
2025-12-09 07:00:00,Direction du vent,Direction du vent,Deg,133.8
2025-12-09 07:00:00,Température,Température,°c,4.5
2025-12-09 07:00:00,Humidité relative,Humidité relative,%,100.0
2025-12-09 07:00:00,Point de Rosée,Point de Rosée,°c,4.5
2025-12-09 06:00:00,Rayonnement solaire,Rayonnement solaire,W/m²,956.6
2025-12-09 06:00:00,Vitesse du vent,Vitesse du vent,m/s,1.02
2025-12-09 06:00:00,Direction du vent,Direction du vent,Deg,118.4
2025-12-09 06:00:00,Température,Température,°c,4.2
2025-12-09 06:00:00,Humidité relative,Humidité relative,%,99.5
2025-12-09 06:00:00,Point de Rosée,Point de Rosée,°c,4.1
2025-12-09 05:00:00,Rayonnement solaire,Rayonnement solaire,W/m²,956.5
2025-12-09 05:00:00,Vitesse du vent,Vitesse du vent,m/s,0.73
2025-12-09 05:00:00,Direction du vent,Direction du vent,Deg,105.7
2025-12-09 05:00:00,Température,Température,°c,4.1
2025-12-09 05:00:00,Humidité relative,Humidité relative,%,97.6
2025-12-09 05:00:00,Point de Rosée,Point de Rosée,°c,3.8
2025-12-09 04:00:00,Rayonnement solaire,Rayonnement solaire,W/m²,956.5
2025-12-09 04:00:00,Vitesse du vent,Vitesse du vent,m/s,1.4
2025-12-09 04:00:00,Direction du vent,Direction du vent,Deg,116.3
2025-12-09 04:00:00,Température,Température,°c,4.4
2025-12-09 04:00:00,Humidité relative,Humidité relative,%,97.9
2025-12-09 04:00:00,Point de Rosée,Point de Rosée,°c,4.1
2025-12-09 02:00:00,Rayonnement solaire,Rayonnement solaire,W/m²,956.6
2025-12-09 02:00:00,Vitesse du vent,Vitesse du vent,m/s,0.5
2025-12-09 02:00:00,Direction du vent,Direction du vent,Deg,184.6
2025-12-09 02:00:00,Température,Température,°c,5.1
2025-12-09 02:00:00,Humidité relative,Humidité relative,%,94.0
2025-12-09 02:00:00,Point de Rosée,Point de Rosée,°c,4.2
2025-12-09 01:00:00,Rayonnement solaire,Rayonnement solaire,W/m²,956.5
2025-12-09 01:00:00,Vitesse du vent,Vitesse du vent,m/s,1.42
2025-12-09 01:00:00,Direction du vent,Direction du vent,Deg,151.8
2025-12-09 01:00:00,Température,Température,°c,5.6
2025-12-09 01:00:00,Humidité relative,Humidité relative,%,92.1
2025-12-09 01:00:00,Point de Rosée,Point de Rosée,°c,4.4
2025-12-09 00:00:00,Rayonnement solaire,Rayonnement solaire,W/m²,956.6
2025-12-09 00:00:00,Vitesse du vent,Vitesse du vent,m/s,0.83
2025-12-09 00:00:00,Direction du vent,Direction du vent,Deg,86.4
2025-12-09 00:00:00,Température,Température,°c,6.7
2025-12-09 00:00:00,Humidité relative,Humidité relative,%,91.0
2025-12-09 00:00:00,Point de Rosée,Point de Rosée,°c,5.3
2025-12-08 23:00:00,Rayonnement solaire,Rayonnement solaire,W/m²,956.7
2025-12-08 23:00:00,Vitesse du vent,Vitesse du vent,m/s,0.4
2025-12-08 23:00:00,Direction du vent,Direction du vent,Deg,95.6
2025-12-08 23:00:00,Température,Température,°c,7.6
2025-12-08 23:00:00,Humidité relative,Humidité relative,%,86.3
2025-12-08 23:00:00,Point de Rosée,Point de Rosée,°c,5.4
2025-12-08 22:00:00,Rayonnement solaire,Rayonnement solaire,W/m²,956.5
2025-12-08 22:00:00,Vitesse du vent,Vitesse du vent,m/s,0.82
2025-12-08 22:00:00,Direction du vent,Direction du vent,Deg,83.1
2025-12-08 22:00:00,Température,Température,°c,8.2
2025-12-08 22:00:00,Humidité relative,Humidité relative,%,85.2
2025-12-08 22:00:00,Point de Rosée,Point de Rosée,°c,5.9
2025-12-08 21:00:00,Rayonnement solaire,Rayonnement solaire,W/m²,956.4
2025-12-08 21:00:00,Vitesse du vent,Vitesse du vent,m/s,3.5
2025-12-08 21:00:00,Direction du vent,Direction du vent,Deg,141.8
2025-12-08 21:00:00,Température,Température,°c,8.8
2025-12-08 21:00:00,Humidité relative,Humidité relative,%,85.4
2025-12-08 21:00:00,Point de Rosée,Point de Rosée,°c,6.5
2025-12-08 20:00:00,Rayonnement solaire,Rayonnement solaire,W/m²,956.2
2025-12-08 20:00:00,Vitesse du vent,Vitesse du vent,m/s,1.51
2025-12-08 20:00:00,Direction du vent,Direction du vent,Deg,130.9
2025-12-08 20:00:00,Température,Température,°c,9.6
2025-12-08 20:00:00,Humidité relative,Humidité relative,%,82.8
2025-12-08 20:00:00,Point de Rosée,Point de Rosée,°c,6.8
2025-12-08 19:00:00,Rayonnement solaire,Rayonnement solaire,W/m²,955.7
2025-12-08 19:00:00,Vitesse du vent,Vitesse du vent,m/s,0.93
2025-12-08 19:00:00,Direction du vent,Direction du vent,Deg,168.1
2025-12-08 19:00:00,Température,Température,°c,11.9
2025-12-08 19:00:00,Humidité relative,Humidité relative,%,72.7
2025-12-08 19:00:00,Point de Rosée,Point de Rosée,°c,7.1
2025-12-08 18:00:00,Rayonnement solaire,Rayonnement solaire,W/m²,955.5
2025-12-08 18:00:00,Vitesse du vent,Vitesse du vent,m/s,2.45
2025-12-08 18:00:00,Direction du vent,Direction du vent,Deg,354.7
2025-12-08 18:00:00,Température,Température,°c,13.5
2025-12-08 18:00:00,Humidité relative,Humidité relative,%,66.7
2025-12-08 18:00:00,Point de Rosée,Point de Rosée,°c,7.4
2025-12-08 17:00:00,Rayonnement solaire,Rayonnement solaire,W/m²,955.0
2025-12-08 17:00:00,Vitesse du vent,Vitesse du vent,m/s,0.97
2025-12-08 17:00:00,Direction du vent,Direction du vent,Deg,44.4
2025-12-08 17:00:00,Température,Température,°c,16.2
2025-12-08 17:00:00,Humidité relative,Humidité relative,%,58.7
2025-12-08 17:00:00,Point de Rosée,Point de Rosée,°c,8.1
2025-12-08 16:00:00,Rayonnement solaire,Rayonnement solaire,W/m²,954.8
2025-12-08 16:00:00,Vitesse du vent,Vitesse du vent,m/s,2.11
2025-12-08 16:00:00,Direction du vent,Direction du vent,Deg,10.8
2025-12-08 16:00:00,Température,Température,°c,18.3
2025-12-08 16:00:00,Humidité relative,Humidité relative,%,49.5
2025-12-08 16:00:00,Point de Rosée,Point de Rosée,°c,7.5
2025-12-08 15:00:00,Rayonnement solaire,Rayonnement solaire,W/m²,954.8
2025-12-08 15:00:00,Vitesse du vent,Vitesse du vent,m/s,2.86
2025-12-08 15:00:00,Direction du vent,Direction du vent,Deg,322.2
2025-12-08 15:00:00,Température,Température,°c,19.0
2025-12-08 15:00:00,Humidité relative,Humidité relative,%,48.9
2025-12-08 15:00:00,Point de Rosée,Point de Rosée,°c,8.0
2025-12-08 14:00:00,Rayonnement solaire,Rayonnement solaire,W/m²,954.7
2025-12-08 14:00:00,Vitesse du vent,Vitesse du vent,m/s,1.16
2025-12-08 14:00:00,Direction du vent,Direction du vent,Deg,307.0
2025-12-08 14:00:00,Température,Température,°c,18.8
2025-12-08 14:00:00,Humidité relative,Humidité relative,%,50.2
2025-12-08 14:00:00,Point de Rosée,Point de Rosée,°c,8.2
2025-12-08 13:00:00,Rayonnement solaire,Rayonnement solaire,W/m²,955.4
2025-12-08 13:00:00,Vitesse du vent,Vitesse du vent,m/s,1.62
2025-12-08 13:00:00,Direction du vent,Direction du vent,Deg,260.3
2025-12-08 13:00:00,Température,Température,°c,17.1
2025-12-08 13:00:00,Humidité relative,Humidité relative,%,54.0
2025-12-08 13:00:00,Point de Rosée,Point de Rosée,°c,7.7
2025-12-08 12:00:00,Rayonnement solaire,Rayonnement solaire,W/m²,956.6
2025-12-08 12:00:00,Vitesse du vent,Vitesse du vent,m/s,0.35
2025-12-08 12:00:00,Direction du vent,Direction du vent,Deg,73.8
2025-12-08 12:00:00,Température,Température,°c,15.9
2025-12-08 12:00:00,Humidité relative,Humidité relative,%,59.2
2025-12-08 12:00:00,Point de Rosée,Point de Rosée,°c,8.0
2025-12-08 10:00:00,Rayonnement solaire,Rayonnement solaire,W/m²,957.5
2025-12-08 10:00:00,Vitesse du vent,Vitesse du vent,m/s,1.81
2025-12-08 10:00:00,Direction du vent,Direction du vent,Deg,147.7
2025-12-08 10:00:00,Température,Température,°c,9.9
2025-12-08 10:00:00,Humidité relative,Humidité relative,%,78.6
2025-12-08 10:00:00,Point de Rosée,Point de Rosée,°c,6.3
2025-12-08 08:00:00,Rayonnement solaire,Rayonnement solaire,W/m²,956.3
2025-12-08 08:00:00,Vitesse du vent,Vitesse du vent,m/s,1.17
2025-12-08 08:00:00,Direction du vent,Direction du vent,Deg,110.9
2025-12-08 08:00:00,Température,Température,°c,3.0
2025-12-08 08:00:00,Humidité relative,Humidité relative,%,100.0
2025-12-08 08:00:00,Point de Rosée,Point de Rosée,°c,3.0
2025-12-08 07:00:00,Rayonnement solaire,Rayonnement solaire,W/m²,955.8
2025-12-08 07:00:00,Vitesse du vent,Vitesse du vent,m/s,2.2
2025-12-08 07:00:00,Direction du vent,Direction du vent,Deg,100.2
2025-12-08 07:00:00,Température,Température,°c,2.7
2025-12-08 07:00:00,Humidité relative,Humidité relative,%,100.0
2025-12-08 07:00:00,Point de Rosée,Point de Rosée,°c,2.7
2025-12-08 06:00:00,Rayonnement solaire,Rayonnement solaire,W/m²,955.1
2025-12-08 06:00:00,Vitesse du vent,Vitesse du vent,m/s,0.63
2025-12-08 06:00:00,Direction du vent,Direction du vent,Deg,123.4
2025-12-08 06:00:00,Température,Température,°c,2.8
2025-12-08 06:00:00,Humidité relative,Humidité relative,%,100.0
2025-12-08 06:00:00,Point de Rosée,Point de Rosée,°c,2.8
2025-12-08 05:00:00,Rayonnement solaire,Rayonnement solaire,W/m²,954.9
2025-12-08 05:00:00,Vitesse du vent,Vitesse du vent,m/s,0.76
2025-12-08 05:00:00,Direction du vent,Direction du vent,Deg,69.3
2025-12-08 05:00:00,Température,Température,°c,3.3
2025-12-08 05:00:00,Humidité relative,Humidité relative,%,100.0
2025-12-08 05:00:00,Point de Rosée,Point de Rosée,°c,3.3
2025-12-08 04:00:00,Rayonnement solaire,Rayonnement solaire,W/m²,954.7
2025-12-08 04:00:00,Vitesse du vent,Vitesse du vent,m/s,0.66
2025-12-08 04:00:00,Direction du vent,Direction du vent,Deg,172.7
2025-12-08 04:00:00,Température,Température,°c,3.3
2025-12-08 04:00:00,Humidité relative,Humidité relative,%,100.0
2025-12-08 04:00:00,Point de Rosée,Point de Rosée,°c,3.3
2025-12-08 02:00:00,Rayonnement solaire,Rayonnement solaire,W/m²,954.8
2025-12-08 02:00:00,Vitesse du vent,Vitesse du vent,m/s,0.43
2025-12-08 02:00:00,Direction du vent,Direction du vent,Deg,72.1
2025-12-08 02:00:00,Température,Température,°c,4.9
2025-12-08 02:00:00,Humidité relative,Humidité relative,%,99.7
2025-12-08 02:00:00,Point de Rosée,Point de Rosée,°c,4.9
2025-12-08 01:00:00,Rayonnement solaire,Rayonnement solaire,W/m²,954.7
2025-12-08 01:00:00,Vitesse du vent,Vitesse du vent,m/s,2.11
2025-12-08 01:00:00,Direction du vent,Direction du vent,Deg,75.1
2025-12-08 01:00:00,Température,Température,°c,4.9
2025-12-08 01:00:00,Humidité relative,Humidité relative,%,96.9
2025-12-08 01:00:00,Point de Rosée,Point de Rosée,°c,4.4
2025-12-08 00:00:00,Rayonnement solaire,Rayonnement solaire,W/m²,954.8
2025-12-08 00:00:00,Vitesse du vent,Vitesse du vent,m/s,1.51
2025-12-08 00:00:00,Direction du vent,Direction du vent,Deg,80.8
2025-12-08 00:00:00,Température,Température,°c,4.8
2025-12-08 00:00:00,Humidité relative,Humidité relative,%,94.7
2025-12-08 00:00:00,Point de Rosée,Point de Rosée,°c,4.0
2025-12-07 22:00:00,Rayonnement solaire,Rayonnement solaire,W/m²,954.8
2025-12-07 22:00:00,Vitesse du vent,Vitesse du vent,m/s,0.52
2025-12-07 22:00:00,Direction du vent,Direction du vent,Deg,99.6
2025-12-07 22:00:00,Température,Température,°c,7.7
2025-12-07 22:00:00,Humidité relative,Humidité relative,%,90.6
2025-12-07 22:00:00,Point de Rosée,Point de Rosée,°c,6.2
2025-12-07 21:00:00,Rayonnement solaire,Rayonnement solaire,W/m²,954.7
2025-12-07 21:00:00,Vitesse du vent,Vitesse du vent,m/s,1.33
2025-12-07 21:00:00,Direction du vent,Direction du vent,Deg,124.5
2025-12-07 21:00:00,Température,Température,°c,8.9
2025-12-07 21:00:00,Humidité relative,Humidité relative,%,86.2
2025-12-07 21:00:00,Point de Rosée,Point de Rosée,°c,6.7
2025-12-07 20:00:00,Rayonnement solaire,Rayonnement solaire,W/m²,954.7
2025-12-07 20:00:00,Vitesse du vent,Vitesse du vent,m/s,1.09
2025-12-07 20:00:00,Direction du vent,Direction du vent,Deg,351.6
2025-12-07 20:00:00,Température,Température,°c,11.1
2025-12-07 20:00:00,Humidité relative,Humidité relative,%,79.5
2025-12-07 20:00:00,Point de Rosée,Point de Rosée,°c,7.7
2025-12-07 19:00:00,Rayonnement solaire,Rayonnement solaire,W/m²,954.1
2025-12-07 19:00:00,Vitesse du vent,Vitesse du vent,m/s,2.12
2025-12-07 19:00:00,Direction du vent,Direction du vent,Deg,349.3
2025-12-07 19:00:00,Température,Température,°c,11.1
2025-12-07 19:00:00,Humidité relative,Humidité relative,%,78.8
2025-12-07 19:00:00,Point de Rosée,Point de Rosée,°c,7.5
2025-12-07 18:00:00,Rayonnement solaire,Rayonnement solaire,W/m²,953.7
2025-12-07 18:00:00,Vitesse du vent,Vitesse du vent,m/s,1.96
2025-12-07 18:00:00,Direction du vent,Direction du vent,Deg,282.7
2025-12-07 18:00:00,Température,Température,°c,12.6
2025-12-07 18:00:00,Humidité relative,Humidité relative,%,73.5
2025-12-07 18:00:00,Point de Rosée,Point de Rosée,°c,8.0
2025-12-07 17:00:00,Rayonnement solaire,Rayonnement solaire,W/m²,953.3
2025-12-07 17:00:00,Vitesse du vent,Vitesse du vent,m/s,4.02
2025-12-07 17:00:00,Direction du vent,Direction du vent,Deg,323.2
2025-12-07 17:00:00,Température,Température,°c,14.1
2025-12-07 17:00:00,Humidité relative,Humidité relative,%,66.8
2025-12-07 17:00:00,Point de Rosée,Point de Rosée,°c,8.0
2025-12-07 16:00:00,Rayonnement solaire,Rayonnement solaire,W/m²,952.9
2025-12-07 16:00:00,Vitesse du vent,Vitesse du vent,m/s,3.95
2025-12-07 16:00:00,Direction du vent,Direction du vent,Deg,343.1
2025-12-07 16:00:00,Température,Température,°c,15.9
2025-12-07 16:00:00,Humidité relative,Humidité relative,%,62.0
2025-12-07 16:00:00,Point de Rosée,Point de Rosée,°c,8.6
2025-12-07 15:00:00,Rayonnement solaire,Rayonnement solaire,W/m²,953.0
2025-12-07 15:00:00,Vitesse du vent,Vitesse du vent,m/s,4.71
2025-12-07 15:00:00,Direction du vent,Direction du vent,Deg,326.4
2025-12-07 15:00:00,Température,Température,°c,15.5
2025-12-07 15:00:00,Humidité relative,Humidité relative,%,63.3
2025-12-07 15:00:00,Point de Rosée,Point de Rosée,°c,8.6
2025-12-07 14:00:00,Rayonnement solaire,Rayonnement solaire,W/m²,953.0
2025-12-07 14:00:00,Vitesse du vent,Vitesse du vent,m/s,5.65
2025-12-07 14:00:00,Direction du vent,Direction du vent,Deg,285.9
2025-12-07 14:00:00,Température,Température,°c,15.9
2025-12-07 14:00:00,Humidité relative,Humidité relative,%,61.2
2025-12-07 14:00:00,Point de Rosée,Point de Rosée,°c,8.4
2025-12-07 13:00:00,Rayonnement solaire,Rayonnement solaire,W/m²,953.5
2025-12-07 13:00:00,Vitesse du vent,Vitesse du vent,m/s,5.37
2025-12-07 13:00:00,Direction du vent,Direction du vent,Deg,329.2
2025-12-07 13:00:00,Température,Température,°c,15.8
2025-12-07 13:00:00,Humidité relative,Humidité relative,%,62.3
2025-12-07 13:00:00,Point de Rosée,Point de Rosée,°c,8.6
2025-12-07 12:00:00,Rayonnement solaire,Rayonnement solaire,W/m²,954.1
2025-12-07 12:00:00,Vitesse du vent,Vitesse du vent,m/s,5.48
2025-12-07 12:00:00,Direction du vent,Direction du vent,Deg,277.8
2025-12-07 12:00:00,Température,Température,°c,15.1
2025-12-07 12:00:00,Humidité relative,Humidité relative,%,63.7
2025-12-07 12:00:00,Point de Rosée,Point de Rosée,°c,8.2
2025-12-07 11:00:00,Rayonnement solaire,Rayonnement solaire,W/m²,954.5
2025-12-07 11:00:00,Vitesse du vent,Vitesse du vent,m/s,5.2
2025-12-07 11:00:00,Direction du vent,Direction du vent,Deg,299.0
2025-12-07 11:00:00,Température,Température,°c,14.4
2025-12-07 11:00:00,Humidité relative,Humidité relative,%,65.4
2025-12-07 11:00:00,Point de Rosée,Point de Rosée,°c,8.0
2025-12-07 10:00:00,Rayonnement solaire,Rayonnement solaire,W/m²,954.5
2025-12-07 10:00:00,Vitesse du vent,Vitesse du vent,m/s,5.98
2025-12-07 10:00:00,Direction du vent,Direction du vent,Deg,283.9
2025-12-07 10:00:00,Température,Température,°c,12.9
2025-12-07 10:00:00,Humidité relative,Humidité relative,%,71.1
2025-12-07 10:00:00,Point de Rosée,Point de Rosée,°c,7.8
2025-12-07 09:00:00,Rayonnement solaire,Rayonnement solaire,W/m²,954.3
2025-12-07 09:00:00,Vitesse du vent,Vitesse du vent,m/s,1.41
2025-12-07 09:00:00,Direction du vent,Direction du vent,Deg,105.3
2025-12-07 09:00:00,Température,Température,°c,8.1
2025-12-07 09:00:00,Humidité relative,Humidité relative,%,88.7
2025-12-07 09:00:00,Point de Rosée,Point de Rosée,°c,6.3
2025-12-07 08:00:00,Rayonnement solaire,Rayonnement solaire,W/m²,953.9
2025-12-07 08:00:00,Vitesse du vent,Vitesse du vent,m/s,1.23
2025-12-07 08:00:00,Direction du vent,Direction du vent,Deg,106.2
2025-12-07 08:00:00,Température,Température,°c,5.2
2025-12-07 08:00:00,Humidité relative,Humidité relative,%,94.3
2025-12-07 08:00:00,Point de Rosée,Point de Rosée,°c,4.3
2025-12-07 07:00:00,Rayonnement solaire,Rayonnement solaire,W/m²,953.6
2025-12-07 07:00:00,Vitesse du vent,Vitesse du vent,m/s,1.06
2025-12-07 07:00:00,Direction du vent,Direction du vent,Deg,142.3
2025-12-07 07:00:00,Température,Température,°c,6.3
2025-12-07 07:00:00,Humidité relative,Humidité relative,%,92.7
2025-12-07 07:00:00,Point de Rosée,Point de Rosée,°c,5.2
2025-12-07 06:00:00,Rayonnement solaire,Rayonnement solaire,W/m²,953.6
2025-12-07 06:00:00,Vitesse du vent,Vitesse du vent,m/s,1.62
2025-12-07 06:00:00,Direction du vent,Direction du vent,Deg,152.3
2025-12-07 06:00:00,Température,Température,°c,5.9
2025-12-07 06:00:00,Humidité relative,Humidité relative,%,91.8
2025-12-07 06:00:00,Point de Rosée,Point de Rosée,°c,4.7
2025-12-07 05:00:00,Rayonnement solaire,Rayonnement solaire,W/m²,953.3
2025-12-07 05:00:00,Vitesse du vent,Vitesse du vent,m/s,1.14
2025-12-07 05:00:00,Direction du vent,Direction du vent,Deg,124.9
2025-12-07 05:00:00,Température,Température,°c,6.5
2025-12-07 05:00:00,Humidité relative,Humidité relative,%,88.2
2025-12-07 05:00:00,Point de Rosée,Point de Rosée,°c,4.7
2025-12-07 04:00:00,Rayonnement solaire,Rayonnement solaire,W/m²,953.5
2025-12-07 04:00:00,Vitesse du vent,Vitesse du vent,m/s,1.1
2025-12-07 04:00:00,Direction du vent,Direction du vent,Deg,123.6
2025-12-07 04:00:00,Température,Température,°c,7.3
2025-12-07 04:00:00,Humidité relative,Humidité relative,%,86.9
2025-12-07 04:00:00,Point de Rosée,Point de Rosée,°c,5.2
2025-12-07 03:00:00,Rayonnement solaire,Rayonnement solaire,W/m²,953.8
2025-12-07 03:00:00,Vitesse du vent,Vitesse du vent,m/s,1.35
2025-12-07 03:00:00,Direction du vent,Direction du vent,Deg,122.6
2025-12-07 03:00:00,Température,Température,°c,8.1
2025-12-07 03:00:00,Humidité relative,Humidité relative,%,87.5
2025-12-07 03:00:00,Point de Rosée,Point de Rosée,°c,6.1
2025-12-07 02:00:00,Rayonnement solaire,Rayonnement solaire,W/m²,953.8
2025-12-07 02:00:00,Vitesse du vent,Vitesse du vent,m/s,1.22
2025-12-07 02:00:00,Direction du vent,Direction du vent,Deg,143.9
2025-12-07 02:00:00,Température,Température,°c,7.6
2025-12-07 02:00:00,Humidité relative,Humidité relative,%,89.3
2025-12-07 02:00:00,Point de Rosée,Point de Rosée,°c,6.0
2025-12-07 01:00:00,Rayonnement solaire,Rayonnement solaire,W/m²,954.1
2025-12-07 01:00:00,Vitesse du vent,Vitesse du vent,m/s,1.17
2025-12-07 01:00:00,Direction du vent,Direction du vent,Deg,141.1
2025-12-07 01:00:00,Température,Température,°c,7.1
2025-12-07 01:00:00,Humidité relative,Humidité relative,%,89.6
2025-12-07 01:00:00,Point de Rosée,Point de Rosée,°c,5.5
2025-12-07 00:00:00,Rayonnement solaire,Rayonnement solaire,W/m²,954.1
2025-12-07 00:00:00,Vitesse du vent,Vitesse du vent,m/s,1.25
2025-12-07 00:00:00,Direction du vent,Direction du vent,Deg,125.2
2025-12-07 00:00:00,Température,Température,°c,6.5
2025-12-07 00:00:00,Humidité relative,Humidité relative,%,89.9
2025-12-07 00:00:00,Point de Rosée,Point de Rosée,°c,5.0
