Date,nom_ar,nom_fr,unite,valeur
2026-01-06 14:00:00,Rayonnement solaire,Rayonnement solaire,W/m²,437.0
2026-01-06 14:00:00,Humidité relative,Humidité relative,%,50.3
2026-01-06 14:00:00,Pression atmosphérique,Pression atmosphérique,mm/j,1002.8
2026-01-06 14:00:00,Température,Température,°C,19.1
2026-01-06 14:00:00,Point de Rosée,Point de Rosée,°C,8.5
2026-01-06 14:00:00,Direction du vent,Direction du vent,Deg,28.9
2026-01-06 14:00:00,Évapotranspiration Horaire,Évapotranspiration Horaire,mm/h,2.39
2026-01-06 14:00:00,Vitesse du vent,Vitesse du vent,m/s,1.06
2026-01-06 13:00:00,Point de Rosée,Point de Rosée,°C,8.2
2026-01-06 13:00:00,Rayonnement solaire,Rayonnement solaire,W/m²,479.0
2026-01-06 13:00:00,Pression atmosphérique,Pression atmosphérique,mm/j,1003.0
2026-01-06 13:00:00,Évapotranspiration Horaire,Évapotranspiration Horaire,mm/h,2.39
2026-01-06 13:00:00,Vitesse du vent,Vitesse du vent,m/s,2.94
2026-01-06 13:00:00,Humidité relative,Humidité relative,%,48.7
2026-01-06 13:00:00,Température,Température,°C,19.3
2026-01-06 13:00:00,Direction du vent,Direction du vent,Deg,286.5
2026-01-06 12:00:00,Vitesse du vent,Vitesse du vent,m/s,1.58
2026-01-06 12:00:00,Évapotranspiration Horaire,Évapotranspiration Horaire,mm/h,2.39
2026-01-06 12:00:00,Pression atmosphérique,Pression atmosphérique,mm/j,1003.6
2026-01-06 12:00:00,Rayonnement solaire,Rayonnement solaire,W/m²,478.0
2026-01-06 12:00:00,Point de Rosée,Point de Rosée,°C,8.0
2026-01-06 12:00:00,Humidité relative,Humidité relative,%,49.7
2026-01-06 12:00:00,Température,Température,°C,18.7
2026-01-06 12:00:00,Direction du vent,Direction du vent,Deg,315.2
2026-01-06 11:00:00,Point de Rosée,Point de Rosée,°C,8.2
2026-01-06 11:00:00,Vitesse du vent,Vitesse du vent,m/s,0.61
2026-01-06 11:00:00,Évapotranspiration Horaire,Évapotranspiration Horaire,mm/h,2.39
2026-01-06 11:00:00,Humidité relative,Humidité relative,%,52.5
2026-01-06 11:00:00,Pression atmosphérique,Pression atmosphérique,mm/j,1003.9
2026-01-06 11:00:00,Direction du vent,Direction du vent,Deg,234.7
2026-01-06 11:00:00,Rayonnement solaire,Rayonnement solaire,W/m²,417.0
2026-01-06 11:00:00,Température,Température,°C,18.1
2026-01-06 10:00:00,Direction du vent,Direction du vent,Deg,271.8
2026-01-06 10:00:00,Évapotranspiration Horaire,Évapotranspiration Horaire,mm/h,2.39
2026-01-06 10:00:00,Pression atmosphérique,Pression atmosphérique,mm/j,1003.6
2026-01-06 10:00:00,Rayonnement solaire,Rayonnement solaire,W/m²,319.0
2026-01-06 10:00:00,Point de Rosée,Point de Rosée,°C,8.7
2026-01-06 10:00:00,Humidité relative,Humidité relative,%,58.6
2026-01-06 10:00:00,Température,Température,°C,16.9
2026-01-06 10:00:00,Vitesse du vent,Vitesse du vent,m/s,3.08
2026-01-06 09:00:00,Point de Rosée,Point de Rosée,°C,8.5
2026-01-06 09:00:00,Température,Température,°C,14.6
2026-01-06 09:00:00,Évapotranspiration Horaire,Évapotranspiration Horaire,mm/h,2.39
2026-01-06 09:00:00,Direction du vent,Direction du vent,Deg,232.8
2026-01-06 09:00:00,Vitesse du vent,Vitesse du vent,m/s,1.61
2026-01-06 09:00:00,Rayonnement solaire,Rayonnement solaire,W/m²,177.0
2026-01-06 09:00:00,Humidité relative,Humidité relative,%,67.0
2026-01-06 09:00:00,Pression atmosphérique,Pression atmosphérique,mm/j,1002.7
2026-01-06 08:00:00,Point de Rosée,Point de Rosée,°C,8.0
2026-01-06 08:00:00,Humidité relative,Humidité relative,%,71.4
2026-01-06 08:00:00,Évapotranspiration Horaire,Évapotranspiration Horaire,mm/h,2.39
2026-01-06 08:00:00,Température,Température,°C,13.0
2026-01-06 08:00:00,Rayonnement solaire,Rayonnement solaire,W/m²,32.0
2026-01-06 08:00:00,Direction du vent,Direction du vent,Deg,197.3
2026-01-06 08:00:00,Pression atmosphérique,Pression atmosphérique,mm/j,1002.0
2026-01-06 08:00:00,Vitesse du vent,Vitesse du vent,m/s,2.05
2026-01-06 07:00:00,Point de Rosée,Point de Rosée,°C,8.0
2026-01-06 07:00:00,Évapotranspiration Horaire,Évapotranspiration Horaire,mm/h,2.39
2026-01-06 07:00:00,Pression atmosphérique,Pression atmosphérique,mm/j,1001.1
2026-01-06 07:00:00,Rayonnement solaire,Rayonnement solaire,W/m²,0.0
2026-01-06 07:00:00,Humidité relative,Humidité relative,%,72.4
2026-01-06 07:00:00,Température,Température,°C,12.8
2026-01-06 07:00:00,Direction du vent,Direction du vent,Deg,226.5
2026-01-06 07:00:00,Vitesse du vent,Vitesse du vent,m/s,2.18
2026-01-06 06:00:00,Température,Température,°C,12.7
2026-01-06 06:00:00,Évapotranspiration Horaire,Évapotranspiration Horaire,mm/h,2.39
2026-01-06 06:00:00,Direction du vent,Direction du vent,Deg,234.4
2026-01-06 06:00:00,Vitesse du vent,Vitesse du vent,m/s,0.34
2026-01-06 06:00:00,Humidité relative,Humidité relative,%,73.2
2026-01-06 06:00:00,Pression atmosphérique,Pression atmosphérique,mm/j,1001.0
2026-01-06 06:00:00,Rayonnement solaire,Rayonnement solaire,W/m²,0.0
2026-01-06 06:00:00,Point de Rosée,Point de Rosée,°C,8.0
2026-01-06 05:00:00,Température,Température,°C,13.5
2026-01-06 05:00:00,Évapotranspiration Horaire,Évapotranspiration Horaire,mm/h,2.39
2026-01-06 05:00:00,Pression atmosphérique,Pression atmosphérique,mm/j,1000.5
2026-01-06 05:00:00,Rayonnement solaire,Rayonnement solaire,W/m²,0.0
2026-01-06 05:00:00,Point de Rosée,Point de Rosée,°C,8.1
2026-01-06 05:00:00,Humidité relative,Humidité relative,%,69.8
2026-01-06 05:00:00,Direction du vent,Direction du vent,Deg,220.7
2026-01-06 05:00:00,Vitesse du vent,Vitesse du vent,m/s,1.72
2026-01-06 04:00:00,Évapotranspiration Horaire,Évapotranspiration Horaire,mm/h,2.39
2026-01-06 04:00:00,Humidité relative,Humidité relative,%,67.1
2026-01-06 04:00:00,Rayonnement solaire,Rayonnement solaire,W/m²,0.0
2026-01-06 04:00:00,Température,Température,°C,14.1
2026-01-06 04:00:00,Pression atmosphérique,Pression atmosphérique,mm/j,1000.8
2026-01-06 04:00:00,Direction du vent,Direction du vent,Deg,217.1
2026-01-06 04:00:00,Point de Rosée,Point de Rosée,°C,8.1
2026-01-06 04:00:00,Vitesse du vent,Vitesse du vent,m/s,0.85
2026-01-06 03:00:00,Point de Rosée,Point de Rosée,°C,8.0
2026-01-06 03:00:00,Évapotranspiration Horaire,Évapotranspiration Horaire,mm/h,2.39
2026-01-06 03:00:00,Pression atmosphérique,Pression atmosphérique,mm/j,1001.1
2026-01-06 03:00:00,Rayonnement solaire,Rayonnement solaire,W/m²,0.0
2026-01-06 03:00:00,Vitesse du vent,Vitesse du vent,m/s,1.13
2026-01-06 03:00:00,Humidité relative,Humidité relative,%,65.6
2026-01-06 03:00:00,Température,Température,°C,14.4
2026-01-06 03:00:00,Direction du vent,Direction du vent,Deg,196.4
2026-01-06 02:00:00,Vitesse du vent,Vitesse du vent,m/s,0.71
2026-01-06 02:00:00,Évapotranspiration Horaire,Évapotranspiration Horaire,mm/h,2.39
2026-01-06 02:00:00,Pression atmosphérique,Pression atmosphérique,mm/j,1001.3
2026-01-06 02:00:00,Rayonnement solaire,Rayonnement solaire,W/m²,0.0
2026-01-06 02:00:00,Point de Rosée,Point de Rosée,°C,8.0
2026-01-06 02:00:00,Humidité relative,Humidité relative,%,70.2
2026-01-06 02:00:00,Température,Température,°C,13.4
2026-01-06 02:00:00,Direction du vent,Direction du vent,Deg,226.2
2026-01-06 01:00:00,Point de Rosée,Point de Rosée,°C,8.1
2026-01-06 01:00:00,Vitesse du vent,Vitesse du vent,m/s,2.15
2026-01-06 01:00:00,Évapotranspiration Horaire,Évapotranspiration Horaire,mm/h,2.39
2026-01-06 01:00:00,Humidité relative,Humidité relative,%,63.9
2026-01-06 01:00:00,Pression atmosphérique,Pression atmosphérique,mm/j,1001.3
2026-01-06 01:00:00,Direction du vent,Direction du vent,Deg,242.4
2026-01-06 01:00:00,Rayonnement solaire,Rayonnement solaire,W/m²,0.0
2026-01-06 01:00:00,Température,Température,°C,14.9
2026-01-06 00:00:00,Direction du vent,Direction du vent,Deg,198.4
2026-01-06 00:00:00,Évapotranspiration Horaire,Évapotranspiration Horaire,mm/h,2.36
2026-01-06 00:00:00,Pression atmosphérique,Pression atmosphérique,mm/j,1001.6
2026-01-06 00:00:00,Rayonnement solaire,Rayonnement solaire,W/m²,0.0
2026-01-06 00:00:00,Point de Rosée,Point de Rosée,°C,8.1
2026-01-06 00:00:00,Humidité relative,Humidité relative,%,60.8
2026-01-06 00:00:00,Température,Température,°C,15.7
2026-01-06 00:00:00,Vitesse du vent,Vitesse du vent,m/s,1.8
2026-01-05 23:00:00,Point de Rosée,Point de Rosée,°C,7.4
2026-01-05 23:00:00,Température,Température,°C,15.2
2026-01-05 23:00:00,Évapotranspiration Horaire,Évapotranspiration Horaire,mm/h,2.36
2026-01-05 23:00:00,Direction du vent,Direction du vent,Deg,220.3
2026-01-05 23:00:00,Vitesse du vent,Vitesse du vent,m/s,2.1
2026-01-05 23:00:00,Rayonnement solaire,Rayonnement solaire,W/m²,0.0
2026-01-05 23:00:00,Humidité relative,Humidité relative,%,59.8
2026-01-05 23:00:00,Pression atmosphérique,Pression atmosphérique,mm/j,1001.7
2026-01-05 22:00:00,Point de Rosée,Point de Rosée,°C,7.6
2026-01-05 22:00:00,Humidité relative,Humidité relative,%,58.1
2026-01-05 22:00:00,Évapotranspiration Horaire,Évapotranspiration Horaire,mm/h,2.36
2026-01-05 22:00:00,Température,Température,°C,15.8
2026-01-05 22:00:00,Rayonnement solaire,Rayonnement solaire,W/m²,0.0
2026-01-05 22:00:00,Direction du vent,Direction du vent,Deg,198.5
2026-01-05 22:00:00,Pression atmosphérique,Pression atmosphérique,mm/j,1001.7
2026-01-05 22:00:00,Vitesse du vent,Vitesse du vent,m/s,2.23
2026-01-05 21:00:00,Point de Rosée,Point de Rosée,°C,7.5
2026-01-05 21:00:00,Évapotranspiration Horaire,Évapotranspiration Horaire,mm/h,2.36
2026-01-05 21:00:00,Pression atmosphérique,Pression atmosphérique,mm/j,1001.3
2026-01-05 21:00:00,Rayonnement solaire,Rayonnement solaire,W/m²,0.0
2026-01-05 21:00:00,Humidité relative,Humidité relative,%,58.2
2026-01-05 21:00:00,Température,Température,°C,15.7
2026-01-05 21:00:00,Direction du vent,Direction du vent,Deg,114.7
2026-01-05 21:00:00,Vitesse du vent,Vitesse du vent,m/s,0.0
2026-01-05 20:00:00,Température,Température,°C,15.1
2026-01-05 20:00:00,Évapotranspiration Horaire,Évapotranspiration Horaire,mm/h,2.36
2026-01-05 20:00:00,Point de Rosée,Point de Rosée,°C,8.7
2026-01-05 20:00:00,Direction du vent,Direction du vent,Deg,220.3
2026-01-05 20:00:00,Humidité relative,Humidité relative,%,65.4
2026-01-05 20:00:00,Pression atmosphérique,Pression atmosphérique,mm/j,1001.4
2026-01-05 20:00:00,Rayonnement solaire,Rayonnement solaire,W/m²,2.0
2026-01-05 20:00:00,Vitesse du vent,Vitesse du vent,m/s,0.15
2026-01-05 19:00:00,Point de Rosée,Point de Rosée,°C,12.7
2026-01-05 19:00:00,Évapotranspiration Horaire,Évapotranspiration Horaire,mm/h,2.36
2026-01-05 19:00:00,Pression atmosphérique,Pression atmosphérique,mm/j,1001.3
2026-01-05 19:00:00,Rayonnement solaire,Rayonnement solaire,W/m²,0.0
2026-01-05 19:00:00,Humidité relative,Humidité relative,%,78.3
2026-01-05 19:00:00,Température,Température,°C,16.5
2026-01-05 19:00:00,Direction du vent,Direction du vent,Deg,151.7
2026-01-05 19:00:00,Vitesse du vent,Vitesse du vent,m/s,2.03
2026-01-05 18:00:00,Direction du vent,Direction du vent,Deg,134.8
2026-01-05 18:00:00,Humidité relative,Humidité relative,%,76.3
2026-01-05 18:00:00,Pression atmosphérique,Pression atmosphérique,mm/j,1000.9
2026-01-05 18:00:00,Température,Température,°C,16.8
2026-01-05 18:00:00,Évapotranspiration Horaire,Évapotranspiration Horaire,mm/h,2.36
2026-01-05 18:00:00,Rayonnement solaire,Rayonnement solaire,W/m²,0.0
2026-01-05 18:00:00,Vitesse du vent,Vitesse du vent,m/s,0.63
2026-01-05 18:00:00,Point de Rosée,Point de Rosée,°C,12.6
2026-01-05 17:00:00,Température,Température,°C,19.3
2026-01-05 17:00:00,Pression atmosphérique,Pression atmosphérique,mm/j,1000.7
2026-01-05 17:00:00,Rayonnement solaire,Rayonnement solaire,W/m²,14.0
2026-01-05 17:00:00,Point de Rosée,Point de Rosée,°C,9.6
2026-01-05 17:00:00,Humidité relative,Humidité relative,%,53.4
2026-01-05 17:00:00,Direction du vent,Direction du vent,Deg,144.3
2026-01-05 17:00:00,Vitesse du vent,Vitesse du vent,m/s,0.15
2026-01-05 17:00:00,Évapotranspiration Horaire,Évapotranspiration Horaire,mm/h,2.36
2026-01-05 16:00:00,Direction du vent,Direction du vent,Deg,37.4
2026-01-05 16:00:00,Évapotranspiration Horaire,Évapotranspiration Horaire,mm/h,2.36
2026-01-05 16:00:00,Vitesse du vent,Vitesse du vent,m/s,1.08
2026-01-05 16:00:00,Pression atmosphérique,Pression atmosphérique,mm/j,1000.5
2026-01-05 16:00:00,Point de Rosée,Point de Rosée,°C,9.6
2026-01-05 16:00:00,Température,Température,°C,20.9
2026-01-05 16:00:00,Rayonnement solaire,Rayonnement solaire,W/m²,139.0
2026-01-05 16:00:00,Humidité relative,Humidité relative,%,48.4
2026-01-05 15:00:00,Point de Rosée,Point de Rosée,°C,7.1
2026-01-05 15:00:00,Évapotranspiration Horaire,Évapotranspiration Horaire,mm/h,2.36
2026-01-05 15:00:00,Pression atmosphérique,Pression atmosphérique,mm/j,1000.4
2026-01-05 15:00:00,Rayonnement solaire,Rayonnement solaire,W/m²,294.0
2026-01-05 15:00:00,Humidité relative,Humidité relative,%,36.6
2026-01-05 15:00:00,Température,Température,°C,22.7
2026-01-05 15:00:00,Direction du vent,Direction du vent,Deg,255.8
2026-01-05 15:00:00,Vitesse du vent,Vitesse du vent,m/s,1.55
2026-01-05 14:00:00,Humidité relative,Humidité relative,%,37.3
2026-01-05 14:00:00,Rayonnement solaire,Rayonnement solaire,W/m²,412.0
2026-01-05 14:00:00,Température,Température,°C,22.3
2026-01-05 14:00:00,Évapotranspiration Horaire,Évapotranspiration Horaire,mm/h,2.36
2026-01-05 14:00:00,Direction du vent,Direction du vent,Deg,265.3
2026-01-05 14:00:00,Pression atmosphérique,Pression atmosphérique,mm/j,1000.5
2026-01-05 14:00:00,Vitesse du vent,Vitesse du vent,m/s,1.52
2026-01-05 14:00:00,Point de Rosée,Point de Rosée,°C,7.0
2026-01-05 13:00:00,Vitesse du vent,Vitesse du vent,m/s,2.07
2026-01-05 13:00:00,Rayonnement solaire,Rayonnement solaire,W/m²,466.0
2026-01-05 13:00:00,Point de Rosée,Point de Rosée,°C,7.6
2026-01-05 13:00:00,Pression atmosphérique,Pression atmosphérique,mm/j,1001.2
2026-01-05 13:00:00,Humidité relative,Humidité relative,%,40.6
2026-01-05 13:00:00,Température,Température,°C,21.6
2026-01-05 13:00:00,Direction du vent,Direction du vent,Deg,205.8
2026-01-05 13:00:00,Évapotranspiration Horaire,Évapotranspiration Horaire,mm/h,2.36
2026-01-05 12:00:00,Évapotranspiration Horaire,Évapotranspiration Horaire,mm/h,2.36
2026-01-05 12:00:00,Vitesse du vent,Vitesse du vent,m/s,1.47
2026-01-05 12:00:00,Pression atmosphérique,Pression atmosphérique,mm/j,1002.0
2026-01-05 12:00:00,Rayonnement solaire,Rayonnement solaire,W/m²,463.0
2026-01-05 12:00:00,Point de Rosée,Point de Rosée,°C,6.9
2026-01-05 12:00:00,Humidité relative,Humidité relative,%,40.2
2026-01-05 12:00:00,Température,Température,°C,20.9
2026-01-05 12:00:00,Direction du vent,Direction du vent,Deg,216.0
2026-01-05 11:00:00,Évapotranspiration Horaire,Évapotranspiration Horaire,mm/h,2.36
2026-01-05 11:00:00,Humidité relative,Humidité relative,%,42.5
2026-01-05 11:00:00,Direction du vent,Direction du vent,Deg,253.8
2026-01-05 11:00:00,Pression atmosphérique,Pression atmosphérique,mm/j,1002.7
2026-01-05 11:00:00,Température,Température,°C,18.8
2026-01-05 11:00:00,Rayonnement solaire,Rayonnement solaire,W/m²,412.0
2026-01-05 11:00:00,Vitesse du vent,Vitesse du vent,m/s,2.5
2026-01-05 11:00:00,Point de Rosée,Point de Rosée,°C,5.8
2026-01-05 10:00:00,Humidité relative,Humidité relative,%,46.7
2026-01-05 10:00:00,Évapotranspiration Horaire,Évapotranspiration Horaire,mm/h,2.36
2026-01-05 10:00:00,Pression atmosphérique,Pression atmosphérique,mm/j,1002.7
2026-01-05 10:00:00,Rayonnement solaire,Rayonnement solaire,W/m²,310.0
2026-01-05 10:00:00,Point de Rosée,Point de Rosée,°C,5.5
2026-01-05 10:00:00,Température,Température,°C,17.0
2026-01-05 10:00:00,Direction du vent,Direction du vent,Deg,234.7
2026-01-05 10:00:00,Vitesse du vent,Vitesse du vent,m/s,0.81
2026-01-05 09:00:00,Rayonnement solaire,Rayonnement solaire,W/m²,182.0
2026-01-05 09:00:00,Humidité relative,Humidité relative,%,51.3
2026-01-05 09:00:00,Température,Température,°C,14.4
2026-01-05 09:00:00,Direction du vent,Direction du vent,Deg,206.3
2026-01-05 09:00:00,Point de Rosée,Point de Rosée,°C,4.5
2026-01-05 09:00:00,Évapotranspiration Horaire,Évapotranspiration Horaire,mm/h,2.36
2026-01-05 09:00:00,Pression atmosphérique,Pression atmosphérique,mm/j,1002.3
2026-01-05 09:00:00,Vitesse du vent,Vitesse du vent,m/s,3.12
2026-01-05 08:00:00,Humidité relative,Humidité relative,%,53.2
2026-01-05 08:00:00,Évapotranspiration Horaire,Évapotranspiration Horaire,mm/h,2.36
2026-01-05 08:00:00,Pression atmosphérique,Pression atmosphérique,mm/j,1001.7
2026-01-05 08:00:00,Rayonnement solaire,Rayonnement solaire,W/m²,32.0
2026-01-05 08:00:00,Point de Rosée,Point de Rosée,°C,3.8
2026-01-05 08:00:00,Température,Température,°C,13.1
2026-01-05 08:00:00,Direction du vent,Direction du vent,Deg,224.5
2026-01-05 08:00:00,Vitesse du vent,Vitesse du vent,m/s,0.87
2026-01-05 07:00:00,Humidité relative,Humidité relative,%,52.8
2026-01-05 07:00:00,Évapotranspiration Horaire,Évapotranspiration Horaire,mm/h,2.36
2026-01-05 07:00:00,Direction du vent,Direction du vent,Deg,246.1
2026-01-05 07:00:00,Pression atmosphérique,Pression atmosphérique,mm/j,1001.3
2026-01-05 07:00:00,Température,Température,°C,12.7
2026-01-05 07:00:00,Rayonnement solaire,Rayonnement solaire,W/m²,0.0
2026-01-05 07:00:00,Vitesse du vent,Vitesse du vent,m/s,1.49
2026-01-05 07:00:00,Point de Rosée,Point de Rosée,°C,3.3
2026-01-05 06:00:00,Évapotranspiration Horaire,Évapotranspiration Horaire,mm/h,2.36
2026-01-05 06:00:00,Direction du vent,Direction du vent,Deg,214.5
2026-01-05 06:00:00,Point de Rosée,Point de Rosée,°C,3.1
2026-01-05 06:00:00,Température,Température,°C,12.4
2026-01-05 06:00:00,Humidité relative,Humidité relative,%,53.1
2026-01-05 06:00:00,Pression atmosphérique,Pression atmosphérique,mm/j,1000.9
2026-01-05 06:00:00,Vitesse du vent,Vitesse du vent,m/s,1.92
2026-01-05 06:00:00,Rayonnement solaire,Rayonnement solaire,W/m²,0.0
2026-01-05 05:00:00,Pression atmosphérique,Pression atmosphérique,mm/j,1000.4
2026-01-05 05:00:00,Évapotranspiration Horaire,Évapotranspiration Horaire,mm/h,2.36
2026-01-05 05:00:00,Rayonnement solaire,Rayonnement solaire,W/m²,0.0
2026-01-05 05:00:00,Point de Rosée,Point de Rosée,°C,3.3
2026-01-05 05:00:00,Humidité relative,Humidité relative,%,53.2
2026-01-05 05:00:00,Température,Température,°C,12.6
2026-01-05 05:00:00,Direction du vent,Direction du vent,Deg,191.6
2026-01-05 05:00:00,Vitesse du vent,Vitesse du vent,m/s,1.71
2026-01-05 04:00:00,Évapotranspiration Horaire,Évapotranspiration Horaire,mm/h,2.36
2026-01-05 04:00:00,Pression atmosphérique,Pression atmosphérique,mm/j,1000.5
2026-01-05 04:00:00,Rayonnement solaire,Rayonnement solaire,W/m²,0.0
2026-01-05 04:00:00,Point de Rosée,Point de Rosée,°C,4.3
2026-01-05 04:00:00,Humidité relative,Humidité relative,%,57.6
2026-01-05 04:00:00,Température,Température,°C,12.5
2026-01-05 04:00:00,Direction du vent,Direction du vent,Deg,7.7
2026-01-05 04:00:00,Vitesse du vent,Vitesse du vent,m/s,1.19
2026-01-05 03:00:00,Vitesse du vent,Vitesse du vent,m/s,0.56
2026-01-05 03:00:00,Évapotranspiration Horaire,Évapotranspiration Horaire,mm/h,2.36
2026-01-05 03:00:00,Humidité relative,Humidité relative,%,67.5
2026-01-05 03:00:00,Pression atmosphérique,Pression atmosphérique,mm/j,1000.7
2026-01-05 03:00:00,Direction du vent,Direction du vent,Deg,297.8
2026-01-05 03:00:00,Rayonnement solaire,Rayonnement solaire,W/m²,2.0
2026-01-05 03:00:00,Température,Température,°C,11.3
2026-01-05 03:00:00,Point de Rosée,Point de Rosée,°C,5.5
2026-01-05 02:00:00,Évapotranspiration Horaire,Évapotranspiration Horaire,mm/h,2.36
2026-01-05 02:00:00,Pression atmosphérique,Pression atmosphérique,mm/j,1001.1
2026-01-05 02:00:00,Rayonnement solaire,Rayonnement solaire,W/m²,0.0
2026-01-05 02:00:00,Point de Rosée,Point de Rosée,°C,7.1
2026-01-05 02:00:00,Humidité relative,Humidité relative,%,72.9
2026-01-05 02:00:00,Température,Température,°C,11.8
2026-01-05 02:00:00,Vitesse du vent,Vitesse du vent,m/s,0.33
2026-01-05 02:00:00,Direction du vent,Direction du vent,Deg,351.0
2026-01-05 01:00:00,Température,Température,°C,13.0
2026-01-05 01:00:00,Évapotranspiration Horaire,Évapotranspiration Horaire,mm/h,2.36
2026-01-05 01:00:00,Humidité relative,Humidité relative,%,66.3
2026-01-05 01:00:00,Pression atmosphérique,Pression atmosphérique,mm/j,1001.3
2026-01-05 01:00:00,Direction du vent,Direction du vent,Deg,307.0
2026-01-05 01:00:00,Rayonnement solaire,Rayonnement solaire,W/m²,0.0
2026-01-05 01:00:00,Vitesse du vent,Vitesse du vent,m/s,0.85
2026-01-05 01:00:00,Point de Rosée,Point de Rosée,°C,6.9
2026-01-05 00:00:00,Point de Rosée,Point de Rosée,°C,6.7
2026-01-05 00:00:00,Vitesse du vent,Vitesse du vent,m/s,0.41
2026-01-05 00:00:00,Direction du vent,Direction du vent,Deg,294.7
2026-01-05 00:00:00,Température,Température,°C,13.5
2026-01-05 00:00:00,Humidité relative,Humidité relative,%,63.4
2026-01-05 00:00:00,Rayonnement solaire,Rayonnement solaire,W/m²,0.0
2026-01-05 00:00:00,Pression atmosphérique,Pression atmosphérique,mm/j,1002.0
2026-01-05 00:00:00,Évapotranspiration Horaire,Évapotranspiration Horaire,mm/h,3.41
2026-01-04 23:00:00,Humidité relative,Humidité relative,%,58.8
2026-01-04 23:00:00,Direction du vent,Direction du vent,Deg,279.4
2026-01-04 23:00:00,Évapotranspiration Horaire,Évapotranspiration Horaire,mm/h,3.41
2026-01-04 23:00:00,Rayonnement solaire,Rayonnement solaire,W/m²,0.0
2026-01-04 23:00:00,Vitesse du vent,Vitesse du vent,m/s,0.11
2026-01-04 23:00:00,Pression atmosphérique,Pression atmosphérique,mm/j,1001.8
2026-01-04 23:00:00,Point de Rosée,Point de Rosée,°C,6.2
2026-01-04 23:00:00,Température,Température,°C,14.2
2026-01-04 22:00:00,Point de Rosée,Point de Rosée,°C,4.4
2026-01-04 22:00:00,Humidité relative,Humidité relative,%,51.9
2026-01-04 22:00:00,Évapotranspiration Horaire,Évapotranspiration Horaire,mm/h,3.41
2026-01-04 22:00:00,Température,Température,°C,14.2
2026-01-04 22:00:00,Rayonnement solaire,Rayonnement solaire,W/m²,0.0
2026-01-04 22:00:00,Direction du vent,Direction du vent,Deg,81.0
2026-01-04 22:00:00,Pression atmosphérique,Pression atmosphérique,mm/j,1002.4
2026-01-04 22:00:00,Vitesse du vent,Vitesse du vent,m/s,0.79
2026-01-04 21:00:00,Point de Rosée,Point de Rosée,°C,3.8
2026-01-04 21:00:00,Évapotranspiration Horaire,Évapotranspiration Horaire,mm/h,3.41
2026-01-04 21:00:00,Pression atmosphérique,Pression atmosphérique,mm/j,1003.3
2026-01-04 21:00:00,Rayonnement solaire,Rayonnement solaire,W/m²,0.0
2026-01-04 21:00:00,Humidité relative,Humidité relative,%,49.0
2026-01-04 21:00:00,Température,Température,°C,14.4
2026-01-04 21:00:00,Direction du vent,Direction du vent,Deg,274.6
2026-01-04 21:00:00,Vitesse du vent,Vitesse du vent,m/s,2.43
2026-01-04 20:00:00,Point de Rosée,Point de Rosée,°C,5.2
2026-01-04 20:00:00,Évapotranspiration Horaire,Évapotranspiration Horaire,mm/h,3.41
2026-01-04 20:00:00,Direction du vent,Direction du vent,Deg,139.6
2026-01-04 20:00:00,Pression atmosphérique,Pression atmosphérique,mm/j,1002.6
2026-01-04 20:00:00,Température,Température,°C,15.5
2026-01-04 20:00:00,Rayonnement solaire,Rayonnement solaire,W/m²,0.0
2026-01-04 20:00:00,Humidité relative,Humidité relative,%,50.2
2026-01-04 20:00:00,Vitesse du vent,Vitesse du vent,m/s,1.85
2026-01-04 19:00:00,Vitesse du vent,Vitesse du vent,m/s,0.61
2026-01-04 19:00:00,Évapotranspiration Horaire,Évapotranspiration Horaire,mm/h,3.41
2026-01-04 19:00:00,Pression atmosphérique,Pression atmosphérique,mm/j,1003.3
2026-01-04 19:00:00,Rayonnement solaire,Rayonnement solaire,W/m²,0.0
2026-01-04 19:00:00,Point de Rosée,Point de Rosée,°C,5.3
2026-01-04 19:00:00,Humidité relative,Humidité relative,%,55.4
2026-01-04 19:00:00,Température,Température,°C,14.1
2026-01-04 19:00:00,Direction du vent,Direction du vent,Deg,199.4
2026-01-04 18:00:00,Évapotranspiration Horaire,Évapotranspiration Horaire,mm/h,3.41
2026-01-04 18:00:00,Humidité relative,Humidité relative,%,53.6
2026-01-04 18:00:00,Rayonnement solaire,Rayonnement solaire,W/m²,0.0
2026-01-04 18:00:00,Température,Température,°C,14.4
2026-01-04 18:00:00,Pression atmosphérique,Pression atmosphérique,mm/j,1003.6
2026-01-04 18:00:00,Direction du vent,Direction du vent,Deg,189.3
2026-01-04 18:00:00,Point de Rosée,Point de Rosée,°C,5.1
2026-01-04 18:00:00,Vitesse du vent,Vitesse du vent,m/s,0.89
2026-01-04 17:00:00,Point de Rosée,Point de Rosée,°C,4.9
2026-01-04 17:00:00,Évapotranspiration Horaire,Évapotranspiration Horaire,mm/h,3.41
2026-01-04 17:00:00,Pression atmosphérique,Pression atmosphérique,mm/j,1003.3
2026-01-04 17:00:00,Rayonnement solaire,Rayonnement solaire,W/m²,5.0
2026-01-04 17:00:00,Vitesse du vent,Vitesse du vent,m/s,0.31
2026-01-04 17:00:00,Humidité relative,Humidité relative,%,49.5
2026-01-04 17:00:00,Température,Température,°C,15.4
2026-01-04 17:00:00,Direction du vent,Direction du vent,Deg,183.0
2026-01-04 16:00:00,Point de Rosée,Point de Rosée,°C,3.0
2026-01-04 16:00:00,Évapotranspiration Horaire,Évapotranspiration Horaire,mm/h,3.41
2026-01-04 16:00:00,Direction du vent,Direction du vent,Deg,191.3
2026-01-04 16:00:00,Pression atmosphérique,Pression atmosphérique,mm/j,1003.4
2026-01-04 16:00:00,Humidité relative,Humidité relative,%,40.5
2026-01-04 16:00:00,Rayonnement solaire,Rayonnement solaire,W/m²,38.0
2026-01-04 16:00:00,Vitesse du vent,Vitesse du vent,m/s,1.0
2026-01-04 16:00:00,Température,Température,°C,16.5
2026-01-04 15:00:00,Point de Rosée,Point de Rosée,°C,3.0
2026-01-04 15:00:00,Évapotranspiration Horaire,Évapotranspiration Horaire,mm/h,3.41
2026-01-04 15:00:00,Pression atmosphérique,Pression atmosphérique,mm/j,1003.3
2026-01-04 15:00:00,Rayonnement solaire,Rayonnement solaire,W/m²,85.0
2026-01-04 15:00:00,Humidité relative,Humidité relative,%,38.9
2026-01-04 15:00:00,Température,Température,°C,17.1
2026-01-04 15:00:00,Direction du vent,Direction du vent,Deg,203.3
2026-01-04 15:00:00,Vitesse du vent,Vitesse du vent,m/s,0.3
2026-01-04 14:00:00,Humidité relative,Humidité relative,%,36.7
2026-01-04 14:00:00,Rayonnement solaire,Rayonnement solaire,W/m²,161.0
2026-01-04 14:00:00,Température,Température,°C,17.5
2026-01-04 14:00:00,Pression atmosphérique,Pression atmosphérique,mm/j,1003.7
2026-01-04 14:00:00,Direction du vent,Direction du vent,Deg,186.5
2026-01-04 14:00:00,Évapotranspiration Horaire,Évapotranspiration Horaire,mm/h,3.41
2026-01-04 14:00:00,Vitesse du vent,Vitesse du vent,m/s,3.5
2026-01-04 14:00:00,Point de Rosée,Point de Rosée,°C,2.5
2026-01-04 13:00:00,Pression atmosphérique,Pression atmosphérique,mm/j,1004.2
2026-01-04 13:00:00,Rayonnement solaire,Rayonnement solaire,W/m²,185.0
2026-01-04 13:00:00,Point de Rosée,Point de Rosée,°C,2.2
2026-01-04 13:00:00,Humidité relative,Humidité relative,%,34.4
2026-01-04 13:00:00,Température,Température,°C,18.2
2026-01-04 13:00:00,Direction du vent,Direction du vent,Deg,282.2
2026-01-04 13:00:00,Vitesse du vent,Vitesse du vent,m/s,1.39
2026-01-04 13:00:00,Évapotranspiration Horaire,Évapotranspiration Horaire,mm/h,3.41
2026-01-04 12:00:00,Évapotranspiration Horaire,Évapotranspiration Horaire,mm/h,3.41
2026-01-04 12:00:00,Direction du vent,Direction du vent,Deg,234.4
2026-01-04 12:00:00,Pression atmosphérique,Pression atmosphérique,mm/j,1005.4
2026-01-04 12:00:00,Température,Température,°C,17.5
2026-01-04 12:00:00,Rayonnement solaire,Rayonnement solaire,W/m²,340.0
2026-01-04 12:00:00,Humidité relative,Humidité relative,%,37.5
2026-01-04 12:00:00,Vitesse du vent,Vitesse du vent,m/s,2.02
2026-01-04 12:00:00,Point de Rosée,Point de Rosée,°C,2.9
2026-01-04 11:00:00,Rayonnement solaire,Rayonnement solaire,W/m²,372.0
2026-01-04 11:00:00,Évapotranspiration Horaire,Évapotranspiration Horaire,mm/h,3.41
2026-01-04 11:00:00,Pression atmosphérique,Pression atmosphérique,mm/j,1005.9
2026-01-04 11:00:00,Point de Rosée,Point de Rosée,°C,2.6
2026-01-04 11:00:00,Humidité relative,Humidité relative,%,40.1
2026-01-04 11:00:00,Température,Température,°C,16.2
2026-01-04 11:00:00,Direction du vent,Direction du vent,Deg,256.9
2026-01-04 11:00:00,Vitesse du vent,Vitesse du vent,m/s,1.2
2026-01-04 10:00:00,Évapotranspiration Horaire,Évapotranspiration Horaire,mm/h,3.41
2026-01-04 10:00:00,Pression atmosphérique,Pression atmosphérique,mm/j,1006.2
2026-01-04 10:00:00,Rayonnement solaire,Rayonnement solaire,W/m²,98.0
2026-01-04 10:00:00,Point de Rosée,Point de Rosée,°C,2.0
2026-01-04 10:00:00,Humidité relative,Humidité relative,%,42.5
2026-01-04 10:00:00,Température,Température,°C,14.6
2026-01-04 10:00:00,Direction du vent,Direction du vent,Deg,215.3
2026-01-04 10:00:00,Vitesse du vent,Vitesse du vent,m/s,2.03
2026-01-04 09:00:00,Humidité relative,Humidité relative,%,42.0
2026-01-04 09:00:00,Évapotranspiration Horaire,Évapotranspiration Horaire,mm/h,3.41
2026-01-04 09:00:00,Direction du vent,Direction du vent,Deg,213.9
2026-01-04 09:00:00,Pression atmosphérique,Pression atmosphérique,mm/j,1005.8
2026-01-04 09:00:00,Température,Température,°C,14.3
2026-01-04 09:00:00,Rayonnement solaire,Rayonnement solaire,W/m²,157.0
2026-01-04 09:00:00,Vitesse du vent,Vitesse du vent,m/s,1.88
2026-01-04 09:00:00,Point de Rosée,Point de Rosée,°C,1.6
2026-01-04 08:00:00,Évapotranspiration Horaire,Évapotranspiration Horaire,mm/h,3.41
2026-01-04 08:00:00,Vitesse du vent,Vitesse du vent,m/s,3.73
2026-01-04 08:00:00,Température,Température,°C,13.1
2026-01-04 08:00:00,Humidité relative,Humidité relative,%,45.7
2026-01-04 08:00:00,Direction du vent,Direction du vent,Deg,218.7
2026-01-04 08:00:00,Pression atmosphérique,Pression atmosphérique,mm/j,1005.1
2026-01-04 08:00:00,Rayonnement solaire,Rayonnement solaire,W/m²,29.0
2026-01-04 08:00:00,Point de Rosée,Point de Rosée,°C,1.7
2026-01-04 07:00:00,Point de Rosée,Point de Rosée,°C,3.0
2026-01-04 07:00:00,Vitesse du vent,Vitesse du vent,m/s,0.4
2026-01-04 07:00:00,Direction du vent,Direction du vent,Deg,189.2
2026-01-04 07:00:00,Température,Température,°C,12.7
2026-01-04 07:00:00,Humidité relative,Humidité relative,%,51.7
2026-01-04 07:00:00,Rayonnement solaire,Rayonnement solaire,W/m²,0.0
2026-01-04 07:00:00,Pression atmosphérique,Pression atmosphérique,mm/j,1005.3
2026-01-04 07:00:00,Évapotranspiration Horaire,Évapotranspiration Horaire,mm/h,3.41
2026-01-04 06:00:00,Pression atmosphérique,Pression atmosphérique,mm/j,1005.0
2026-01-04 06:00:00,Humidité relative,Humidité relative,%,53.9
2026-01-04 06:00:00,Rayonnement solaire,Rayonnement solaire,W/m²,0.0
2026-01-04 06:00:00,Température,Température,°C,12.8
2026-01-04 06:00:00,Évapotranspiration Horaire,Évapotranspiration Horaire,mm/h,3.41
2026-01-04 06:00:00,Direction du vent,Direction du vent,Deg,220.4
2026-01-04 06:00:00,Point de Rosée,Point de Rosée,°C,3.7
2026-01-04 06:00:00,Vitesse du vent,Vitesse du vent,m/s,1.66
2026-01-04 05:00:00,Point de Rosée,Point de Rosée,°C,3.8
2026-01-04 05:00:00,Rayonnement solaire,Rayonnement solaire,W/m²,0.0
2026-01-04 05:00:00,Évapotranspiration Horaire,Évapotranspiration Horaire,mm/h,3.41
2026-01-04 05:00:00,Pression atmosphérique,Pression atmosphérique,mm/j,1005.3
2026-01-04 05:00:00,Vitesse du vent,Vitesse du vent,m/s,2.56
2026-01-04 05:00:00,Humidité relative,Humidité relative,%,54.3
2026-01-04 05:00:00,Température,Température,°C,12.8
2026-01-04 05:00:00,Direction du vent,Direction du vent,Deg,249.3
2026-01-04 04:00:00,Humidité relative,Humidité relative,%,51.2
2026-01-04 04:00:00,Vitesse du vent,Vitesse du vent,m/s,5.73
2026-01-04 04:00:00,Direction du vent,Direction du vent,Deg,216.4
2026-01-04 04:00:00,Température,Température,°C,13.4
2026-01-04 04:00:00,Évapotranspiration Horaire,Évapotranspiration Horaire,mm/h,3.41
2026-01-04 04:00:00,Pression atmosphérique,Pression atmosphérique,mm/j,1005.8
2026-01-04 04:00:00,Rayonnement solaire,Rayonnement solaire,W/m²,0.0
2026-01-04 04:00:00,Point de Rosée,Point de Rosée,°C,3.5
2026-01-04 03:00:00,Direction du vent,Direction du vent,Deg,230.0
2026-01-04 03:00:00,Vitesse du vent,Vitesse du vent,m/s,1.96
2026-01-04 03:00:00,Humidité relative,Humidité relative,%,48.5
2026-01-04 03:00:00,Température,Température,°C,14.0
2026-01-04 03:00:00,Évapotranspiration Horaire,Évapotranspiration Horaire,mm/h,3.41
2026-01-04 03:00:00,Pression atmosphérique,Pression atmosphérique,mm/j,1006.2
2026-01-04 03:00:00,Point de Rosée,Point de Rosée,°C,3.3
2026-01-04 03:00:00,Rayonnement solaire,Rayonnement solaire,W/m²,0.0
2026-01-04 02:00:00,Humidité relative,Humidité relative,%,46.8
2026-01-04 02:00:00,Évapotranspiration Horaire,Évapotranspiration Horaire,mm/h,3.41
2026-01-04 02:00:00,Pression atmosphérique,Pression atmosphérique,mm/j,1006.2
2026-01-04 02:00:00,Rayonnement solaire,Rayonnement solaire,W/m²,0.0
2026-01-04 02:00:00,Point de Rosée,Point de Rosée,°C,3.2
2026-01-04 02:00:00,Température,Température,°C,14.5
2026-01-04 02:00:00,Direction du vent,Direction du vent,Deg,232.0
2026-01-04 02:00:00,Vitesse du vent,Vitesse du vent,m/s,3.56
2026-01-04 01:00:00,Pression atmosphérique,Pression atmosphérique,mm/j,1006.6
2026-01-04 01:00:00,Humidité relative,Humidité relative,%,47.3
2026-01-04 01:00:00,Température,Température,°C,14.3
2026-01-04 01:00:00,Direction du vent,Direction du vent,Deg,197.0
2026-01-04 01:00:00,Vitesse du vent,Vitesse du vent,m/s,2.62
2026-01-04 01:00:00,Évapotranspiration Horaire,Évapotranspiration Horaire,mm/h,3.41
2026-01-04 01:00:00,Rayonnement solaire,Rayonnement solaire,W/m²,0.0
2026-01-04 01:00:00,Point de Rosée,Point de Rosée,°C,3.2
2026-01-04 00:00:00,Évapotranspiration Horaire,Évapotranspiration Horaire,mm/h,2.64
2026-01-04 00:00:00,Pression atmosphérique,Pression atmosphérique,mm/j,1007.0
2026-01-04 00:00:00,Humidité relative,Humidité relative,%,48.0
2026-01-04 00:00:00,Point de Rosée,Point de Rosée,°C,3.5
2026-01-04 00:00:00,Température,Température,°C,14.4
2026-01-04 00:00:00,Rayonnement solaire,Rayonnement solaire,W/m²,0.0
2026-01-04 00:00:00,Direction du vent,Direction du vent,Deg,205.6
2026-01-04 00:00:00,Vitesse du vent,Vitesse du vent,m/s,2.44
2026-01-03 23:00:00,Pression atmosphérique,Pression atmosphérique,mm/j,1007.1
2026-01-03 23:00:00,Vitesse du vent,Vitesse du vent,m/s,1.12
2026-01-03 23:00:00,Direction du vent,Direction du vent,Deg,160.3
2026-01-03 23:00:00,Température,Température,°C,14.9
2026-01-03 23:00:00,Humidité relative,Humidité relative,%,46.1
2026-01-03 23:00:00,Point de Rosée,Point de Rosée,°C,3.4
2026-01-03 23:00:00,Rayonnement solaire,Rayonnement solaire,W/m²,0.0
2026-01-03 23:00:00,Évapotranspiration Horaire,Évapotranspiration Horaire,mm/h,2.64
2026-01-03 22:00:00,Évapotranspiration Horaire,Évapotranspiration Horaire,mm/h,2.64
2026-01-03 22:00:00,Point de Rosée,Point de Rosée,°C,3.6
2026-01-03 22:00:00,Vitesse du vent,Vitesse du vent,m/s,1.53
2026-01-03 22:00:00,Rayonnement solaire,Rayonnement solaire,W/m²,0.0
2026-01-03 22:00:00,Pression atmosphérique,Pression atmosphérique,mm/j,1007.5
2026-01-03 22:00:00,Température,Température,°C,14.7
2026-01-03 22:00:00,Direction du vent,Direction du vent,Deg,150.0
2026-01-03 22:00:00,Humidité relative,Humidité relative,%,47.2
2026-01-03 21:00:00,Vitesse du vent,Vitesse du vent,m/s,1.95
2026-01-03 21:00:00,Direction du vent,Direction du vent,Deg,219.2
2026-01-03 21:00:00,Température,Température,°C,15.0
2026-01-03 21:00:00,Humidité relative,Humidité relative,%,46.3
2026-01-03 21:00:00,Évapotranspiration Horaire,Évapotranspiration Horaire,mm/h,2.64
2026-01-03 21:00:00,Pression atmosphérique,Pression atmosphérique,mm/j,1007.4
2026-01-03 21:00:00,Rayonnement solaire,Rayonnement solaire,W/m²,0.0
2026-01-03 21:00:00,Point de Rosée,Point de Rosée,°C,3.6
2026-01-03 20:00:00,Point de Rosée,Point de Rosée,°C,3.9
2026-01-03 20:00:00,Vitesse du vent,Vitesse du vent,m/s,3.25
2026-01-03 20:00:00,Évapotranspiration Horaire,Évapotranspiration Horaire,mm/h,2.64
2026-01-03 20:00:00,Direction du vent,Direction du vent,Deg,150.6
2026-01-03 20:00:00,Pression atmosphérique,Pression atmosphérique,mm/j,1007.6
2026-01-03 20:00:00,Température,Température,°C,16.3
2026-01-03 20:00:00,Rayonnement solaire,Rayonnement solaire,W/m²,0.0
2026-01-03 20:00:00,Humidité relative,Humidité relative,%,43.6
2026-01-03 19:00:00,Vitesse du vent,Vitesse du vent,m/s,1.32
2026-01-03 19:00:00,Rayonnement solaire,Rayonnement solaire,W/m²,0.0
2026-01-03 19:00:00,Pression atmosphérique,Pression atmosphérique,mm/j,1007.5
2026-01-03 19:00:00,Évapotranspiration Horaire,Évapotranspiration Horaire,mm/h,2.64
2026-01-03 19:00:00,Point de Rosée,Point de Rosée,°C,3.9
2026-01-03 19:00:00,Direction du vent,Direction du vent,Deg,211.7
2026-01-03 19:00:00,Température,Température,°C,17.4
2026-01-03 19:00:00,Humidité relative,Humidité relative,%,40.6
2026-01-03 18:00:00,Humidité relative,Humidité relative,%,37.2
2026-01-03 18:00:00,Point de Rosée,Point de Rosée,°C,3.7
2026-01-03 18:00:00,Rayonnement solaire,Rayonnement solaire,W/m²,0.0
2026-01-03 18:00:00,Vitesse du vent,Vitesse du vent,m/s,2.55
2026-01-03 18:00:00,Pression atmosphérique,Pression atmosphérique,mm/j,1007.4
2026-01-03 18:00:00,Évapotranspiration Horaire,Évapotranspiration Horaire,mm/h,2.64
2026-01-03 18:00:00,Température,Température,°C,18.6
2026-01-03 18:00:00,Direction du vent,Direction du vent,Deg,225.2
2026-01-03 17:00:00,Évapotranspiration Horaire,Évapotranspiration Horaire,mm/h,2.64
2026-01-03 17:00:00,Vitesse du vent,Vitesse du vent,m/s,0.66
2026-01-03 17:00:00,Direction du vent,Direction du vent,Deg,167.0
2026-01-03 17:00:00,Température,Température,°C,20.2
2026-01-03 17:00:00,Humidité relative,Humidité relative,%,34.4
2026-01-03 17:00:00,Point de Rosée,Point de Rosée,°C,4.0
2026-01-03 17:00:00,Rayonnement solaire,Rayonnement solaire,W/m²,13.0
2026-01-03 17:00:00,Pression atmosphérique,Pression atmosphérique,mm/j,1006.9
2026-01-03 16:00:00,Humidité relative,Humidité relative,%,31.4
2026-01-03 16:00:00,Évapotranspiration Horaire,Évapotranspiration Horaire,mm/h,2.64
2026-01-03 16:00:00,Température,Température,°C,22.4
2026-01-03 16:00:00,Direction du vent,Direction du vent,Deg,152.2
2026-01-03 16:00:00,Vitesse du vent,Vitesse du vent,m/s,0.74
2026-01-03 16:00:00,Rayonnement solaire,Rayonnement solaire,W/m²,141.0
2026-01-03 16:00:00,Pression atmosphérique,Pression atmosphérique,mm/j,1007.0
2026-01-03 16:00:00,Point de Rosée,Point de Rosée,°C,4.6
2026-01-03 15:00:00,Point de Rosée,Point de Rosée,°C,3.9
2026-01-03 15:00:00,Évapotranspiration Horaire,Évapotranspiration Horaire,mm/h,2.64
2026-01-03 15:00:00,Pression atmosphérique,Pression atmosphérique,mm/j,1007.2
2026-01-03 15:00:00,Rayonnement solaire,Rayonnement solaire,W/m²,322.0
2026-01-03 15:00:00,Vitesse du vent,Vitesse du vent,m/s,3.07
2026-01-03 15:00:00,Direction du vent,Direction du vent,Deg,219.5
2026-01-03 15:00:00,Température,Température,°C,22.9
2026-01-03 15:00:00,Humidité relative,Humidité relative,%,28.9
2026-01-03 14:00:00,Pression atmosphérique,Pression atmosphérique,mm/j,1007.5
2026-01-03 14:00:00,Rayonnement solaire,Rayonnement solaire,W/m²,458.0
2026-01-03 14:00:00,Point de Rosée,Point de Rosée,°C,4.2
2026-01-03 14:00:00,Humidité relative,Humidité relative,%,30.2
2026-01-03 14:00:00,Température,Température,°C,22.6
2026-01-03 14:00:00,Direction du vent,Direction du vent,Deg,161.8
2026-01-03 14:00:00,Vitesse du vent,Vitesse du vent,m/s,1.04
2026-01-03 14:00:00,Évapotranspiration Horaire,Évapotranspiration Horaire,mm/h,2.64
2026-01-03 13:00:00,Température,Température,°C,20.7
2026-01-03 13:00:00,Pression atmosphérique,Pression atmosphérique,mm/j,1008.3
2026-01-03 13:00:00,Évapotranspiration Horaire,Évapotranspiration Horaire,mm/h,2.64
2026-01-03 13:00:00,Direction du vent,Direction du vent,Deg,212.8
2026-01-03 13:00:00,Rayonnement solaire,Rayonnement solaire,W/m²,410.0
2026-01-03 13:00:00,Humidité relative,Humidité relative,%,35.8
2026-01-03 13:00:00,Vitesse du vent,Vitesse du vent,m/s,5.03
2026-01-03 13:00:00,Point de Rosée,Point de Rosée,°C,5.0
2026-01-03 12:00:00,Évapotranspiration Horaire,Évapotranspiration Horaire,mm/h,2.64
2026-01-03 12:00:00,Pression atmosphérique,Pression atmosphérique,mm/j,1009.5
2026-01-03 12:00:00,Humidité relative,Humidité relative,%,40.1
2026-01-03 12:00:00,Température,Température,°C,18.6
2026-01-03 12:00:00,Direction du vent,Direction du vent,Deg,219.4
2026-01-03 12:00:00,Point de Rosée,Point de Rosée,°C,4.8
2026-01-03 12:00:00,Rayonnement solaire,Rayonnement solaire,W/m²,435.0
2026-01-03 12:00:00,Vitesse du vent,Vitesse du vent,m/s,3.94
2026-01-03 11:00:00,Humidité relative,Humidité relative,%,46.0
2026-01-03 11:00:00,Vitesse du vent,Vitesse du vent,m/s,0.96
2026-01-03 11:00:00,Direction du vent,Direction du vent,Deg,228.4
2026-01-03 11:00:00,Température,Température,°C,15.9
2026-01-03 11:00:00,Point de Rosée,Point de Rosée,°C,4.3
2026-01-03 11:00:00,Rayonnement solaire,Rayonnement solaire,W/m²,327.0
2026-01-03 11:00:00,Pression atmosphérique,Pression atmosphérique,mm/j,1010.3
2026-01-03 11:00:00,Évapotranspiration Horaire,Évapotranspiration Horaire,mm/h,2.64
2026-01-03 10:00:00,Pression atmosphérique,Pression atmosphérique,mm/j,1010.6
2026-01-03 10:00:00,Humidité relative,Humidité relative,%,52.4
2026-01-03 10:00:00,Évapotranspiration Horaire,Évapotranspiration Horaire,mm/h,2.64
2026-01-03 10:00:00,Température,Température,°C,13.7
2026-01-03 10:00:00,Rayonnement solaire,Rayonnement solaire,W/m²,223.0
2026-01-03 10:00:00,Direction du vent,Direction du vent,Deg,272.7
2026-01-03 10:00:00,Point de Rosée,Point de Rosée,°C,4.1
2026-01-03 10:00:00,Vitesse du vent,Vitesse du vent,m/s,2.06
2026-01-03 09:00:00,Point de Rosée,Point de Rosée,°C,3.6
2026-01-03 09:00:00,Rayonnement solaire,Rayonnement solaire,W/m²,143.0
2026-01-03 09:00:00,Évapotranspiration Horaire,Évapotranspiration Horaire,mm/h,2.64
2026-01-03 09:00:00,Pression atmosphérique,Pression atmosphérique,mm/j,1010.3
2026-01-03 09:00:00,Vitesse du vent,Vitesse du vent,m/s,2.48
2026-01-03 09:00:00,Humidité relative,Humidité relative,%,53.8
2026-01-03 09:00:00,Température,Température,°C,12.7
2026-01-03 09:00:00,Direction du vent,Direction du vent,Deg,196.7
2026-01-03 08:00:00,Point de Rosée,Point de Rosée,°C,3.0
2026-01-03 08:00:00,Vitesse du vent,Vitesse du vent,m/s,2.16
2026-01-03 08:00:00,Température,Température,°C,12.5
2026-01-03 08:00:00,Direction du vent,Direction du vent,Deg,216.8
2026-01-03 08:00:00,Évapotranspiration Horaire,Évapotranspiration Horaire,mm/h,2.64
2026-01-03 08:00:00,Pression atmosphérique,Pression atmosphérique,mm/j,1010.0
2026-01-03 08:00:00,Rayonnement solaire,Rayonnement solaire,W/m²,41.0
2026-01-03 08:00:00,Humidité relative,Humidité relative,%,52.1
2026-01-03 07:00:00,Température,Température,°C,11.5
2026-01-03 07:00:00,Point de Rosée,Point de Rosée,°C,3.1
2026-01-03 07:00:00,Évapotranspiration Horaire,Évapotranspiration Horaire,mm/h,2.64
2026-01-03 07:00:00,Pression atmosphérique,Pression atmosphérique,mm/j,1009.6
2026-01-03 07:00:00,Rayonnement solaire,Rayonnement solaire,W/m²,0.0
2026-01-03 07:00:00,Vitesse du vent,Vitesse du vent,m/s,1.86
2026-01-03 07:00:00,Humidité relative,Humidité relative,%,56.4
2026-01-03 07:00:00,Direction du vent,Direction du vent,Deg,196.8
2026-01-03 06:00:00,Pression atmosphérique,Pression atmosphérique,mm/j,1009.6
2026-01-03 06:00:00,Rayonnement solaire,Rayonnement solaire,W/m²,0.0
2026-01-03 06:00:00,Point de Rosée,Point de Rosée,°C,3.0
2026-01-03 06:00:00,Évapotranspiration Horaire,Évapotranspiration Horaire,mm/h,2.64
2026-01-03 06:00:00,Humidité relative,Humidité relative,%,55.2
2026-01-03 06:00:00,Température,Température,°C,11.7
2026-01-03 06:00:00,Direction du vent,Direction du vent,Deg,200.6
2026-01-03 06:00:00,Vitesse du vent,Vitesse du vent,m/s,2.52
2026-01-03 05:00:00,Pression atmosphérique,Pression atmosphérique,mm/j,1009.5
2026-01-03 05:00:00,Humidité relative,Humidité relative,%,55.1
2026-01-03 05:00:00,Évapotranspiration Horaire,Évapotranspiration Horaire,mm/h,2.64
2026-01-03 05:00:00,Rayonnement solaire,Rayonnement solaire,W/m²,0.0
2026-01-03 05:00:00,Vitesse du vent,Vitesse du vent,m/s,4.3
2026-01-03 05:00:00,Direction du vent,Direction du vent,Deg,269.0
2026-01-03 05:00:00,Température,Température,°C,12.0
2026-01-03 05:00:00,Point de Rosée,Point de Rosée,°C,3.2
2026-01-03 04:00:00,Pression atmosphérique,Pression atmosphérique,mm/j,1009.9
2026-01-03 04:00:00,Évapotranspiration Horaire,Évapotranspiration Horaire,mm/h,2.64
2026-01-03 04:00:00,Rayonnement solaire,Rayonnement solaire,W/m²,0.0
2026-01-03 04:00:00,Point de Rosée,Point de Rosée,°C,3.4
2026-01-03 04:00:00,Humidité relative,Humidité relative,%,54.6
2026-01-03 04:00:00,Température,Température,°C,12.3
2026-01-03 04:00:00,Direction du vent,Direction du vent,Deg,250.4
2026-01-03 04:00:00,Vitesse du vent,Vitesse du vent,m/s,2.93
2026-01-03 03:00:00,Point de Rosée,Point de Rosée,°C,3.7
2026-01-03 03:00:00,Pression atmosphérique,Pression atmosphérique,mm/j,1010.4
2026-01-03 03:00:00,Température,Température,°C,12.7
2026-01-03 03:00:00,Évapotranspiration Horaire,Évapotranspiration Horaire,mm/h,2.64
2026-01-03 03:00:00,Humidité relative,Humidité relative,%,54.1
2026-01-03 03:00:00,Direction du vent,Direction du vent,Deg,206.6
2026-01-03 03:00:00,Rayonnement solaire,Rayonnement solaire,W/m²,0.0
2026-01-03 03:00:00,Vitesse du vent,Vitesse du vent,m/s,2.28
2026-01-03 02:00:00,Rayonnement solaire,Rayonnement solaire,W/m²,0.0
2026-01-03 02:00:00,Température,Température,°C,12.9
2026-01-03 02:00:00,Évapotranspiration Horaire,Évapotranspiration Horaire,mm/h,2.64
2026-01-03 02:00:00,Pression atmosphérique,Pression atmosphérique,mm/j,1010.6
2026-01-03 02:00:00,Direction du vent,Direction du vent,Deg,216.3
2026-01-03 02:00:00,Point de Rosée,Point de Rosée,°C,3.8
2026-01-03 02:00:00,Humidité relative,Humidité relative,%,54.0
2026-01-03 02:00:00,Vitesse du vent,Vitesse du vent,m/s,2.28
2026-01-03 01:00:00,Direction du vent,Direction du vent,Deg,234.4
2026-01-03 01:00:00,Vitesse du vent,Vitesse du vent,m/s,1.0
2026-01-03 01:00:00,Pression atmosphérique,Pression atmosphérique,mm/j,1010.6
2026-01-03 01:00:00,Évapotranspiration Horaire,Évapotranspiration Horaire,mm/h,2.64
2026-01-03 01:00:00,Température,Température,°C,13.3
2026-01-03 01:00:00,Rayonnement solaire,Rayonnement solaire,W/m²,0.0
2026-01-03 01:00:00,Humidité relative,Humidité relative,%,52.9
2026-01-03 01:00:00,Point de Rosée,Point de Rosée,°C,3.9
2026-01-03 00:00:00,Humidité relative,Humidité relative,%,52.6
2026-01-03 00:00:00,Vitesse du vent,Vitesse du vent,m/s,1.89
2026-01-03 00:00:00,Direction du vent,Direction du vent,Deg,192.4
2026-01-03 00:00:00,Température,Température,°C,13.3
2026-01-03 00:00:00,Point de Rosée,Point de Rosée,°C,3.8
2026-01-03 00:00:00,Rayonnement solaire,Rayonnement solaire,W/m²,0.0
2026-01-03 00:00:00,Pression atmosphérique,Pression atmosphérique,mm/j,1011.1
2026-01-03 00:00:00,Évapotranspiration Horaire,Évapotranspiration Horaire,mm/h,1.63
2026-01-02 23:00:00,Température,Température,°C,13.1
2026-01-02 23:00:00,Évapotranspiration Horaire,Évapotranspiration Horaire,mm/h,1.63
2026-01-02 23:00:00,Pression atmosphérique,Pression atmosphérique,mm/j,1011.3
2026-01-02 23:00:00,Direction du vent,Direction du vent,Deg,220.3
2026-01-02 23:00:00,Vitesse du vent,Vitesse du vent,m/s,1.46
2026-01-02 23:00:00,Point de Rosée,Point de Rosée,°C,3.9
2026-01-02 23:00:00,Rayonnement solaire,Rayonnement solaire,W/m²,0.0
2026-01-02 23:00:00,Humidité relative,Humidité relative,%,53.7
2026-01-02 22:00:00,Point de Rosée,Point de Rosée,°C,3.9
2026-01-02 22:00:00,Humidité relative,Humidité relative,%,51.8
2026-01-02 22:00:00,Évapotranspiration Horaire,Évapotranspiration Horaire,mm/h,1.63
2026-01-02 22:00:00,Température,Température,°C,13.6
2026-01-02 22:00:00,Vitesse du vent,Vitesse du vent,m/s,3.45
2026-01-02 22:00:00,Direction du vent,Direction du vent,Deg,236.8
2026-01-02 22:00:00,Rayonnement solaire,Rayonnement solaire,W/m²,0.0
2026-01-02 22:00:00,Pression atmosphérique,Pression atmosphérique,mm/j,1011.3
2026-01-02 21:00:00,Humidité relative,Humidité relative,%,50.1
2026-01-02 21:00:00,Évapotranspiration Horaire,Évapotranspiration Horaire,mm/h,1.63
2026-01-02 21:00:00,Pression atmosphérique,Pression atmosphérique,mm/j,1011.6
2026-01-02 21:00:00,Rayonnement solaire,Rayonnement solaire,W/m²,0.0
2026-01-02 21:00:00,Point de Rosée,Point de Rosée,°C,3.9
2026-01-02 21:00:00,Température,Température,°C,14.1
2026-01-02 21:00:00,Direction du vent,Direction du vent,Deg,192.0
2026-01-02 21:00:00,Vitesse du vent,Vitesse du vent,m/s,2.23
2026-01-02 20:00:00,Évapotranspiration Horaire,Évapotranspiration Horaire,mm/h,1.63
2026-01-02 20:00:00,Humidité relative,Humidité relative,%,47.8
2026-01-02 20:00:00,Rayonnement solaire,Rayonnement solaire,W/m²,0.0
2026-01-02 20:00:00,Température,Température,°C,14.9
2026-01-02 20:00:00,Pression atmosphérique,Pression atmosphérique,mm/j,1011.5
2026-01-02 20:00:00,Direction du vent,Direction du vent,Deg,231.4
2026-01-02 20:00:00,Point de Rosée,Point de Rosée,°C,4.0
2026-01-02 20:00:00,Vitesse du vent,Vitesse du vent,m/s,3.07
2026-01-02 19:00:00,Point de Rosée,Point de Rosée,°C,4.2
2026-01-02 19:00:00,Évapotranspiration Horaire,Évapotranspiration Horaire,mm/h,1.63
2026-01-02 19:00:00,Pression atmosphérique,Pression atmosphérique,mm/j,1011.6
2026-01-02 19:00:00,Rayonnement solaire,Rayonnement solaire,W/m²,0.0
2026-01-02 19:00:00,Vitesse du vent,Vitesse du vent,m/s,2.03
2026-01-02 19:00:00,Humidité relative,Humidité relative,%,47.1
2026-01-02 19:00:00,Température,Température,°C,15.4
2026-01-02 19:00:00,Direction du vent,Direction du vent,Deg,216.9
2026-01-02 18:00:00,Direction du vent,Direction du vent,Deg,239.5
2026-01-02 18:00:00,Évapotranspiration Horaire,Évapotranspiration Horaire,mm/h,1.63
2026-01-02 18:00:00,Vitesse du vent,Vitesse du vent,m/s,0.55
2026-01-02 18:00:00,Pression atmosphérique,Pression atmosphérique,mm/j,1011.5
2026-01-02 18:00:00,Température,Température,°C,16.4
2026-01-02 18:00:00,Rayonnement solaire,Rayonnement solaire,W/m²,0.0
2026-01-02 18:00:00,Humidité relative,Humidité relative,%,45.3
2026-01-02 18:00:00,Point de Rosée,Point de Rosée,°C,4.5
2026-01-02 17:00:00,Évapotranspiration Horaire,Évapotranspiration Horaire,mm/h,1.63
2026-01-02 17:00:00,Pression atmosphérique,Pression atmosphérique,mm/j,1011.3
2026-01-02 17:00:00,Rayonnement solaire,Rayonnement solaire,W/m²,9.0
2026-01-02 17:00:00,Point de Rosée,Point de Rosée,°C,4.8
2026-01-02 17:00:00,Humidité relative,Humidité relative,%,42.0
2026-01-02 17:00:00,Température,Température,°C,17.9
2026-01-02 17:00:00,Direction du vent,Direction du vent,Deg,126.0
2026-01-02 17:00:00,Vitesse du vent,Vitesse du vent,m/s,0.65
2026-01-02 16:00:00,Rayonnement solaire,Rayonnement solaire,W/m²,140.0
2026-01-02 16:00:00,Pression atmosphérique,Pression atmosphérique,mm/j,1011.3
2026-01-02 16:00:00,Humidité relative,Humidité relative,%,38.9
2026-01-02 16:00:00,Évapotranspiration Horaire,Évapotranspiration Horaire,mm/h,1.63
2026-01-02 16:00:00,Direction du vent,Direction du vent,Deg,176.7
2026-01-02 16:00:00,Vitesse du vent,Vitesse du vent,m/s,1.35
2026-01-02 16:00:00,Température,Température,°C,19.8
2026-01-02 16:00:00,Point de Rosée,Point de Rosée,°C,5.4
2026-01-02 15:00:00,Évapotranspiration Horaire,Évapotranspiration Horaire,mm/h,1.63
2026-01-02 15:00:00,Direction du vent,Direction du vent,Deg,220.9
2026-01-02 15:00:00,Vitesse du vent,Vitesse du vent,m/s,3.56
2026-01-02 15:00:00,Point de Rosée,Point de Rosée,°C,5.0
2026-01-02 15:00:00,Pression atmosphérique,Pression atmosphérique,mm/j,1011.5
2026-01-02 15:00:00,Humidité relative,Humidité relative,%,37.4
2026-01-02 15:00:00,Rayonnement solaire,Rayonnement solaire,W/m²,300.0
2026-01-02 15:00:00,Température,Température,°C,20.0
2026-01-02 14:00:00,Point de Rosée,Point de Rosée,°C,5.0
2026-01-02 14:00:00,Température,Température,°C,19.5
2026-01-02 14:00:00,Direction du vent,Direction du vent,Deg,212.1
2026-01-02 14:00:00,Vitesse du vent,Vitesse du vent,m/s,4.47
2026-01-02 14:00:00,Évapotranspiration Horaire,Évapotranspiration Horaire,mm/h,1.63
2026-01-02 14:00:00,Pression atmosphérique,Pression atmosphérique,mm/j,1012.2
2026-01-02 14:00:00,Rayonnement solaire,Rayonnement solaire,W/m²,415.0
2026-01-02 14:00:00,Humidité relative,Humidité relative,%,38.5
2026-01-02 13:00:00,Rayonnement solaire,Rayonnement solaire,W/m²,465.0
2026-01-02 13:00:00,Évapotranspiration Horaire,Évapotranspiration Horaire,mm/h,1.63
2026-01-02 13:00:00,Pression atmosphérique,Pression atmosphérique,mm/j,1013.3
2026-01-02 13:00:00,Point de Rosée,Point de Rosée,°C,5.0
2026-01-02 13:00:00,Humidité relative,Humidité relative,%,41.1
2026-01-02 13:00:00,Température,Température,°C,18.5
2026-01-02 13:00:00,Direction du vent,Direction du vent,Deg,220.5
2026-01-02 13:00:00,Vitesse du vent,Vitesse du vent,m/s,3.65
2026-01-02 12:00:00,Évapotranspiration Horaire,Évapotranspiration Horaire,mm/h,1.63
2026-01-02 12:00:00,Pression atmosphérique,Pression atmosphérique,mm/j,1014.4
2026-01-02 12:00:00,Rayonnement solaire,Rayonnement solaire,W/m²,473.0
2026-01-02 12:00:00,Point de Rosée,Point de Rosée,°C,4.8
2026-01-02 12:00:00,Humidité relative,Humidité relative,%,45.9
2026-01-02 12:00:00,Température,Température,°C,16.5
2026-01-02 12:00:00,Direction du vent,Direction du vent,Deg,215.9
2026-01-02 12:00:00,Vitesse du vent,Vitesse du vent,m/s,2.85
2026-01-02 11:00:00,Humidité relative,Humidité relative,%,52.9
2026-01-02 11:00:00,Évapotranspiration Horaire,Évapotranspiration Horaire,mm/h,1.63
2026-01-02 11:00:00,Direction du vent,Direction du vent,Deg,225.6
2026-01-02 11:00:00,Pression atmosphérique,Pression atmosphérique,mm/j,1015.6
2026-01-02 11:00:00,Température,Température,°C,14.7
2026-01-02 11:00:00,Rayonnement solaire,Rayonnement solaire,W/m²,429.0
2026-01-02 11:00:00,Vitesse du vent,Vitesse du vent,m/s,1.95
2026-01-02 11:00:00,Point de Rosée,Point de Rosée,°C,5.2
2026-01-02 10:00:00,Évapotranspiration Horaire,Évapotranspiration Horaire,mm/h,1.63
2026-01-02 10:00:00,Température,Température,°C,12.3
2026-01-02 10:00:00,Point de Rosée,Point de Rosée,°C,4.7
2026-01-02 10:00:00,Humidité relative,Humidité relative,%,59.9
2026-01-02 10:00:00,Rayonnement solaire,Rayonnement solaire,W/m²,330.0
2026-01-02 10:00:00,Vitesse du vent,Vitesse du vent,m/s,1.4
2026-01-02 10:00:00,Pression atmosphérique,Pression atmosphérique,mm/j,1015.9
2026-01-02 10:00:00,Direction du vent,Direction du vent,Deg,230.5
2026-01-02 09:00:00,Température,Température,°C,10.4
2026-01-02 09:00:00,Évapotranspiration Horaire,Évapotranspiration Horaire,mm/h,1.63
2026-01-02 09:00:00,Pression atmosphérique,Pression atmosphérique,mm/j,1015.8
2026-01-02 09:00:00,Rayonnement solaire,Rayonnement solaire,W/m²,198.0
2026-01-02 09:00:00,Point de Rosée,Point de Rosée,°C,4.3
2026-01-02 09:00:00,Humidité relative,Humidité relative,%,66.0
2026-01-02 09:00:00,Direction du vent,Direction du vent,Deg,189.6
2026-01-02 09:00:00,Vitesse du vent,Vitesse du vent,m/s,1.01
2026-01-02 08:00:00,Humidité relative,Humidité relative,%,70.7
2026-01-02 08:00:00,Rayonnement solaire,Rayonnement solaire,W/m²,22.0
2026-01-02 08:00:00,Température,Température,°C,8.8
2026-01-02 08:00:00,Pression atmosphérique,Pression atmosphérique,mm/j,1015.8
2026-01-02 08:00:00,Direction du vent,Direction du vent,Deg,237.8
2026-01-02 08:00:00,Point de Rosée,Point de Rosée,°C,3.8
2026-01-02 08:00:00,Vitesse du vent,Vitesse du vent,m/s,0.88
2026-01-02 08:00:00,Évapotranspiration Horaire,Évapotranspiration Horaire,mm/h,1.63
2026-01-02 07:00:00,Vitesse du vent,Vitesse du vent,m/s,1.95
2026-01-02 07:00:00,Pression atmosphérique,Pression atmosphérique,mm/j,1015.7
2026-01-02 07:00:00,Rayonnement solaire,Rayonnement solaire,W/m²,0.0
2026-01-02 07:00:00,Point de Rosée,Point de Rosée,°C,3.7
2026-01-02 07:00:00,Humidité relative,Humidité relative,%,70.3
2026-01-02 07:00:00,Température,Température,°C,8.8
2026-01-02 07:00:00,Direction du vent,Direction du vent,Deg,205.2
2026-01-02 07:00:00,Évapotranspiration Horaire,Évapotranspiration Horaire,mm/h,1.63
2026-01-02 06:00:00,Évapotranspiration Horaire,Évapotranspiration Horaire,mm/h,1.63
2026-01-02 06:00:00,Pression atmosphérique,Pression atmosphérique,mm/j,1015.9
2026-01-02 06:00:00,Rayonnement solaire,Rayonnement solaire,W/m²,0.0
2026-01-02 06:00:00,Point de Rosée,Point de Rosée,°C,4.0
2026-01-02 06:00:00,Humidité relative,Humidité relative,%,68.3
2026-01-02 06:00:00,Température,Température,°C,9.5
2026-01-02 06:00:00,Direction du vent,Direction du vent,Deg,185.8
2026-01-02 06:00:00,Vitesse du vent,Vitesse du vent,m/s,2.17
2026-01-02 05:00:00,Vitesse du vent,Vitesse du vent,m/s,1.66
2026-01-02 05:00:00,Évapotranspiration Horaire,Évapotranspiration Horaire,mm/h,1.63
2026-01-02 05:00:00,Humidité relative,Humidité relative,%,72.7
2026-01-02 05:00:00,Pression atmosphérique,Pression atmosphérique,mm/j,1016.1
2026-01-02 05:00:00,Direction du vent,Direction du vent,Deg,250.2
2026-01-02 05:00:00,Rayonnement solaire,Rayonnement solaire,W/m²,0.0
2026-01-02 05:00:00,Température,Température,°C,8.8
2026-01-02 05:00:00,Point de Rosée,Point de Rosée,°C,4.1
2026-01-02 04:00:00,Humidité relative,Humidité relative,%,72.8
2026-01-02 04:00:00,Évapotranspiration Horaire,Évapotranspiration Horaire,mm/h,1.63
2026-01-02 04:00:00,Pression atmosphérique,Pression atmosphérique,mm/j,1016.5
2026-01-02 04:00:00,Rayonnement solaire,Rayonnement solaire,W/m²,0.0
2026-01-02 04:00:00,Point de Rosée,Point de Rosée,°C,4.1
2026-01-02 04:00:00,Température,Température,°C,8.7
2026-01-02 04:00:00,Direction du vent,Direction du vent,Deg,138.1
2026-01-02 04:00:00,Vitesse du vent,Vitesse du vent,m/s,0.9
2026-01-02 03:00:00,Évapotranspiration Horaire,Évapotranspiration Horaire,mm/h,1.63
2026-01-02 03:00:00,Humidité relative,Humidité relative,%,72.6
2026-01-02 03:00:00,Température,Température,°C,8.9
2026-01-02 03:00:00,Direction du vent,Direction du vent,Deg,200.0
2026-01-02 03:00:00,Vitesse du vent,Vitesse du vent,m/s,2.1
2026-01-02 03:00:00,Pression atmosphérique,Pression atmosphérique,mm/j,1017.5
2026-01-02 03:00:00,Rayonnement solaire,Rayonnement solaire,W/m²,0.0
2026-01-02 03:00:00,Point de Rosée,Point de Rosée,°C,4.2
2026-01-02 02:00:00,Évapotranspiration Horaire,Évapotranspiration Horaire,mm/h,1.63
2026-01-02 02:00:00,Pression atmosphérique,Pression atmosphérique,mm/j,1017.5
2026-01-02 02:00:00,Rayonnement solaire,Rayonnement solaire,W/m²,0.0
2026-01-02 02:00:00,Point de Rosée,Point de Rosée,°C,4.6
2026-01-02 02:00:00,Humidité relative,Humidité relative,%,71.0
2026-01-02 02:00:00,Vitesse du vent,Vitesse du vent,m/s,1.22
2026-01-02 02:00:00,Température,Température,°C,9.6
2026-01-02 02:00:00,Direction du vent,Direction du vent,Deg,213.0
2026-01-02 01:00:00,Humidité relative,Humidité relative,%,72.9
2026-01-02 01:00:00,Évapotranspiration Horaire,Évapotranspiration Horaire,mm/h,1.63
2026-01-02 01:00:00,Vitesse du vent,Vitesse du vent,m/s,0.51
2026-01-02 01:00:00,Pression atmosphérique,Pression atmosphérique,mm/j,1017.7
2026-01-02 01:00:00,Température,Température,°C,9.9
2026-01-02 01:00:00,Rayonnement solaire,Rayonnement solaire,W/m²,0.0
2026-01-02 01:00:00,Direction du vent,Direction du vent,Deg,193.2
2026-01-02 01:00:00,Point de Rosée,Point de Rosée,°C,5.2
2026-01-02 00:00:00,Pression atmosphérique,Pression atmosphérique,mm/j,1018.1
2026-01-02 00:00:00,Vitesse du vent,Vitesse du vent,m/s,1.09
2026-01-02 00:00:00,Direction du vent,Direction du vent,Deg,231.8
2026-01-02 00:00:00,Température,Température,°C,10.6
2026-01-02 00:00:00,Humidité relative,Humidité relative,%,73.0
2026-01-02 00:00:00,Point de Rosée,Point de Rosée,°C,6.0
2026-01-02 00:00:00,Rayonnement solaire,Rayonnement solaire,W/m²,0.0
2026-01-02 00:00:00,Évapotranspiration Horaire,Évapotranspiration Horaire,mm/h,1.57
2026-01-01 23:00:00,Évapotranspiration Horaire,Évapotranspiration Horaire,mm/h,1.57
2026-01-01 23:00:00,Pression atmosphérique,Pression atmosphérique,mm/j,1018.8
2026-01-01 23:00:00,Humidité relative,Humidité relative,%,76.0
2026-01-01 23:00:00,Point de Rosée,Point de Rosée,°C,6.8
2026-01-01 23:00:00,Vitesse du vent,Vitesse du vent,m/s,0.77
2026-01-01 23:00:00,Température,Température,°C,10.9
2026-01-01 23:00:00,Rayonnement solaire,Rayonnement solaire,W/m²,0.0
2026-01-01 23:00:00,Direction du vent,Direction du vent,Deg,223.1
2026-01-01 22:00:00,Point de Rosée,Point de Rosée,°C,7.5
2026-01-01 22:00:00,Humidité relative,Humidité relative,%,77.6
2026-01-01 22:00:00,Évapotranspiration Horaire,Évapotranspiration Horaire,mm/h,1.57
2026-01-01 22:00:00,Température,Température,°C,11.3
2026-01-01 22:00:00,Rayonnement solaire,Rayonnement solaire,W/m²,0.0
2026-01-01 22:00:00,Direction du vent,Direction du vent,Deg,170.9
2026-01-01 22:00:00,Pression atmosphérique,Pression atmosphérique,mm/j,1018.8
2026-01-01 22:00:00,Vitesse du vent,Vitesse du vent,m/s,0.89
2026-01-01 21:00:00,Point de Rosée,Point de Rosée,°C,7.8
2026-01-01 21:00:00,Évapotranspiration Horaire,Évapotranspiration Horaire,mm/h,1.57
2026-01-01 21:00:00,Pression atmosphérique,Pression atmosphérique,mm/j,1018.7
2026-01-01 21:00:00,Rayonnement solaire,Rayonnement solaire,W/m²,0.0
2026-01-01 21:00:00,Humidité relative,Humidité relative,%,77.4
2026-01-01 21:00:00,Température,Température,°C,11.6
2026-01-01 21:00:00,Direction du vent,Direction du vent,Deg,130.5
2026-01-01 21:00:00,Vitesse du vent,Vitesse du vent,m/s,0.42
2026-01-01 20:00:00,Point de Rosée,Point de Rosée,°C,7.4
2026-01-01 20:00:00,Évapotranspiration Horaire,Évapotranspiration Horaire,mm/h,1.57
2026-01-01 20:00:00,Direction du vent,Direction du vent,Deg,178.2
2026-01-01 20:00:00,Pression atmosphérique,Pression atmosphérique,mm/j,1018.3
2026-01-01 20:00:00,Température,Température,°C,11.0
2026-01-01 20:00:00,Rayonnement solaire,Rayonnement solaire,W/m²,0.0
2026-01-01 20:00:00,Humidité relative,Humidité relative,%,78.6
2026-01-01 20:00:00,Vitesse du vent,Vitesse du vent,m/s,0.72
2026-01-01 19:00:00,Rayonnement solaire,Rayonnement solaire,W/m²,0.0
2026-01-01 19:00:00,Évapotranspiration Horaire,Évapotranspiration Horaire,mm/h,1.57
2026-01-01 19:00:00,Pression atmosphérique,Pression atmosphérique,mm/j,1018.2
2026-01-01 19:00:00,Point de Rosée,Point de Rosée,°C,7.7
2026-01-01 19:00:00,Humidité relative,Humidité relative,%,80.9
2026-01-01 19:00:00,Température,Température,°C,10.9
2026-01-01 19:00:00,Direction du vent,Direction du vent,Deg,218.5
2026-01-01 19:00:00,Vitesse du vent,Vitesse du vent,m/s,0.36
2026-01-01 18:00:00,Évapotranspiration Horaire,Évapotranspiration Horaire,mm/h,1.57
2026-01-01 18:00:00,Humidité relative,Humidité relative,%,77.7
2026-01-01 18:00:00,Rayonnement solaire,Rayonnement solaire,W/m²,0.0
2026-01-01 18:00:00,Température,Température,°C,11.8
2026-01-01 18:00:00,Pression atmosphérique,Pression atmosphérique,mm/j,1017.8
2026-01-01 18:00:00,Direction du vent,Direction du vent,Deg,171.0
2026-01-01 18:00:00,Point de Rosée,Point de Rosée,°C,8.0
2026-01-01 18:00:00,Vitesse du vent,Vitesse du vent,m/s,0.33
2026-01-01 17:00:00,Point de Rosée,Point de Rosée,°C,7.8
2026-01-01 17:00:00,Évapotranspiration Horaire,Évapotranspiration Horaire,mm/h,1.57
2026-01-01 17:00:00,Pression atmosphérique,Pression atmosphérique,mm/j,1017.5
2026-01-01 17:00:00,Rayonnement solaire,Rayonnement solaire,W/m²,8.0
2026-01-01 17:00:00,Vitesse du vent,Vitesse du vent,m/s,0.61
2026-01-01 17:00:00,Humidité relative,Humidité relative,%,62.5
2026-01-01 17:00:00,Température,Température,°C,14.9
2026-01-01 17:00:00,Direction du vent,Direction du vent,Deg,120.1
2026-01-01 16:00:00,Vitesse du vent,Vitesse du vent,m/s,0.34
2026-01-01 16:00:00,Évapotranspiration Horaire,Évapotranspiration Horaire,mm/h,1.57
2026-01-01 16:00:00,Pression atmosphérique,Pression atmosphérique,mm/j,1017.4
2026-01-01 16:00:00,Rayonnement solaire,Rayonnement solaire,W/m²,137.0
2026-01-01 16:00:00,Point de Rosée,Point de Rosée,°C,8.0
2026-01-01 16:00:00,Humidité relative,Humidité relative,%,57.3
2026-01-01 16:00:00,Température,Température,°C,16.5
2026-01-01 16:00:00,Direction du vent,Direction du vent,Deg,260.6
2026-01-01 15:00:00,Point de Rosée,Point de Rosée,°C,8.2
2026-01-01 15:00:00,Vitesse du vent,Vitesse du vent,m/s,1.54
2026-01-01 15:00:00,Évapotranspiration Horaire,Évapotranspiration Horaire,mm/h,1.57
2026-01-01 15:00:00,Humidité relative,Humidité relative,%,56.8
2026-01-01 15:00:00,Pression atmosphérique,Pression atmosphérique,mm/j,1017.4
2026-01-01 15:00:00,Direction du vent,Direction du vent,Deg,93.9
2026-01-01 15:00:00,Rayonnement solaire,Rayonnement solaire,W/m²,291.0
2026-01-01 15:00:00,Température,Température,°C,16.9
2026-01-01 14:00:00,Vitesse du vent,Vitesse du vent,m/s,2.82
2026-01-01 14:00:00,Évapotranspiration Horaire,Évapotranspiration Horaire,mm/h,1.57
2026-01-01 14:00:00,Direction du vent,Direction du vent,Deg,54.0
2026-01-01 14:00:00,Pression atmosphérique,Pression atmosphérique,mm/j,1017.4
2026-01-01 14:00:00,Température,Température,°C,17.1
2026-01-01 14:00:00,Rayonnement solaire,Rayonnement solaire,W/m²,407.0
2026-01-01 14:00:00,Humidité relative,Humidité relative,%,54.4
2026-01-01 14:00:00,Point de Rosée,Point de Rosée,°C,7.8
2026-01-01 13:00:00,Point de Rosée,Point de Rosée,°C,7.4
2026-01-01 13:00:00,Évapotranspiration Horaire,Évapotranspiration Horaire,mm/h,1.57
2026-01-01 13:00:00,Pression atmosphérique,Pression atmosphérique,mm/j,1017.6
2026-01-01 13:00:00,Rayonnement solaire,Rayonnement solaire,W/m²,457.0
2026-01-01 13:00:00,Humidité relative,Humidité relative,%,54.4
2026-01-01 13:00:00,Température,Température,°C,16.7
2026-01-01 13:00:00,Direction du vent,Direction du vent,Deg,54.2
2026-01-01 13:00:00,Vitesse du vent,Vitesse du vent,m/s,1.96
2026-01-01 12:00:00,Évapotranspiration Horaire,Évapotranspiration Horaire,mm/h,1.57
2026-01-01 12:00:00,Humidité relative,Humidité relative,%,55.9
2026-01-01 12:00:00,Rayonnement solaire,Rayonnement solaire,W/m²,461.0
2026-01-01 12:00:00,Température,Température,°C,16.6
2026-01-01 12:00:00,Pression atmosphérique,Pression atmosphérique,mm/j,1018.0
2026-01-01 12:00:00,Direction du vent,Direction du vent,Deg,3.0
2026-01-01 12:00:00,Point de Rosée,Point de Rosée,°C,7.8
2026-01-01 12:00:00,Vitesse du vent,Vitesse du vent,m/s,1.27
2026-01-01 11:00:00,Point de Rosée,Point de Rosée,°C,7.4
2026-01-01 11:00:00,Évapotranspiration Horaire,Évapotranspiration Horaire,mm/h,1.57
2026-01-01 11:00:00,Pression atmosphérique,Pression atmosphérique,mm/j,1018.7
2026-01-01 11:00:00,Rayonnement solaire,Rayonnement solaire,W/m²,414.0
2026-01-01 11:00:00,Vitesse du vent,Vitesse du vent,m/s,0.34
2026-01-01 11:00:00,Humidité relative,Humidité relative,%,58.7
2026-01-01 11:00:00,Température,Température,°C,15.5
2026-01-01 11:00:00,Direction du vent,Direction du vent,Deg,170.9
2026-01-01 10:00:00,Vitesse du vent,Vitesse du vent,m/s,0.9
2026-01-01 10:00:00,Évapotranspiration Horaire,Évapotranspiration Horaire,mm/h,1.57
2026-01-01 10:00:00,Pression atmosphérique,Pression atmosphérique,mm/j,1018.5
2026-01-01 10:00:00,Rayonnement solaire,Rayonnement solaire,W/m²,321.0
2026-01-01 10:00:00,Point de Rosée,Point de Rosée,°C,7.6
2026-01-01 10:00:00,Humidité relative,Humidité relative,%,64.6
2026-01-01 10:00:00,Température,Température,°C,14.2
2026-01-01 10:00:00,Direction du vent,Direction du vent,Deg,261.3
2026-01-01 09:00:00,Point de Rosée,Point de Rosée,°C,7.4
2026-01-01 09:00:00,Vitesse du vent,Vitesse du vent,m/s,1.51
2026-01-01 09:00:00,Évapotranspiration Horaire,Évapotranspiration Horaire,mm/h,1.57
2026-01-01 09:00:00,Humidité relative,Humidité relative,%,72.0
2026-01-01 09:00:00,Pression atmosphérique,Pression atmosphérique,mm/j,1017.8
2026-01-01 09:00:00,Direction du vent,Direction du vent,Deg,256.1
2026-01-01 09:00:00,Rayonnement solaire,Rayonnement solaire,W/m²,216.0
2026-01-01 09:00:00,Température,Température,°C,12.3
2026-01-01 08:00:00,Direction du vent,Direction du vent,Deg,292.3
2026-01-01 08:00:00,Évapotranspiration Horaire,Évapotranspiration Horaire,mm/h,1.57
2026-01-01 08:00:00,Pression atmosphérique,Pression atmosphérique,mm/j,1017.4
2026-01-01 08:00:00,Rayonnement solaire,Rayonnement solaire,W/m²,28.0
2026-01-01 08:00:00,Point de Rosée,Point de Rosée,°C,7.0
2026-01-01 08:00:00,Humidité relative,Humidité relative,%,75.0
2026-01-01 08:00:00,Température,Température,°C,11.2
2026-01-01 08:00:00,Vitesse du vent,Vitesse du vent,m/s,1.13
2026-01-01 07:00:00,Point de Rosée,Point de Rosée,°C,6.8
2026-01-01 07:00:00,Température,Température,°C,9.1
2026-01-01 07:00:00,Évapotranspiration Horaire,Évapotranspiration Horaire,mm/h,1.57
2026-01-01 07:00:00,Direction du vent,Direction du vent,Deg,259.0
2026-01-01 07:00:00,Vitesse du vent,Vitesse du vent,m/s,1.3
2026-01-01 07:00:00,Rayonnement solaire,Rayonnement solaire,W/m²,0.0
2026-01-01 07:00:00,Humidité relative,Humidité relative,%,85.5
2026-01-01 07:00:00,Pression atmosphérique,Pression atmosphérique,mm/j,1016.8
2026-01-01 06:00:00,Point de Rosée,Point de Rosée,°C,6.7
2026-01-01 06:00:00,Humidité relative,Humidité relative,%,86.9
2026-01-01 06:00:00,Évapotranspiration Horaire,Évapotranspiration Horaire,mm/h,1.57
2026-01-01 06:00:00,Température,Température,°C,8.8
2026-01-01 06:00:00,Rayonnement solaire,Rayonnement solaire,W/m²,0.0
2026-01-01 06:00:00,Direction du vent,Direction du vent,Deg,241.5
2026-01-01 06:00:00,Pression atmosphérique,Pression atmosphérique,mm/j,1016.3
2026-01-01 06:00:00,Vitesse du vent,Vitesse du vent,m/s,0.4
2026-01-01 05:00:00,Point de Rosée,Point de Rosée,°C,6.9
2026-01-01 05:00:00,Évapotranspiration Horaire,Évapotranspiration Horaire,mm/h,1.57
2026-01-01 05:00:00,Pression atmosphérique,Pression atmosphérique,mm/j,1016.0
2026-01-01 05:00:00,Rayonnement solaire,Rayonnement solaire,W/m²,0.0
2026-01-01 05:00:00,Humidité relative,Humidité relative,%,81.1
2026-01-01 05:00:00,Température,Température,°C,10.0
2026-01-01 05:00:00,Direction du vent,Direction du vent,Deg,259.4
2026-01-01 05:00:00,Vitesse du vent,Vitesse du vent,m/s,0.81
2026-01-01 04:00:00,Température,Température,°C,10.2
2026-01-01 04:00:00,Évapotranspiration Horaire,Évapotranspiration Horaire,mm/h,1.57
2026-01-01 04:00:00,Point de Rosée,Point de Rosée,°C,7.1
2026-01-01 04:00:00,Direction du vent,Direction du vent,Deg,272.0
2026-01-01 04:00:00,Humidité relative,Humidité relative,%,81.3
2026-01-01 04:00:00,Pression atmosphérique,Pression atmosphérique,mm/j,1016.2
2026-01-01 04:00:00,Rayonnement solaire,Rayonnement solaire,W/m²,0.0
2026-01-01 04:00:00,Vitesse du vent,Vitesse du vent,m/s,1.36
2026-01-01 03:00:00,Vitesse du vent,Vitesse du vent,m/s,0.25
2026-01-01 03:00:00,Évapotranspiration Horaire,Évapotranspiration Horaire,mm/h,1.57
2026-01-01 03:00:00,Pression atmosphérique,Pression atmosphérique,mm/j,1016.3
2026-01-01 03:00:00,Rayonnement solaire,Rayonnement solaire,W/m²,0.0
2026-01-01 03:00:00,Point de Rosée,Point de Rosée,°C,7.1
2026-01-01 03:00:00,Humidité relative,Humidité relative,%,80.6
2026-01-01 03:00:00,Température,Température,°C,10.3
2026-01-01 03:00:00,Direction du vent,Direction du vent,Deg,144.5
2026-01-01 02:00:00,Pression atmosphérique,Pression atmosphérique,mm/j,1016.0
2026-01-01 02:00:00,Humidité relative,Humidité relative,%,74.0
2026-01-01 02:00:00,Rayonnement solaire,Rayonnement solaire,W/m²,0.0
2026-01-01 02:00:00,Température,Température,°C,12.0
2026-01-01 02:00:00,Évapotranspiration Horaire,Évapotranspiration Horaire,mm/h,1.57
2026-01-01 02:00:00,Direction du vent,Direction du vent,Deg,279.5
2026-01-01 02:00:00,Point de Rosée,Point de Rosée,°C,7.5
2026-01-01 02:00:00,Vitesse du vent,Vitesse du vent,m/s,1.84
2026-01-01 01:00:00,Point de Rosée,Point de Rosée,°C,7.5
2026-01-01 01:00:00,Pression atmosphérique,Pression atmosphérique,mm/j,1015.7
2026-01-01 01:00:00,Évapotranspiration Horaire,Évapotranspiration Horaire,mm/h,1.57
2026-01-01 01:00:00,Rayonnement solaire,Rayonnement solaire,W/m²,0.0
2026-01-01 01:00:00,Vitesse du vent,Vitesse du vent,m/s,0.59
2026-01-01 01:00:00,Humidité relative,Humidité relative,%,72.8
2026-01-01 01:00:00,Température,Température,°C,12.3
2026-01-01 01:00:00,Direction du vent,Direction du vent,Deg,304.3
2026-01-01 00:00:00,Rayonnement solaire,Rayonnement solaire,W/m²,0.0
2026-01-01 00:00:00,Température,Température,°C,12.4
2026-01-01 00:00:00,Humidité relative,Humidité relative,%,72.1
2026-01-01 00:00:00,Point de Rosée,Point de Rosée,°C,7.5
2026-01-01 00:00:00,Pression atmosphérique,Pression atmosphérique,mm/j,1015.9
2026-01-01 00:00:00,Évapotranspiration Horaire,Évapotranspiration Horaire,mm/h,1.87
2026-01-01 00:00:00,Vitesse du vent,Vitesse du vent,m/s,0.68
2026-01-01 00:00:00,Direction du vent,Direction du vent,Deg,251.6
2025-12-31 23:00:00,Vitesse du vent,Vitesse du vent,m/s,0.59
2025-12-31 23:00:00,Évapotranspiration Horaire,Évapotranspiration Horaire,mm/h,1.87
2025-12-31 23:00:00,Pression atmosphérique,Pression atmosphérique,mm/j,1016.1
2025-12-31 23:00:00,Rayonnement solaire,Rayonnement solaire,W/m²,0.0
2025-12-31 23:00:00,Point de Rosée,Point de Rosée,°C,7.4
2025-12-31 23:00:00,Humidité relative,Humidité relative,%,69.9
2025-12-31 23:00:00,Température,Température,°C,12.8
2025-12-31 23:00:00,Direction du vent,Direction du vent,Deg,304.5
2025-12-31 22:00:00,Humidité relative,Humidité relative,%,69.4
2025-12-31 22:00:00,Évapotranspiration Horaire,Évapotranspiration Horaire,mm/h,1.87
2025-12-31 22:00:00,Température,Température,°C,12.9
2025-12-31 22:00:00,Pression atmosphérique,Pression atmosphérique,mm/j,1015.7
2025-12-31 22:00:00,Direction du vent,Direction du vent,Deg,279.5
2025-12-31 22:00:00,Vitesse du vent,Vitesse du vent,m/s,0.61
2025-12-31 22:00:00,Rayonnement solaire,Rayonnement solaire,W/m²,0.0
2025-12-31 22:00:00,Point de Rosée,Point de Rosée,°C,7.4
2025-12-31 21:00:00,Température,Température,°C,12.6
2025-12-31 21:00:00,Évapotranspiration Horaire,Évapotranspiration Horaire,mm/h,1.87
2025-12-31 21:00:00,Pression atmosphérique,Pression atmosphérique,mm/j,1015.4
2025-12-31 21:00:00,Rayonnement solaire,Rayonnement solaire,W/m²,0.0
2025-12-31 21:00:00,Point de Rosée,Point de Rosée,°C,7.5
2025-12-31 21:00:00,Humidité relative,Humidité relative,%,71.0
2025-12-31 21:00:00,Direction du vent,Direction du vent,Deg,276.4
2025-12-31 21:00:00,Vitesse du vent,Vitesse du vent,m/s,0.65
2025-12-31 20:00:00,Évapotranspiration Horaire,Évapotranspiration Horaire,mm/h,1.87
2025-12-31 20:00:00,Humidité relative,Humidité relative,%,75.5
2025-12-31 20:00:00,Rayonnement solaire,Rayonnement solaire,W/m²,0.0
2025-12-31 20:00:00,Température,Température,°C,12.8
2025-12-31 20:00:00,Pression atmosphérique,Pression atmosphérique,mm/j,1015.0
2025-12-31 20:00:00,Direction du vent,Direction du vent,Deg,310.5
2025-12-31 20:00:00,Point de Rosée,Point de Rosée,°C,8.6
2025-12-31 20:00:00,Vitesse du vent,Vitesse du vent,m/s,0.63
2025-12-31 19:00:00,Point de Rosée,Point de Rosée,°C,10.4
2025-12-31 19:00:00,Évapotranspiration Horaire,Évapotranspiration Horaire,mm/h,1.87
2025-12-31 19:00:00,Pression atmosphérique,Pression atmosphérique,mm/j,1014.8
2025-12-31 19:00:00,Rayonnement solaire,Rayonnement solaire,W/m²,1.0
2025-12-31 19:00:00,Vitesse du vent,Vitesse du vent,m/s,0.9
2025-12-31 19:00:00,Humidité relative,Humidité relative,%,87.5
2025-12-31 19:00:00,Température,Température,°C,12.4
2025-12-31 19:00:00,Direction du vent,Direction du vent,Deg,261.1
2025-12-31 18:00:00,Vitesse du vent,Vitesse du vent,m/s,0.61
2025-12-31 18:00:00,Évapotranspiration Horaire,Évapotranspiration Horaire,mm/h,1.87
2025-12-31 18:00:00,Pression atmosphérique,Pression atmosphérique,mm/j,1014.3
2025-12-31 18:00:00,Rayonnement solaire,Rayonnement solaire,W/m²,2.0
2025-12-31 18:00:00,Point de Rosée,Point de Rosée,°C,10.3
2025-12-31 18:00:00,Humidité relative,Humidité relative,%,84.9
2025-12-31 18:00:00,Température,Température,°C,12.8
2025-12-31 18:00:00,Direction du vent,Direction du vent,Deg,63.9
2025-12-31 17:00:00,Point de Rosée,Point de Rosée,°C,11.0
2025-12-31 17:00:00,Vitesse du vent,Vitesse du vent,m/s,0.27
2025-12-31 17:00:00,Évapotranspiration Horaire,Évapotranspiration Horaire,mm/h,1.87
2025-12-31 17:00:00,Humidité relative,Humidité relative,%,85.2
2025-12-31 17:00:00,Pression atmosphérique,Pression atmosphérique,mm/j,1013.7
2025-12-31 17:00:00,Direction du vent,Direction du vent,Deg,189.4
2025-12-31 17:00:00,Rayonnement solaire,Rayonnement solaire,W/m²,8.0
2025-12-31 17:00:00,Température,Température,°C,13.5
2025-12-31 16:00:00,Direction du vent,Direction du vent,Deg,149.5
2025-12-31 16:00:00,Évapotranspiration Horaire,Évapotranspiration Horaire,mm/h,1.87
2025-12-31 16:00:00,Température,Température,°C,16.3
2025-12-31 16:00:00,Pression atmosphérique,Pression atmosphérique,mm/j,1013.2
2025-12-31 16:00:00,Vitesse du vent,Vitesse du vent,m/s,0.56
2025-12-31 16:00:00,Rayonnement solaire,Rayonnement solaire,W/m²,8.0
2025-12-31 16:00:00,Humidité relative,Humidité relative,%,57.0
2025-12-31 16:00:00,Point de Rosée,Point de Rosée,°C,7.8
2025-12-31 15:00:00,Pression atmosphérique,Pression atmosphérique,mm/j,1013.1
2025-12-31 15:00:00,Évapotranspiration Horaire,Évapotranspiration Horaire,mm/h,1.87
2025-12-31 15:00:00,Rayonnement solaire,Rayonnement solaire,W/m²,126.0
2025-12-31 15:00:00,Point de Rosée,Point de Rosée,°C,7.1
2025-12-31 15:00:00,Humidité relative,Humidité relative,%,53.7
2025-12-31 15:00:00,Température,Température,°C,16.5
2025-12-31 15:00:00,Direction du vent,Direction du vent,Deg,261.0
2025-12-31 15:00:00,Vitesse du vent,Vitesse du vent,m/s,1.25
2025-12-31 14:00:00,Évapotranspiration Horaire,Évapotranspiration Horaire,mm/h,1.87
2025-12-31 14:00:00,Humidité relative,Humidité relative,%,51.3
2025-12-31 14:00:00,Rayonnement solaire,Rayonnement solaire,W/m²,449.0
2025-12-31 14:00:00,Température,Température,°C,17.7
2025-12-31 14:00:00,Pression atmosphérique,Pression atmosphérique,mm/j,1013.0
2025-12-31 14:00:00,Direction du vent,Direction du vent,Deg,308.1
2025-12-31 14:00:00,Point de Rosée,Point de Rosée,°C,7.5
2025-12-31 14:00:00,Vitesse du vent,Vitesse du vent,m/s,1.29
2025-12-31 13:00:00,Point de Rosée,Point de Rosée,°C,7.0
2025-12-31 13:00:00,Évapotranspiration Horaire,Évapotranspiration Horaire,mm/h,1.87
2025-12-31 13:00:00,Pression atmosphérique,Pression atmosphérique,mm/j,1013.5
2025-12-31 13:00:00,Rayonnement solaire,Rayonnement solaire,W/m²,169.0
2025-12-31 13:00:00,Vitesse du vent,Vitesse du vent,m/s,1.68
2025-12-31 13:00:00,Humidité relative,Humidité relative,%,50.1
2025-12-31 13:00:00,Température,Température,°C,17.5
2025-12-31 13:00:00,Direction du vent,Direction du vent,Deg,355.5
2025-12-31 12:00:00,Vitesse du vent,Vitesse du vent,m/s,1.06
2025-12-31 12:00:00,Évapotranspiration Horaire,Évapotranspiration Horaire,mm/h,1.87
2025-12-31 12:00:00,Pression atmosphérique,Pression atmosphérique,mm/j,1014.1
2025-12-31 12:00:00,Rayonnement solaire,Rayonnement solaire,W/m²,464.0
2025-12-31 12:00:00,Point de Rosée,Point de Rosée,°C,8.0
2025-12-31 12:00:00,Humidité relative,Humidité relative,%,58.1
2025-12-31 12:00:00,Température,Température,°C,16.3
2025-12-31 12:00:00,Direction du vent,Direction du vent,Deg,259.9
2025-12-31 11:00:00,Point de Rosée,Point de Rosée,°C,7.7
2025-12-31 11:00:00,Vitesse du vent,Vitesse du vent,m/s,2.22
2025-12-31 11:00:00,Évapotranspiration Horaire,Évapotranspiration Horaire,mm/h,1.87
2025-12-31 11:00:00,Humidité relative,Humidité relative,%,60.4
2025-12-31 11:00:00,Pression atmosphérique,Pression atmosphérique,mm/j,1014.9
2025-12-31 11:00:00,Direction du vent,Direction du vent,Deg,283.2
2025-12-31 11:00:00,Rayonnement solaire,Rayonnement solaire,W/m²,412.0
2025-12-31 11:00:00,Température,Température,°C,15.3
2025-12-31 10:00:00,Direction du vent,Direction du vent,Deg,308.5
2025-12-31 10:00:00,Évapotranspiration Horaire,Évapotranspiration Horaire,mm/h,1.87
2025-12-31 10:00:00,Pression atmosphérique,Pression atmosphérique,mm/j,1015.2
2025-12-31 10:00:00,Rayonnement solaire,Rayonnement solaire,W/m²,343.0
2025-12-31 10:00:00,Point de Rosée,Point de Rosée,°C,6.9
2025-12-31 10:00:00,Humidité relative,Humidité relative,%,61.8
2025-12-31 10:00:00,Température,Température,°C,14.1
2025-12-31 10:00:00,Vitesse du vent,Vitesse du vent,m/s,1.81
2025-12-31 09:00:00,Point de Rosée,Point de Rosée,°C,6.2
2025-12-31 09:00:00,Température,Température,°C,12.5
2025-12-31 09:00:00,Évapotranspiration Horaire,Évapotranspiration Horaire,mm/h,1.87
2025-12-31 09:00:00,Direction du vent,Direction du vent,Deg,250.5
2025-12-31 09:00:00,Vitesse du vent,Vitesse du vent,m/s,0.73
2025-12-31 09:00:00,Rayonnement solaire,Rayonnement solaire,W/m²,102.0
2025-12-31 09:00:00,Humidité relative,Humidité relative,%,65.7
2025-12-31 09:00:00,Pression atmosphérique,Pression atmosphérique,mm/j,1014.9
2025-12-31 08:00:00,Point de Rosée,Point de Rosée,°C,5.4
2025-12-31 08:00:00,Humidité relative,Humidité relative,%,71.8
2025-12-31 08:00:00,Évapotranspiration Horaire,Évapotranspiration Horaire,mm/h,1.87
2025-12-31 08:00:00,Température,Température,°C,10.3
2025-12-31 08:00:00,Rayonnement solaire,Rayonnement solaire,W/m²,24.0
2025-12-31 08:00:00,Direction du vent,Direction du vent,Deg,254.0
2025-12-31 08:00:00,Pression atmosphérique,Pression atmosphérique,mm/j,1014.4
2025-12-31 08:00:00,Vitesse du vent,Vitesse du vent,m/s,1.64
2025-12-31 07:00:00,Point de Rosée,Point de Rosée,°C,5.4
2025-12-31 07:00:00,Évapotranspiration Horaire,Évapotranspiration Horaire,mm/h,1.87
2025-12-31 07:00:00,Pression atmosphérique,Pression atmosphérique,mm/j,1014.3
2025-12-31 07:00:00,Rayonnement solaire,Rayonnement solaire,W/m²,0.0
2025-12-31 07:00:00,Humidité relative,Humidité relative,%,73.3
2025-12-31 07:00:00,Température,Température,°C,10.0
2025-12-31 07:00:00,Direction du vent,Direction du vent,Deg,267.0
2025-12-31 07:00:00,Vitesse du vent,Vitesse du vent,m/s,0.65
2025-12-31 06:00:00,Température,Température,°C,10.6
2025-12-31 06:00:00,Évapotranspiration Horaire,Évapotranspiration Horaire,mm/h,1.87
2025-12-31 06:00:00,Point de Rosée,Point de Rosée,°C,5.5
2025-12-31 06:00:00,Direction du vent,Direction du vent,Deg,283.8
2025-12-31 06:00:00,Humidité relative,Humidité relative,%,70.6
2025-12-31 06:00:00,Pression atmosphérique,Pression atmosphérique,mm/j,1013.9
2025-12-31 06:00:00,Rayonnement solaire,Rayonnement solaire,W/m²,0.0
2025-12-31 06:00:00,Vitesse du vent,Vitesse du vent,m/s,0.88
2025-12-31 05:00:00,Vitesse du vent,Vitesse du vent,m/s,1.92
2025-12-31 05:00:00,Évapotranspiration Horaire,Évapotranspiration Horaire,mm/h,1.87
2025-12-31 05:00:00,Pression atmosphérique,Pression atmosphérique,mm/j,1013.8
2025-12-31 05:00:00,Rayonnement solaire,Rayonnement solaire,W/m²,0.0
2025-12-31 05:00:00,Point de Rosée,Point de Rosée,°C,5.3
2025-12-31 05:00:00,Humidité relative,Humidité relative,%,72.1
2025-12-31 05:00:00,Température,Température,°C,10.1
2025-12-31 05:00:00,Direction du vent,Direction du vent,Deg,267.6
2025-12-31 04:00:00,Pression atmosphérique,Pression atmosphérique,mm/j,1014.0
2025-12-31 04:00:00,Humidité relative,Humidité relative,%,77.9
2025-12-31 04:00:00,Vitesse du vent,Vitesse du vent,m/s,0.53
2025-12-31 04:00:00,Température,Température,°C,9.1
2025-12-31 04:00:00,Direction du vent,Direction du vent,Deg,256.3
2025-12-31 04:00:00,Évapotranspiration Horaire,Évapotranspiration Horaire,mm/h,1.87
2025-12-31 04:00:00,Rayonnement solaire,Rayonnement solaire,W/m²,1.0
2025-12-31 04:00:00,Point de Rosée,Point de Rosée,°C,5.4
2025-12-31 03:00:00,Température,Température,°C,10.7
2025-12-31 03:00:00,Rayonnement solaire,Rayonnement solaire,W/m²,0.0
2025-12-31 03:00:00,Point de Rosée,Point de Rosée,°C,5.7
2025-12-31 03:00:00,Humidité relative,Humidité relative,%,71.0
2025-12-31 03:00:00,Direction du vent,Direction du vent,Deg,272.3
2025-12-31 03:00:00,Vitesse du vent,Vitesse du vent,m/s,1.11
2025-12-31 03:00:00,Pression atmosphérique,Pression atmosphérique,mm/j,1014.5
2025-12-31 03:00:00,Évapotranspiration Horaire,Évapotranspiration Horaire,mm/h,1.87
2025-12-31 02:00:00,Rayonnement solaire,Rayonnement solaire,W/m²,0.0
2025-12-31 02:00:00,Évapotranspiration Horaire,Évapotranspiration Horaire,mm/h,1.87
2025-12-31 02:00:00,Humidité relative,Humidité relative,%,71.9
2025-12-31 02:00:00,Pression atmosphérique,Pression atmosphérique,mm/j,1014.5
2025-12-31 02:00:00,Direction du vent,Direction du vent,Deg,283.2
2025-12-31 02:00:00,Vitesse du vent,Vitesse du vent,m/s,1.02
2025-12-31 02:00:00,Point de Rosée,Point de Rosée,°C,5.7
2025-12-31 02:00:00,Température,Température,°C,10.6
2025-12-31 01:00:00,Pression atmosphérique,Pression atmosphérique,mm/j,1014.5
2025-12-31 01:00:00,Évapotranspiration Horaire,Évapotranspiration Horaire,mm/h,1.87
2025-12-31 01:00:00,Rayonnement solaire,Rayonnement solaire,W/m²,0.0
2025-12-31 01:00:00,Point de Rosée,Point de Rosée,°C,5.9
2025-12-31 01:00:00,Humidité relative,Humidité relative,%,71.9
2025-12-31 01:00:00,Température,Température,°C,10.7
2025-12-31 01:00:00,Direction du vent,Direction du vent,Deg,270.9
2025-12-31 01:00:00,Vitesse du vent,Vitesse du vent,m/s,1.16
2025-12-31 00:00:00,Point de Rosée,Point de Rosée,°C,5.9
2025-12-31 00:00:00,Évapotranspiration Horaire,Évapotranspiration Horaire,mm/h,1.28
2025-12-31 00:00:00,Température,Température,°C,11.3
2025-12-31 00:00:00,Pression atmosphérique,Pression atmosphérique,mm/j,1014.6
2025-12-31 00:00:00,Vitesse du vent,Vitesse du vent,m/s,1.3
2025-12-31 00:00:00,Rayonnement solaire,Rayonnement solaire,W/m²,0.0
2025-12-31 00:00:00,Humidité relative,Humidité relative,%,69.2
2025-12-31 00:00:00,Direction du vent,Direction du vent,Deg,276.4
2025-12-30 23:00:00,Température,Température,°C,10.6
2025-12-30 23:00:00,Évapotranspiration Horaire,Évapotranspiration Horaire,mm/h,1.28
2025-12-30 23:00:00,Pression atmosphérique,Pression atmosphérique,mm/j,1014.8
2025-12-30 23:00:00,Rayonnement solaire,Rayonnement solaire,W/m²,0.0
2025-12-30 23:00:00,Point de Rosée,Point de Rosée,°C,6.0
2025-12-30 23:00:00,Humidité relative,Humidité relative,%,73.1
2025-12-30 23:00:00,Direction du vent,Direction du vent,Deg,271.8
2025-12-30 23:00:00,Vitesse du vent,Vitesse du vent,m/s,2.1
2025-12-30 22:00:00,Évapotranspiration Horaire,Évapotranspiration Horaire,mm/h,1.28
2025-12-30 22:00:00,Humidité relative,Humidité relative,%,71.3
2025-12-30 22:00:00,Rayonnement solaire,Rayonnement solaire,W/m²,0.0
2025-12-30 22:00:00,Température,Température,°C,11.0
2025-12-30 22:00:00,Pression atmosphérique,Pression atmosphérique,mm/j,1014.9
2025-12-30 22:00:00,Direction du vent,Direction du vent,Deg,274.5
2025-12-30 22:00:00,Point de Rosée,Point de Rosée,°C,6.0
2025-12-30 22:00:00,Vitesse du vent,Vitesse du vent,m/s,2.03
2025-12-30 21:00:00,Point de Rosée,Point de Rosée,°C,6.1
2025-12-30 21:00:00,Évapotranspiration Horaire,Évapotranspiration Horaire,mm/h,1.28
2025-12-30 21:00:00,Pression atmosphérique,Pression atmosphérique,mm/j,1014.9
2025-12-30 21:00:00,Rayonnement solaire,Rayonnement solaire,W/m²,0.0
2025-12-30 21:00:00,Vitesse du vent,Vitesse du vent,m/s,0.72
2025-12-30 21:00:00,Humidité relative,Humidité relative,%,70.7
2025-12-30 21:00:00,Température,Température,°C,11.3
2025-12-30 21:00:00,Direction du vent,Direction du vent,Deg,246.4
2025-12-30 20:00:00,Vitesse du vent,Vitesse du vent,m/s,1.13
2025-12-30 20:00:00,Évapotranspiration Horaire,Évapotranspiration Horaire,mm/h,1.28
2025-12-30 20:00:00,Pression atmosphérique,Pression atmosphérique,mm/j,1014.6
2025-12-30 20:00:00,Rayonnement solaire,Rayonnement solaire,W/m²,0.0
2025-12-30 20:00:00,Point de Rosée,Point de Rosée,°C,6.3
2025-12-30 20:00:00,Humidité relative,Humidité relative,%,68.6
2025-12-30 20:00:00,Température,Température,°C,11.9
2025-12-30 20:00:00,Direction du vent,Direction du vent,Deg,284.6
2025-12-30 19:00:00,Point de Rosée,Point de Rosée,°C,6.9
2025-12-30 19:00:00,Vitesse du vent,Vitesse du vent,m/s,1.2
2025-12-30 19:00:00,Évapotranspiration Horaire,Évapotranspiration Horaire,mm/h,1.28
2025-12-30 19:00:00,Humidité relative,Humidité relative,%,68.3
2025-12-30 19:00:00,Pression atmosphérique,Pression atmosphérique,mm/j,1014.2
2025-12-30 19:00:00,Direction du vent,Direction du vent,Deg,236.8
2025-12-30 19:00:00,Rayonnement solaire,Rayonnement solaire,W/m²,0.0
2025-12-30 19:00:00,Température,Température,°C,12.6
2025-12-30 18:00:00,Direction du vent,Direction du vent,Deg,295.8
2025-12-30 18:00:00,Évapotranspiration Horaire,Évapotranspiration Horaire,mm/h,1.28
2025-12-30 18:00:00,Vitesse du vent,Vitesse du vent,m/s,0.63
2025-12-30 18:00:00,Pression atmosphérique,Pression atmosphérique,mm/j,1013.6
2025-12-30 18:00:00,Température,Température,°C,13.9
2025-12-30 18:00:00,Rayonnement solaire,Rayonnement solaire,W/m²,0.0
2025-12-30 18:00:00,Humidité relative,Humidité relative,%,66.7
2025-12-30 18:00:00,Point de Rosée,Point de Rosée,°C,7.8
2025-12-30 17:00:00,Point de Rosée,Point de Rosée,°C,6.6
2025-12-30 17:00:00,Évapotranspiration Horaire,Évapotranspiration Horaire,mm/h,1.28
2025-12-30 17:00:00,Pression atmosphérique,Pression atmosphérique,mm/j,1013.2
2025-12-30 17:00:00,Rayonnement solaire,Rayonnement solaire,W/m²,15.0
2025-12-30 17:00:00,Humidité relative,Humidité relative,%,54.8
2025-12-30 17:00:00,Température,Température,°C,15.7
2025-12-30 17:00:00,Direction du vent,Direction du vent,Deg,269.9
2025-12-30 17:00:00,Vitesse du vent,Vitesse du vent,m/s,0.43
2025-12-30 16:00:00,Pression atmosphérique,Pression atmosphérique,mm/j,1013.0
2025-12-30 16:00:00,Humidité relative,Humidité relative,%,54.4
2025-12-30 16:00:00,Rayonnement solaire,Rayonnement solaire,W/m²,139.0
2025-12-30 16:00:00,Température,Température,°C,16.9
2025-12-30 16:00:00,Vitesse du vent,Vitesse du vent,m/s,1.06
2025-12-30 16:00:00,Direction du vent,Direction du vent,Deg,51.5
2025-12-30 16:00:00,Évapotranspiration Horaire,Évapotranspiration Horaire,mm/h,1.28
2025-12-30 16:00:00,Point de Rosée,Point de Rosée,°C,7.6
2025-12-30 15:00:00,Vitesse du vent,Vitesse du vent,m/s,1.93
2025-12-30 15:00:00,Pression atmosphérique,Pression atmosphérique,mm/j,1012.8
2025-12-30 15:00:00,Rayonnement solaire,Rayonnement solaire,W/m²,95.0
2025-12-30 15:00:00,Point de Rosée,Point de Rosée,°C,7.3
2025-12-30 15:00:00,Humidité relative,Humidité relative,%,52.2
2025-12-30 15:00:00,Température,Température,°C,17.2
2025-12-30 15:00:00,Direction du vent,Direction du vent,Deg,316.8
2025-12-30 15:00:00,Évapotranspiration Horaire,Évapotranspiration Horaire,mm/h,1.28
2025-12-30 13:00:00,Vitesse du vent,Vitesse du vent,m/s,1.08
2025-12-30 13:00:00,Évapotranspiration Horaire,Évapotranspiration Horaire,mm/h,1.28
2025-12-30 13:00:00,Pression atmosphérique,Pression atmosphérique,mm/j,1013.3
2025-12-30 13:00:00,Rayonnement solaire,Rayonnement solaire,W/m²,455.0
2025-12-30 13:00:00,Point de Rosée,Point de Rosée,°C,7.7
2025-12-30 13:00:00,Humidité relative,Humidité relative,%,52.7
2025-12-30 13:00:00,Température,Température,°C,17.5
2025-12-30 13:00:00,Direction du vent,Direction du vent,Deg,341.1
2025-12-30 12:00:00,Direction du vent,Direction du vent,Deg,260.8
2025-12-30 12:00:00,Évapotranspiration Horaire,Évapotranspiration Horaire,mm/h,1.28
2025-12-30 12:00:00,Humidité relative,Humidité relative,%,57.7
2025-12-30 12:00:00,Pression atmosphérique,Pression atmosphérique,mm/j,1014.0
2025-12-30 12:00:00,Point de Rosée,Point de Rosée,°C,7.6
2025-12-30 12:00:00,Rayonnement solaire,Rayonnement solaire,W/m²,466.0
2025-12-30 12:00:00,Vitesse du vent,Vitesse du vent,m/s,3.56
2025-12-30 12:00:00,Température,Température,°C,15.9
2025-12-30 11:00:00,Rayonnement solaire,Rayonnement solaire,W/m²,417.0
2025-12-30 11:00:00,Évapotranspiration Horaire,Évapotranspiration Horaire,mm/h,1.28
2025-12-30 11:00:00,Pression atmosphérique,Pression atmosphérique,mm/j,1014.7
2025-12-30 11:00:00,Point de Rosée,Point de Rosée,°C,6.9
2025-12-30 11:00:00,Humidité relative,Humidité relative,%,59.0
2025-12-30 11:00:00,Température,Température,°C,14.8
2025-12-30 11:00:00,Direction du vent,Direction du vent,Deg,266.2
2025-12-30 11:00:00,Vitesse du vent,Vitesse du vent,m/s,2.94
2025-12-30 10:00:00,Évapotranspiration Horaire,Évapotranspiration Horaire,mm/h,1.28
2025-12-30 10:00:00,Humidité relative,Humidité relative,%,61.2
2025-12-30 10:00:00,Rayonnement solaire,Rayonnement solaire,W/m²,322.0
2025-12-30 10:00:00,Température,Température,°C,13.8
2025-12-30 10:00:00,Pression atmosphérique,Pression atmosphérique,mm/j,1014.9
2025-12-30 10:00:00,Direction du vent,Direction du vent,Deg,253.0
2025-12-30 10:00:00,Point de Rosée,Point de Rosée,°C,6.4
2025-12-30 10:00:00,Vitesse du vent,Vitesse du vent,m/s,1.44
2025-12-30 09:00:00,Point de Rosée,Point de Rosée,°C,6.3
2025-12-30 09:00:00,Évapotranspiration Horaire,Évapotranspiration Horaire,mm/h,1.28
2025-12-30 09:00:00,Pression atmosphérique,Pression atmosphérique,mm/j,1014.5
2025-12-30 09:00:00,Rayonnement solaire,Rayonnement solaire,W/m²,189.0
2025-12-30 09:00:00,Vitesse du vent,Vitesse du vent,m/s,2.82
2025-12-30 09:00:00,Humidité relative,Humidité relative,%,67.2
2025-12-30 09:00:00,Température,Température,°C,12.2
2025-12-30 09:00:00,Direction du vent,Direction du vent,Deg,267.2
2025-12-30 08:00:00,Vitesse du vent,Vitesse du vent,m/s,2.01
2025-12-30 08:00:00,Évapotranspiration Horaire,Évapotranspiration Horaire,mm/h,1.28
2025-12-30 08:00:00,Pression atmosphérique,Pression atmosphérique,mm/j,1014.1
2025-12-30 08:00:00,Rayonnement solaire,Rayonnement solaire,W/m²,25.0
2025-12-30 08:00:00,Point de Rosée,Point de Rosée,°C,5.7
2025-12-30 08:00:00,Humidité relative,Humidité relative,%,73.2
2025-12-30 08:00:00,Température,Température,°C,10.3
2025-12-30 08:00:00,Direction du vent,Direction du vent,Deg,261.1
2025-12-30 07:00:00,Point de Rosée,Point de Rosée,°C,5.9
2025-12-30 07:00:00,Vitesse du vent,Vitesse du vent,m/s,1.42
2025-12-30 07:00:00,Évapotranspiration Horaire,Évapotranspiration Horaire,mm/h,1.28
2025-12-30 07:00:00,Humidité relative,Humidité relative,%,76.2
2025-12-30 07:00:00,Pression atmosphérique,Pression atmosphérique,mm/j,1013.9
2025-12-30 07:00:00,Direction du vent,Direction du vent,Deg,266.4
2025-12-30 07:00:00,Rayonnement solaire,Rayonnement solaire,W/m²,0.0
2025-12-30 07:00:00,Température,Température,°C,9.9
2025-12-30 06:00:00,Point de Rosée,Point de Rosée,°C,5.9
2025-12-30 06:00:00,Évapotranspiration Horaire,Évapotranspiration Horaire,mm/h,1.28
2025-12-30 06:00:00,Température,Température,°C,9.5
2025-12-30 06:00:00,Pression atmosphérique,Pression atmosphérique,mm/j,1013.8
2025-12-30 06:00:00,Vitesse du vent,Vitesse du vent,m/s,2.1
2025-12-30 06:00:00,Rayonnement solaire,Rayonnement solaire,W/m²,0.0
2025-12-30 06:00:00,Humidité relative,Humidité relative,%,78.2
2025-12-30 06:00:00,Direction du vent,Direction du vent,Deg,287.1
2025-12-30 05:00:00,Pression atmosphérique,Pression atmosphérique,mm/j,1013.8
2025-12-30 05:00:00,Évapotranspiration Horaire,Évapotranspiration Horaire,mm/h,1.28
2025-12-30 05:00:00,Rayonnement solaire,Rayonnement solaire,W/m²,0.0
2025-12-30 05:00:00,Point de Rosée,Point de Rosée,°C,5.3
2025-12-30 05:00:00,Humidité relative,Humidité relative,%,75.6
2025-12-30 05:00:00,Température,Température,°C,9.4
2025-12-30 05:00:00,Direction du vent,Direction du vent,Deg,275.3
2025-12-30 05:00:00,Vitesse du vent,Vitesse du vent,m/s,0.95
2025-12-30 04:00:00,Rayonnement solaire,Rayonnement solaire,W/m²,0.0
2025-12-30 04:00:00,Humidité relative,Humidité relative,%,72.7
2025-12-30 04:00:00,Évapotranspiration Horaire,Évapotranspiration Horaire,mm/h,1.28
2025-12-30 04:00:00,Température,Température,°C,9.6
2025-12-30 04:00:00,Point de Rosée,Point de Rosée,°C,5.0
2025-12-30 04:00:00,Direction du vent,Direction du vent,Deg,290.1
2025-12-30 04:00:00,Pression atmosphérique,Pression atmosphérique,mm/j,1013.9
2025-12-30 04:00:00,Vitesse du vent,Vitesse du vent,m/s,1.15
2025-12-30 03:00:00,Point de Rosée,Point de Rosée,°C,5.2
2025-12-30 03:00:00,Évapotranspiration Horaire,Évapotranspiration Horaire,mm/h,1.28
2025-12-30 03:00:00,Rayonnement solaire,Rayonnement solaire,W/m²,2.0
2025-12-30 03:00:00,Pression atmosphérique,Pression atmosphérique,mm/j,1014.3
2025-12-30 03:00:00,Vitesse du vent,Vitesse du vent,m/s,1.49
2025-12-30 03:00:00,Humidité relative,Humidité relative,%,81.1
2025-12-30 03:00:00,Température,Température,°C,8.3
2025-12-30 03:00:00,Direction du vent,Direction du vent,Deg,279.5
2025-12-30 02:00:00,Vitesse du vent,Vitesse du vent,m/s,0.86
2025-12-30 02:00:00,Évapotranspiration Horaire,Évapotranspiration Horaire,mm/h,1.28
2025-12-30 02:00:00,Pression atmosphérique,Pression atmosphérique,mm/j,1014.4
2025-12-30 02:00:00,Rayonnement solaire,Rayonnement solaire,W/m²,0.0
2025-12-30 02:00:00,Point de Rosée,Point de Rosée,°C,5.3
2025-12-30 02:00:00,Humidité relative,Humidité relative,%,76.6
2025-12-30 02:00:00,Température,Température,°C,9.2
2025-12-30 02:00:00,Direction du vent,Direction du vent,Deg,258.1
2025-12-30 01:00:00,Point de Rosée,Point de Rosée,°C,6.0
2025-12-30 01:00:00,Vitesse du vent,Vitesse du vent,m/s,1.53
2025-12-30 01:00:00,Évapotranspiration Horaire,Évapotranspiration Horaire,mm/h,1.28
2025-12-30 01:00:00,Humidité relative,Humidité relative,%,78.0
2025-12-30 01:00:00,Pression atmosphérique,Pression atmosphérique,mm/j,1014.6
2025-12-30 01:00:00,Direction du vent,Direction du vent,Deg,266.0
2025-12-30 01:00:00,Rayonnement solaire,Rayonnement solaire,W/m²,0.0
2025-12-30 01:00:00,Température,Température,°C,9.6
2025-12-30 00:00:00,Direction du vent,Direction du vent,Deg,289.7
2025-12-30 00:00:00,Évapotranspiration Horaire,Évapotranspiration Horaire,mm/h,1.32
2025-12-30 00:00:00,Pression atmosphérique,Pression atmosphérique,mm/j,1014.8
2025-12-30 00:00:00,Rayonnement solaire,Rayonnement solaire,W/m²,0.0
2025-12-30 00:00:00,Point de Rosée,Point de Rosée,°C,6.1
2025-12-30 00:00:00,Humidité relative,Humidité relative,%,76.0
2025-12-30 00:00:00,Température,Température,°C,10.2
2025-12-30 00:00:00,Vitesse du vent,Vitesse du vent,m/s,0.79
2025-12-29 23:00:00,Point de Rosée,Point de Rosée,°C,6.7
2025-12-29 23:00:00,Température,Température,°C,9.4
2025-12-29 23:00:00,Évapotranspiration Horaire,Évapotranspiration Horaire,mm/h,1.32
2025-12-29 23:00:00,Direction du vent,Direction du vent,Deg,257.1
2025-12-29 23:00:00,Vitesse du vent,Vitesse du vent,m/s,0.64
2025-12-29 23:00:00,Rayonnement solaire,Rayonnement solaire,W/m²,0.0
2025-12-29 23:00:00,Humidité relative,Humidité relative,%,83.1
2025-12-29 23:00:00,Pression atmosphérique,Pression atmosphérique,mm/j,1014.9
2025-12-29 22:00:00,Point de Rosée,Point de Rosée,°C,7.1
2025-12-29 22:00:00,Humidité relative,Humidité relative,%,83.9
2025-12-29 22:00:00,Évapotranspiration Horaire,Évapotranspiration Horaire,mm/h,1.32
2025-12-29 22:00:00,Température,Température,°C,9.7
2025-12-29 22:00:00,Rayonnement solaire,Rayonnement solaire,W/m²,0.0
2025-12-29 22:00:00,Direction du vent,Direction du vent,Deg,273.8
2025-12-29 22:00:00,Pression atmosphérique,Pression atmosphérique,mm/j,1015.0
2025-12-29 22:00:00,Vitesse du vent,Vitesse du vent,m/s,0.69
2025-12-29 21:00:00,Point de Rosée,Point de Rosée,°C,7.4
2025-12-29 21:00:00,Évapotranspiration Horaire,Évapotranspiration Horaire,mm/h,1.32
2025-12-29 21:00:00,Pression atmosphérique,Pression atmosphérique,mm/j,1015.1
2025-12-29 21:00:00,Rayonnement solaire,Rayonnement solaire,W/m²,0.0
2025-12-29 21:00:00,Humidité relative,Humidité relative,%,90.9
2025-12-29 21:00:00,Température,Température,°C,8.8
2025-12-29 21:00:00,Direction du vent,Direction du vent,Deg,212.7
2025-12-29 21:00:00,Vitesse du vent,Vitesse du vent,m/s,0.26
2025-12-29 20:00:00,Température,Température,°C,9.6
2025-12-29 20:00:00,Évapotranspiration Horaire,Évapotranspiration Horaire,mm/h,1.32
2025-12-29 20:00:00,Vitesse du vent,Vitesse du vent,m/s,0.37
2025-12-29 20:00:00,Direction du vent,Direction du vent,Deg,184.3
2025-12-29 20:00:00,Humidité relative,Humidité relative,%,87.4
2025-12-29 20:00:00,Pression atmosphérique,Pression atmosphérique,mm/j,1015.1
2025-12-29 20:00:00,Rayonnement solaire,Rayonnement solaire,W/m²,0.0
2025-12-29 20:00:00,Point de Rosée,Point de Rosée,°C,7.6
2025-12-29 19:00:00,Vitesse du vent,Vitesse du vent,m/s,0.53
2025-12-29 19:00:00,Évapotranspiration Horaire,Évapotranspiration Horaire,mm/h,1.32
2025-12-29 19:00:00,Pression atmosphérique,Pression atmosphérique,mm/j,1015.2
2025-12-29 19:00:00,Rayonnement solaire,Rayonnement solaire,W/m²,0.0
2025-12-29 19:00:00,Point de Rosée,Point de Rosée,°C,8.3
2025-12-29 19:00:00,Humidité relative,Humidité relative,%,86.9
2025-12-29 19:00:00,Température,Température,°C,10.4
2025-12-29 19:00:00,Direction du vent,Direction du vent,Deg,256.3
2025-12-29 18:00:00,Évapotranspiration Horaire,Évapotranspiration Horaire,mm/h,1.32
2025-12-29 18:00:00,Humidité relative,Humidité relative,%,79.1
2025-12-29 18:00:00,Rayonnement solaire,Rayonnement solaire,W/m²,0.0
2025-12-29 18:00:00,Température,Température,°C,11.9
2025-12-29 18:00:00,Pression atmosphérique,Pression atmosphérique,mm/j,1015.0
2025-12-29 18:00:00,Direction du vent,Direction du vent,Deg,310.5
2025-12-29 18:00:00,Point de Rosée,Point de Rosée,°C,8.4
2025-12-29 18:00:00,Vitesse du vent,Vitesse du vent,m/s,0.21
2025-12-29 17:00:00,Point de Rosée,Point de Rosée,°C,7.7
2025-12-29 17:00:00,Pression atmosphérique,Pression atmosphérique,mm/j,1015.1
2025-12-29 17:00:00,Évapotranspiration Horaire,Évapotranspiration Horaire,mm/h,1.32
2025-12-29 17:00:00,Rayonnement solaire,Rayonnement solaire,W/m²,26.0
2025-12-29 17:00:00,Vitesse du vent,Vitesse du vent,m/s,0.25
2025-12-29 17:00:00,Humidité relative,Humidité relative,%,60.5
2025-12-29 17:00:00,Température,Température,°C,15.3
2025-12-29 17:00:00,Direction du vent,Direction du vent,Deg,181.1
2025-12-29 16:00:00,Vitesse du vent,Vitesse du vent,m/s,0.4
2025-12-29 16:00:00,Évapotranspiration Horaire,Évapotranspiration Horaire,mm/h,1.32
2025-12-29 16:00:00,Pression atmosphérique,Pression atmosphérique,mm/j,1015.2
2025-12-29 16:00:00,Rayonnement solaire,Rayonnement solaire,W/m²,139.0
2025-12-29 16:00:00,Point de Rosée,Point de Rosée,°C,8.6
2025-12-29 16:00:00,Humidité relative,Humidité relative,%,61.4
2025-12-29 16:00:00,Température,Température,°C,16.0
2025-12-29 16:00:00,Direction du vent,Direction du vent,Deg,234.2
2025-12-29 15:00:00,Point de Rosée,Point de Rosée,°C,7.8
2025-12-29 15:00:00,Vitesse du vent,Vitesse du vent,m/s,1.17
2025-12-29 15:00:00,Évapotranspiration Horaire,Évapotranspiration Horaire,mm/h,1.32
2025-12-29 15:00:00,Humidité relative,Humidité relative,%,57.8
2025-12-29 15:00:00,Pression atmosphérique,Pression atmosphérique,mm/j,1015.3
2025-12-29 15:00:00,Direction du vent,Direction du vent,Deg,178.6
2025-12-29 15:00:00,Rayonnement solaire,Rayonnement solaire,W/m²,191.0
2025-12-29 15:00:00,Température,Température,°C,16.1
2025-12-29 14:00:00,Point de Rosée,Point de Rosée,°C,8.2
2025-12-29 14:00:00,Humidité relative,Humidité relative,%,57.9
2025-12-29 14:00:00,Température,Température,°C,16.5
2025-12-29 14:00:00,Direction du vent,Direction du vent,Deg,174.2
2025-12-29 14:00:00,Évapotranspiration Horaire,Évapotranspiration Horaire,mm/h,1.32
2025-12-29 14:00:00,Pression atmosphérique,Pression atmosphérique,mm/j,1015.6
2025-12-29 14:00:00,Rayonnement solaire,Rayonnement solaire,W/m²,210.0
2025-12-29 14:00:00,Vitesse du vent,Vitesse du vent,m/s,1.54
2025-12-29 13:00:00,Point de Rosée,Point de Rosée,°C,8.4
2025-12-29 13:00:00,Évapotranspiration Horaire,Évapotranspiration Horaire,mm/h,1.32
2025-12-29 13:00:00,Pression atmosphérique,Pression atmosphérique,mm/j,1016.0
2025-12-29 13:00:00,Rayonnement solaire,Rayonnement solaire,W/m²,191.0
2025-12-29 13:00:00,Humidité relative,Humidité relative,%,57.5
2025-12-29 13:00:00,Température,Température,°C,16.9
2025-12-29 13:00:00,Direction du vent,Direction du vent,Deg,197.7
2025-12-29 13:00:00,Vitesse du vent,Vitesse du vent,m/s,1.69
2025-12-29 12:00:00,Évapotranspiration Horaire,Évapotranspiration Horaire,mm/h,1.32
2025-12-29 12:00:00,Humidité relative,Humidité relative,%,62.3
2025-12-29 12:00:00,Rayonnement solaire,Rayonnement solaire,W/m²,415.0
2025-12-29 12:00:00,Température,Température,°C,15.8
2025-12-29 12:00:00,Pression atmosphérique,Pression atmosphérique,mm/j,1017.0
2025-12-29 12:00:00,Direction du vent,Direction du vent,Deg,246.2
2025-12-29 12:00:00,Point de Rosée,Point de Rosée,°C,8.6
2025-12-29 12:00:00,Vitesse du vent,Vitesse du vent,m/s,1.25
2025-12-29 11:00:00,Point de Rosée,Point de Rosée,°C,8.5
2025-12-29 11:00:00,Évapotranspiration Horaire,Évapotranspiration Horaire,mm/h,1.32
2025-12-29 11:00:00,Pression atmosphérique,Pression atmosphérique,mm/j,1017.9
2025-12-29 11:00:00,Rayonnement solaire,Rayonnement solaire,W/m²,370.0
2025-12-29 11:00:00,Vitesse du vent,Vitesse du vent,m/s,1.07
2025-12-29 11:00:00,Humidité relative,Humidité relative,%,68.2
2025-12-29 11:00:00,Température,Température,°C,14.3
2025-12-29 11:00:00,Direction du vent,Direction du vent,Deg,242.7
2025-12-29 10:00:00,Vitesse du vent,Vitesse du vent,m/s,2.31
2025-12-29 10:00:00,Évapotranspiration Horaire,Évapotranspiration Horaire,mm/h,1.32
2025-12-29 10:00:00,Pression atmosphérique,Pression atmosphérique,mm/j,1018.2
2025-12-29 10:00:00,Rayonnement solaire,Rayonnement solaire,W/m²,303.0
2025-12-29 10:00:00,Point de Rosée,Point de Rosée,°C,8.7
2025-12-29 10:00:00,Humidité relative,Humidité relative,%,74.9
2025-12-29 10:00:00,Température,Température,°C,13.1
2025-12-29 10:00:00,Direction du vent,Direction du vent,Deg,200.2
2025-12-29 09:00:00,Point de Rosée,Point de Rosée,°C,7.9
2025-12-29 09:00:00,Vitesse du vent,Vitesse du vent,m/s,0.36
2025-12-29 09:00:00,Évapotranspiration Horaire,Évapotranspiration Horaire,mm/h,1.32
2025-12-29 09:00:00,Humidité relative,Humidité relative,%,87.2
2025-12-29 09:00:00,Pression atmosphérique,Pression atmosphérique,mm/j,1017.9
2025-12-29 09:00:00,Direction du vent,Direction du vent,Deg,308.5
2025-12-29 09:00:00,Rayonnement solaire,Rayonnement solaire,W/m²,103.0
2025-12-29 09:00:00,Température,Température,°C,9.9
2025-12-29 08:00:00,Point de Rosée,Point de Rosée,°C,8.0
2025-12-29 08:00:00,Vitesse du vent,Vitesse du vent,m/s,0.62
2025-12-29 08:00:00,Direction du vent,Direction du vent,Deg,130.5
2025-12-29 08:00:00,Température,Température,°C,8.6
2025-12-29 08:00:00,Humidité relative,Humidité relative,%,96.5
2025-12-29 08:00:00,Rayonnement solaire,Rayonnement solaire,W/m²,31.0
2025-12-29 08:00:00,Pression atmosphérique,Pression atmosphérique,mm/j,1017.5
2025-12-29 08:00:00,Évapotranspiration Horaire,Évapotranspiration Horaire,mm/h,1.32
2025-12-29 07:00:00,Humidité relative,Humidité relative,%,94.4
2025-12-29 07:00:00,Pression atmosphérique,Pression atmosphérique,mm/j,1017.3
2025-12-29 07:00:00,Point de Rosée,Point de Rosée,°C,7.3
2025-12-29 07:00:00,Évapotranspiration Horaire,Évapotranspiration Horaire,mm/h,1.32
2025-12-29 07:00:00,Vitesse du vent,Vitesse du vent,m/s,0.6
2025-12-29 07:00:00,Température,Température,°C,8.2
2025-12-29 07:00:00,Rayonnement solaire,Rayonnement solaire,W/m²,0.0
2025-12-29 07:00:00,Direction du vent,Direction du vent,Deg,224.9
2025-12-29 06:00:00,Point de Rosée,Point de Rosée,°C,7.7
2025-12-29 06:00:00,Humidité relative,Humidité relative,%,97.4
2025-12-29 06:00:00,Évapotranspiration Horaire,Évapotranspiration Horaire,mm/h,1.32
2025-12-29 06:00:00,Température,Température,°C,8.1
2025-12-29 06:00:00,Rayonnement solaire,Rayonnement solaire,W/m²,0.0
2025-12-29 06:00:00,Direction du vent,Direction du vent,Deg,258.4
2025-12-29 06:00:00,Pression atmosphérique,Pression atmosphérique,mm/j,1017.4
2025-12-29 06:00:00,Vitesse du vent,Vitesse du vent,m/s,0.48
2025-12-29 05:00:00,Point de Rosée,Point de Rosée,°C,7.9
2025-12-29 05:00:00,Vitesse du vent,Vitesse du vent,m/s,0.26
2025-12-29 05:00:00,Évapotranspiration Horaire,Évapotranspiration Horaire,mm/h,1.32
2025-12-29 05:00:00,Pression atmosphérique,Pression atmosphérique,mm/j,1017.3
2025-12-29 05:00:00,Rayonnement solaire,Rayonnement solaire,W/m²,0.0
2025-12-29 05:00:00,Humidité relative,Humidité relative,%,95.9
2025-12-29 05:00:00,Température,Température,°C,8.5
2025-12-29 05:00:00,Direction du vent,Direction du vent,Deg,76.3
2025-12-29 04:00:00,Évapotranspiration Horaire,Évapotranspiration Horaire,mm/h,1.32
2025-12-29 04:00:00,Humidité relative,Humidité relative,%,92.9
2025-12-29 04:00:00,Vitesse du vent,Vitesse du vent,m/s,0.24
2025-12-29 04:00:00,Point de Rosée,Point de Rosée,°C,7.8
2025-12-29 04:00:00,Rayonnement solaire,Rayonnement solaire,W/m²,0.0
2025-12-29 04:00:00,Température,Température,°C,8.9
2025-12-29 04:00:00,Direction du vent,Direction du vent,Deg,54.4
2025-12-29 04:00:00,Pression atmosphérique,Pression atmosphérique,mm/j,1017.5
2025-12-29 03:00:00,Vitesse du vent,Vitesse du vent,m/s,0.11
2025-12-29 03:00:00,Rayonnement solaire,Rayonnement solaire,W/m²,0.0
2025-12-29 03:00:00,Pression atmosphérique,Pression atmosphérique,mm/j,1017.7
2025-12-29 03:00:00,Évapotranspiration Horaire,Évapotranspiration Horaire,mm/h,1.32
2025-12-29 03:00:00,Humidité relative,Humidité relative,%,88.9
2025-12-29 03:00:00,Température,Température,°C,9.6
2025-12-29 03:00:00,Direction du vent,Direction du vent,Deg,40.3
2025-12-29 03:00:00,Point de Rosée,Point de Rosée,°C,7.9
2025-12-29 02:00:00,Humidité relative,Humidité relative,%,83.7
2025-12-29 02:00:00,Vitesse du vent,Vitesse du vent,m/s,0.87
2025-12-29 02:00:00,Direction du vent,Direction du vent,Deg,224.4
2025-12-29 02:00:00,Température,Température,°C,10.6
2025-12-29 02:00:00,Point de Rosée,Point de Rosée,°C,8.0
2025-12-29 02:00:00,Rayonnement solaire,Rayonnement solaire,W/m²,1.0
2025-12-29 02:00:00,Pression atmosphérique,Pression atmosphérique,mm/j,1017.4
2025-12-29 02:00:00,Évapotranspiration Horaire,Évapotranspiration Horaire,mm/h,1.32
2025-12-29 01:00:00,Humidité relative,Humidité relative,%,97.8
2025-12-29 01:00:00,Direction du vent,Direction du vent,Deg,227.2
2025-12-29 01:00:00,Température,Température,°C,9.8
2025-12-29 01:00:00,Vitesse du vent,Vitesse du vent,m/s,0.4
2025-12-29 01:00:00,Évapotranspiration Horaire,Évapotranspiration Horaire,mm/h,1.32
2025-12-29 01:00:00,Pression atmosphérique,Pression atmosphérique,mm/j,1017.0
2025-12-29 01:00:00,Rayonnement solaire,Rayonnement solaire,W/m²,0.0
2025-12-29 01:00:00,Point de Rosée,Point de Rosée,°C,9.4
2025-12-29 00:00:00,Vitesse du vent,Vitesse du vent,m/s,0.24
2025-12-29 00:00:00,Humidité relative,Humidité relative,%,99.4
2025-12-29 00:00:00,Direction du vent,Direction du vent,Deg,287.6
2025-12-29 00:00:00,Température,Température,°C,10.1
2025-12-29 00:00:00,Point de Rosée,Point de Rosée,°C,10.0
2025-12-29 00:00:00,Pression atmosphérique,Pression atmosphérique,mm/j,1017.5
2025-12-29 00:00:00,Rayonnement solaire,Rayonnement solaire,W/m²,1.0
2025-12-29 00:00:00,Évapotranspiration Horaire,Évapotranspiration Horaire,mm/h,1.19
2025-12-28 23:00:00,Évapotranspiration Horaire,Évapotranspiration Horaire,mm/h,1.19
2025-12-28 23:00:00,Rayonnement solaire,Rayonnement solaire,W/m²,0.0
2025-12-28 23:00:00,Pression atmosphérique,Pression atmosphérique,mm/j,1017.6
2025-12-28 23:00:00,Point de Rosée,Point de Rosée,°C,10.0
2025-12-28 23:00:00,Vitesse du vent,Vitesse du vent,m/s,0.05
2025-12-28 23:00:00,Direction du vent,Direction du vent,Deg,220.4
2025-12-28 23:00:00,Température,Température,°C,10.1
2025-12-28 23:00:00,Humidité relative,Humidité relative,%,99.4
2025-12-28 22:00:00,Vitesse du vent,Vitesse du vent,m/s,0.25
2025-12-28 22:00:00,Point de Rosée,Point de Rosée,°C,10.6
2025-12-28 22:00:00,Température,Température,°C,10.8
2025-12-28 22:00:00,Rayonnement solaire,Rayonnement solaire,W/m²,0.0
2025-12-28 22:00:00,Direction du vent,Direction du vent,Deg,223.1
2025-12-28 22:00:00,Pression atmosphérique,Pression atmosphérique,mm/j,1017.7
2025-12-28 22:00:00,Humidité relative,Humidité relative,%,98.9
2025-12-28 22:00:00,Évapotranspiration Horaire,Évapotranspiration Horaire,mm/h,1.19
2025-12-28 21:00:00,Vitesse du vent,Vitesse du vent,m/s,0.25
2025-12-28 21:00:00,Direction du vent,Direction du vent,Deg,43.1
2025-12-28 21:00:00,Température,Température,°C,10.8
2025-12-28 21:00:00,Humidité relative,Humidité relative,%,98.7
2025-12-28 21:00:00,Point de Rosée,Point de Rosée,°C,10.6
2025-12-28 21:00:00,Rayonnement solaire,Rayonnement solaire,W/m²,0.0
2025-12-28 21:00:00,Pression atmosphérique,Pression atmosphérique,mm/j,1017.5
2025-12-28 21:00:00,Évapotranspiration Horaire,Évapotranspiration Horaire,mm/h,1.19
2025-12-28 20:00:00,Vitesse du vent,Vitesse du vent,m/s,0.2
2025-12-28 20:00:00,Humidité relative,Humidité relative,%,98.0
2025-12-28 20:00:00,Direction du vent,Direction du vent,Deg,248.4
2025-12-28 20:00:00,Température,Température,°C,11.1
2025-12-28 20:00:00,Rayonnement solaire,Rayonnement solaire,W/m²,1.0
2025-12-28 20:00:00,Pression atmosphérique,Pression atmosphérique,mm/j,1017.2
2025-12-28 20:00:00,Point de Rosée,Point de Rosée,°C,10.8
2025-12-28 20:00:00,Évapotranspiration Horaire,Évapotranspiration Horaire,mm/h,1.19
2025-12-28 19:00:00,Pression atmosphérique,Pression atmosphérique,mm/j,1017.0
2025-12-28 19:00:00,Vitesse du vent,Vitesse du vent,m/s,0.29
2025-12-28 19:00:00,Direction du vent,Direction du vent,Deg,234.5
2025-12-28 19:00:00,Température,Température,°C,11.4
2025-12-28 19:00:00,Humidité relative,Humidité relative,%,94.9
2025-12-28 19:00:00,Point de Rosée,Point de Rosée,°C,10.6
2025-12-28 19:00:00,Rayonnement solaire,Rayonnement solaire,W/m²,0.0
2025-12-28 19:00:00,Évapotranspiration Horaire,Évapotranspiration Horaire,mm/h,1.19
2025-12-28 18:00:00,Température,Température,°C,12.5
2025-12-28 18:00:00,Vitesse du vent,Vitesse du vent,m/s,0.5
2025-12-28 18:00:00,Rayonnement solaire,Rayonnement solaire,W/m²,0.0
2025-12-28 18:00:00,Point de Rosée,Point de Rosée,°C,11.0
2025-12-28 18:00:00,Humidité relative,Humidité relative,%,90.5
2025-12-28 18:00:00,Direction du vent,Direction du vent,Deg,240.2
2025-12-28 18:00:00,Pression atmosphérique,Pression atmosphérique,mm/j,1016.4
2025-12-28 18:00:00,Évapotranspiration Horaire,Évapotranspiration Horaire,mm/h,1.19
2025-12-28 17:00:00,Rayonnement solaire,Rayonnement solaire,W/m²,9.0
2025-12-28 17:00:00,Évapotranspiration Horaire,Évapotranspiration Horaire,mm/h,1.19
2025-12-28 17:00:00,Vitesse du vent,Vitesse du vent,m/s,0.25
2025-12-28 17:00:00,Pression atmosphérique,Pression atmosphérique,mm/j,1016.0
2025-12-28 17:00:00,Point de Rosée,Point de Rosée,°C,11.2
2025-12-28 17:00:00,Direction du vent,Direction du vent,Deg,91.2
2025-12-28 17:00:00,Température,Température,°C,15.5
2025-12-28 17:00:00,Humidité relative,Humidité relative,%,75.8
2025-12-28 16:00:00,Évapotranspiration Horaire,Évapotranspiration Horaire,mm/h,1.19
2025-12-28 16:00:00,Humidité relative,Humidité relative,%,70.3
2025-12-28 16:00:00,Rayonnement solaire,Rayonnement solaire,W/m²,127.0
2025-12-28 16:00:00,Point de Rosée,Point de Rosée,°C,11.4
2025-12-28 16:00:00,Pression atmosphérique,Pression atmosphérique,mm/j,1016.0
2025-12-28 16:00:00,Direction du vent,Direction du vent,Deg,112.5
2025-12-28 16:00:00,Température,Température,°C,16.9
2025-12-28 16:00:00,Vitesse du vent,Vitesse du vent,m/s,0.78
2025-12-28 15:00:00,Évapotranspiration Horaire,Évapotranspiration Horaire,mm/h,1.19
2025-12-28 15:00:00,Vitesse du vent,Vitesse du vent,m/s,0.94
2025-12-28 15:00:00,Direction du vent,Direction du vent,Deg,134.6
2025-12-28 15:00:00,Température,Température,°C,17.4
2025-12-28 15:00:00,Humidité relative,Humidité relative,%,70.0
2025-12-28 15:00:00,Point de Rosée,Point de Rosée,°C,11.9
2025-12-28 15:00:00,Rayonnement solaire,Rayonnement solaire,W/m²,272.0
2025-12-28 15:00:00,Pression atmosphérique,Pression atmosphérique,mm/j,1015.8
2025-12-28 14:00:00,Pression atmosphérique,Pression atmosphérique,mm/j,1015.8
2025-12-28 14:00:00,Humidité relative,Humidité relative,%,71.1
2025-12-28 14:00:00,Rayonnement solaire,Rayonnement solaire,W/m²,382.0
2025-12-28 14:00:00,Température,Température,°C,17.1
2025-12-28 14:00:00,Direction du vent,Direction du vent,Deg,92.8
2025-12-28 14:00:00,Vitesse du vent,Vitesse du vent,m/s,0.95
2025-12-28 14:00:00,Évapotranspiration Horaire,Évapotranspiration Horaire,mm/h,1.19
2025-12-28 14:00:00,Point de Rosée,Point de Rosée,°C,11.8
2025-12-28 13:00:00,Température,Température,°C,16.8
2025-12-28 13:00:00,Évapotranspiration Horaire,Évapotranspiration Horaire,mm/h,1.19
2025-12-28 13:00:00,Rayonnement solaire,Rayonnement solaire,W/m²,439.0
2025-12-28 13:00:00,Point de Rosée,Point de Rosée,°C,11.8
2025-12-28 13:00:00,Humidité relative,Humidité relative,%,72.5
2025-12-28 13:00:00,Direction du vent,Direction du vent,Deg,25.9
2025-12-28 13:00:00,Vitesse du vent,Vitesse du vent,m/s,0.76
2025-12-28 13:00:00,Pression atmosphérique,Pression atmosphérique,mm/j,1016.4
2025-12-28 12:00:00,Pression atmosphérique,Pression atmosphérique,mm/j,1017.0
2025-12-28 12:00:00,Humidité relative,Humidité relative,%,69.8
2025-12-28 12:00:00,Évapotranspiration Horaire,Évapotranspiration Horaire,mm/h,1.19
2025-12-28 12:00:00,Direction du vent,Direction du vent,Deg,121.1
2025-12-28 12:00:00,Rayonnement solaire,Rayonnement solaire,W/m²,445.0
2025-12-28 12:00:00,Point de Rosée,Point de Rosée,°C,11.6
2025-12-28 12:00:00,Température,Température,°C,17.2
2025-12-28 12:00:00,Vitesse du vent,Vitesse du vent,m/s,0.77
2025-12-28 11:00:00,Évapotranspiration Horaire,Évapotranspiration Horaire,mm/h,1.19
2025-12-28 11:00:00,Humidité relative,Humidité relative,%,74.3
2025-12-28 11:00:00,Température,Température,°C,15.7
2025-12-28 11:00:00,Pression atmosphérique,Pression atmosphérique,mm/j,1017.8
2025-12-28 11:00:00,Direction du vent,Direction du vent,Deg,113.3
2025-12-28 11:00:00,Point de Rosée,Point de Rosée,°C,11.1
2025-12-28 11:00:00,Vitesse du vent,Vitesse du vent,m/s,0.89
2025-12-28 11:00:00,Rayonnement solaire,Rayonnement solaire,W/m²,409.0
2025-12-28 10:00:00,Point de Rosée,Point de Rosée,°C,11.0
2025-12-28 10:00:00,Évapotranspiration Horaire,Évapotranspiration Horaire,mm/h,1.19
2025-12-28 10:00:00,Température,Température,°C,13.9
2025-12-28 10:00:00,Pression atmosphérique,Pression atmosphérique,mm/j,1018.1
2025-12-28 10:00:00,Humidité relative,Humidité relative,%,82.7
2025-12-28 10:00:00,Rayonnement solaire,Rayonnement solaire,W/m²,315.0
2025-12-28 10:00:00,Direction du vent,Direction du vent,Deg,308.9
2025-12-28 10:00:00,Vitesse du vent,Vitesse du vent,m/s,0.37
2025-12-28 09:00:00,Température,Température,°C,11.7
2025-12-28 09:00:00,Évapotranspiration Horaire,Évapotranspiration Horaire,mm/h,1.19
2025-12-28 09:00:00,Pression atmosphérique,Pression atmosphérique,mm/j,1017.5
2025-12-28 09:00:00,Rayonnement solaire,Rayonnement solaire,W/m²,186.0
2025-12-28 09:00:00,Point de Rosée,Point de Rosée,°C,10.8
2025-12-28 09:00:00,Humidité relative,Humidité relative,%,94.3
2025-12-28 09:00:00,Direction du vent,Direction du vent,Deg,269.3
2025-12-28 09:00:00,Vitesse du vent,Vitesse du vent,m/s,0.97
2025-12-28 08:00:00,Évapotranspiration Horaire,Évapotranspiration Horaire,mm/h,1.19
2025-12-28 08:00:00,Humidité relative,Humidité relative,%,100.0
2025-12-28 08:00:00,Rayonnement solaire,Rayonnement solaire,W/m²,28.0
2025-12-28 08:00:00,Température,Température,°C,9.7
2025-12-28 08:00:00,Pression atmosphérique,Pression atmosphérique,mm/j,1017.0
2025-12-28 08:00:00,Direction du vent,Direction du vent,Deg,230.9
2025-12-28 08:00:00,Point de Rosée,Point de Rosée,°C,9.7
2025-12-28 08:00:00,Vitesse du vent,Vitesse du vent,m/s,0.79
2025-12-28 07:00:00,Point de Rosée,Point de Rosée,°C,9.1
2025-12-28 07:00:00,Évapotranspiration Horaire,Évapotranspiration Horaire,mm/h,1.19
2025-12-28 07:00:00,Pression atmosphérique,Pression atmosphérique,mm/j,1016.5
2025-12-28 07:00:00,Rayonnement solaire,Rayonnement solaire,W/m²,0.0
2025-12-28 07:00:00,Vitesse du vent,Vitesse du vent,m/s,0.78
2025-12-28 07:00:00,Humidité relative,Humidité relative,%,100.0
2025-12-28 07:00:00,Température,Température,°C,9.1
2025-12-28 07:00:00,Direction du vent,Direction du vent,Deg,309.5
2025-12-28 06:00:00,Vitesse du vent,Vitesse du vent,m/s,0.24
2025-12-28 06:00:00,Évapotranspiration Horaire,Évapotranspiration Horaire,mm/h,1.19
2025-12-28 06:00:00,Pression atmosphérique,Pression atmosphérique,mm/j,1016.4
2025-12-28 06:00:00,Rayonnement solaire,Rayonnement solaire,W/m²,0.0
2025-12-28 06:00:00,Point de Rosée,Point de Rosée,°C,8.5
2025-12-28 06:00:00,Humidité relative,Humidité relative,%,99.9
2025-12-28 06:00:00,Température,Température,°C,8.5
2025-12-28 06:00:00,Direction du vent,Direction du vent,Deg,271.4
2025-12-28 05:00:00,Point de Rosée,Point de Rosée,°C,8.5
2025-12-28 05:00:00,Vitesse du vent,Vitesse du vent,m/s,0.2
2025-12-28 05:00:00,Évapotranspiration Horaire,Évapotranspiration Horaire,mm/h,1.19
2025-12-28 05:00:00,Humidité relative,Humidité relative,%,98.0
2025-12-28 05:00:00,Pression atmosphérique,Pression atmosphérique,mm/j,1016.4
2025-12-28 05:00:00,Direction du vent,Direction du vent,Deg,130.4
2025-12-28 05:00:00,Rayonnement solaire,Rayonnement solaire,W/m²,0.0
2025-12-28 05:00:00,Température,Température,°C,8.8
2025-12-28 04:00:00,Vitesse du vent,Vitesse du vent,m/s,0.37
2025-12-28 04:00:00,Évapotranspiration Horaire,Évapotranspiration Horaire,mm/h,1.19
2025-12-28 04:00:00,Direction du vent,Direction du vent,Deg,14.6
2025-12-28 04:00:00,Pression atmosphérique,Pression atmosphérique,mm/j,1016.5
2025-12-28 04:00:00,Température,Température,°C,10.4
2025-12-28 04:00:00,Rayonnement solaire,Rayonnement solaire,W/m²,0.0
2025-12-28 04:00:00,Humidité relative,Humidité relative,%,97.2
2025-12-28 04:00:00,Point de Rosée,Point de Rosée,°C,10.0
2025-12-28 03:00:00,Pression atmosphérique,Pression atmosphérique,mm/j,1016.7
2025-12-28 03:00:00,Évapotranspiration Horaire,Évapotranspiration Horaire,mm/h,1.19
2025-12-28 03:00:00,Rayonnement solaire,Rayonnement solaire,W/m²,0.0
2025-12-28 03:00:00,Point de Rosée,Point de Rosée,°C,10.9
2025-12-28 03:00:00,Humidité relative,Humidité relative,%,98.5
2025-12-28 03:00:00,Température,Température,°C,11.1
2025-12-28 03:00:00,Direction du vent,Direction du vent,Deg,281.1
2025-12-28 03:00:00,Vitesse du vent,Vitesse du vent,m/s,1.12
2025-12-28 02:00:00,Évapotranspiration Horaire,Évapotranspiration Horaire,mm/h,1.19
2025-12-28 02:00:00,Humidité relative,Humidité relative,%,100.0
2025-12-28 02:00:00,Rayonnement solaire,Rayonnement solaire,W/m²,0.0
2025-12-28 02:00:00,Température,Température,°C,11.3
2025-12-28 02:00:00,Pression atmosphérique,Pression atmosphérique,mm/j,1016.7
2025-12-28 02:00:00,Direction du vent,Direction du vent,Deg,285.0
2025-12-28 02:00:00,Point de Rosée,Point de Rosée,°C,11.3
2025-12-28 02:00:00,Vitesse du vent,Vitesse du vent,m/s,1.07
2025-12-28 01:00:00,Point de Rosée,Point de Rosée,°C,11.3
2025-12-28 01:00:00,Évapotranspiration Horaire,Évapotranspiration Horaire,mm/h,1.19
2025-12-28 01:00:00,Pression atmosphérique,Pression atmosphérique,mm/j,1016.7
2025-12-28 01:00:00,Rayonnement solaire,Rayonnement solaire,W/m²,0.0
2025-12-28 01:00:00,Vitesse du vent,Vitesse du vent,m/s,1.32
2025-12-28 01:00:00,Humidité relative,Humidité relative,%,99.7
2025-12-28 01:00:00,Température,Température,°C,11.4
2025-12-28 01:00:00,Direction du vent,Direction du vent,Deg,273.4
2025-12-28 00:00:00,Vitesse du vent,Vitesse du vent,m/s,0.74
2025-12-28 00:00:00,Évapotranspiration Horaire,Évapotranspiration Horaire,mm/h,1.34
2025-12-28 00:00:00,Pression atmosphérique,Pression atmosphérique,mm/j,1017.0
2025-12-28 00:00:00,Rayonnement solaire,Rayonnement solaire,W/m²,0.0
2025-12-28 00:00:00,Point de Rosée,Point de Rosée,°C,11.3
2025-12-28 00:00:00,Humidité relative,Humidité relative,%,99.4
2025-12-28 00:00:00,Température,Température,°C,11.4
2025-12-28 00:00:00,Direction du vent,Direction du vent,Deg,271.3
2025-12-27 23:00:00,Point de Rosée,Point de Rosée,°C,11.2
2025-12-27 23:00:00,Vitesse du vent,Vitesse du vent,m/s,0.88
2025-12-27 23:00:00,Évapotranspiration Horaire,Évapotranspiration Horaire,mm/h,1.34
2025-12-27 23:00:00,Humidité relative,Humidité relative,%,99.6
2025-12-27 23:00:00,Pression atmosphérique,Pression atmosphérique,mm/j,1017.2
2025-12-27 23:00:00,Direction du vent,Direction du vent,Deg,247.7
2025-12-27 23:00:00,Rayonnement solaire,Rayonnement solaire,W/m²,0.0
2025-12-27 23:00:00,Température,Température,°C,11.3
2025-12-27 22:00:00,Direction du vent,Direction du vent,Deg,99.6
2025-12-27 22:00:00,Évapotranspiration Horaire,Évapotranspiration Horaire,mm/h,1.34
2025-12-27 22:00:00,Pression atmosphérique,Pression atmosphérique,mm/j,1017.0
2025-12-27 22:00:00,Rayonnement solaire,Rayonnement solaire,W/m²,0.0
2025-12-27 22:00:00,Point de Rosée,Point de Rosée,°C,11.2
2025-12-27 22:00:00,Humidité relative,Humidité relative,%,97.3
2025-12-27 22:00:00,Température,Température,°C,11.6
2025-12-27 22:00:00,Vitesse du vent,Vitesse du vent,m/s,0.27
2025-12-27 21:00:00,Point de Rosée,Point de Rosée,°C,11.3
2025-12-27 21:00:00,Température,Température,°C,12.0
2025-12-27 21:00:00,Évapotranspiration Horaire,Évapotranspiration Horaire,mm/h,1.34
2025-12-27 21:00:00,Direction du vent,Direction du vent,Deg,144.4
2025-12-27 21:00:00,Vitesse du vent,Vitesse du vent,m/s,0.2
2025-12-27 21:00:00,Rayonnement solaire,Rayonnement solaire,W/m²,0.0
2025-12-27 21:00:00,Humidité relative,Humidité relative,%,95.5
2025-12-27 21:00:00,Pression atmosphérique,Pression atmosphérique,mm/j,1016.7
2025-12-27 20:00:00,Point de Rosée,Point de Rosée,°C,12.1
2025-12-27 20:00:00,Humidité relative,Humidité relative,%,94.3
2025-12-27 20:00:00,Évapotranspiration Horaire,Évapotranspiration Horaire,mm/h,1.34
2025-12-27 20:00:00,Température,Température,°C,13.0
2025-12-27 20:00:00,Rayonnement solaire,Rayonnement solaire,W/m²,0.0
2025-12-27 20:00:00,Direction du vent,Direction du vent,Deg,274.3
2025-12-27 20:00:00,Pression atmosphérique,Pression atmosphérique,mm/j,1016.4
2025-12-27 20:00:00,Vitesse du vent,Vitesse du vent,m/s,0.38
2025-12-27 19:00:00,Point de Rosée,Point de Rosée,°C,12.4
2025-12-27 19:00:00,Évapotranspiration Horaire,Évapotranspiration Horaire,mm/h,1.34
2025-12-27 19:00:00,Pression atmosphérique,Pression atmosphérique,mm/j,1016.0
2025-12-27 19:00:00,Rayonnement solaire,Rayonnement solaire,W/m²,0.0
2025-12-27 19:00:00,Humidité relative,Humidité relative,%,91.3
2025-12-27 19:00:00,Température,Température,°C,13.8
2025-12-27 19:00:00,Direction du vent,Direction du vent,Deg,234.5
2025-12-27 19:00:00,Vitesse du vent,Vitesse du vent,m/s,0.4
2025-12-27 18:00:00,Température,Température,°C,14.4
2025-12-27 18:00:00,Évapotranspiration Horaire,Évapotranspiration Horaire,mm/h,1.34
2025-12-27 18:00:00,Point de Rosée,Point de Rosée,°C,12.2
2025-12-27 18:00:00,Humidité relative,Humidité relative,%,86.6
2025-12-27 18:00:00,Direction du vent,Direction du vent,Deg,171.0
2025-12-27 18:00:00,Pression atmosphérique,Pression atmosphérique,mm/j,1015.5
2025-12-27 18:00:00,Rayonnement solaire,Rayonnement solaire,W/m²,0.0
2025-12-27 18:00:00,Vitesse du vent,Vitesse du vent,m/s,0.11
2025-12-27 17:00:00,Pression atmosphérique,Pression atmosphérique,mm/j,1014.9
2025-12-27 17:00:00,Évapotranspiration Horaire,Évapotranspiration Horaire,mm/h,1.34
2025-12-27 17:00:00,Rayonnement solaire,Rayonnement solaire,W/m²,6.0
2025-12-27 17:00:00,Point de Rosée,Point de Rosée,°C,12.7
2025-12-27 17:00:00,Humidité relative,Humidité relative,%,86.3
2025-12-27 17:00:00,Température,Température,°C,15.0
2025-12-27 17:00:00,Direction du vent,Direction du vent,Deg,176.4
2025-12-27 17:00:00,Vitesse du vent,Vitesse du vent,m/s,0.48
2025-12-27 16:00:00,Évapotranspiration Horaire,Évapotranspiration Horaire,mm/h,1.34
2025-12-27 16:00:00,Humidité relative,Humidité relative,%,80.5
2025-12-27 16:00:00,Pression atmosphérique,Pression atmosphérique,mm/j,1014.4
2025-12-27 16:00:00,Température,Température,°C,16.5
2025-12-27 16:00:00,Rayonnement solaire,Rayonnement solaire,W/m²,28.0
2025-12-27 16:00:00,Direction du vent,Direction du vent,Deg,350.9
2025-12-27 16:00:00,Point de Rosée,Point de Rosée,°C,13.1
2025-12-27 16:00:00,Vitesse du vent,Vitesse du vent,m/s,0.15
2025-12-27 15:00:00,Point de Rosée,Point de Rosée,°C,13.4
2025-12-27 15:00:00,Évapotranspiration Horaire,Évapotranspiration Horaire,mm/h,1.34
2025-12-27 15:00:00,Pression atmosphérique,Pression atmosphérique,mm/j,1014.0
2025-12-27 15:00:00,Rayonnement solaire,Rayonnement solaire,W/m²,103.0
2025-12-27 15:00:00,Vitesse du vent,Vitesse du vent,m/s,0.37
2025-12-27 15:00:00,Humidité relative,Humidité relative,%,83.8
2025-12-27 15:00:00,Température,Température,°C,16.2
2025-12-27 15:00:00,Direction du vent,Direction du vent,Deg,340.2
2025-12-27 14:00:00,Vitesse du vent,Vitesse du vent,m/s,2.03
2025-12-27 14:00:00,Évapotranspiration Horaire,Évapotranspiration Horaire,mm/h,1.34
2025-12-27 14:00:00,Pression atmosphérique,Pression atmosphérique,mm/j,1014.0
2025-12-27 14:00:00,Rayonnement solaire,Rayonnement solaire,W/m²,77.0
2025-12-27 14:00:00,Point de Rosée,Point de Rosée,°C,13.9
2025-12-27 14:00:00,Humidité relative,Humidité relative,%,90.2
2025-12-27 14:00:00,Température,Température,°C,15.5
2025-12-27 14:00:00,Direction du vent,Direction du vent,Deg,269.3
2025-12-27 13:00:00,Point de Rosée,Point de Rosée,°C,12.5
2025-12-27 13:00:00,Vitesse du vent,Vitesse du vent,m/s,2.2
2025-12-27 13:00:00,Évapotranspiration Horaire,Évapotranspiration Horaire,mm/h,1.34
2025-12-27 13:00:00,Humidité relative,Humidité relative,%,73.2
2025-12-27 13:00:00,Pression atmosphérique,Pression atmosphérique,mm/j,1014.2
2025-12-27 13:00:00,Direction du vent,Direction du vent,Deg,356.9
2025-12-27 13:00:00,Rayonnement solaire,Rayonnement solaire,W/m²,382.0
2025-12-27 13:00:00,Température,Température,°C,17.4
2025-12-27 12:00:00,Direction du vent,Direction du vent,Deg,347.5
2025-12-27 12:00:00,Évapotranspiration Horaire,Évapotranspiration Horaire,mm/h,1.34
2025-12-27 12:00:00,Pression atmosphérique,Pression atmosphérique,mm/j,1014.6
2025-12-27 12:00:00,Rayonnement solaire,Rayonnement solaire,W/m²,406.0
2025-12-27 12:00:00,Point de Rosée,Point de Rosée,°C,11.6
2025-12-27 12:00:00,Humidité relative,Humidité relative,%,73.9
2025-12-27 12:00:00,Température,Température,°C,16.3
2025-12-27 12:00:00,Vitesse du vent,Vitesse du vent,m/s,0.77
2025-12-27 11:00:00,Point de Rosée,Point de Rosée,°C,12.4
2025-12-27 11:00:00,Température,Température,°C,15.3
2025-12-27 11:00:00,Évapotranspiration Horaire,Évapotranspiration Horaire,mm/h,1.34
2025-12-27 11:00:00,Direction du vent,Direction du vent,Deg,329.2
2025-12-27 11:00:00,Vitesse du vent,Vitesse du vent,m/s,0.61
2025-12-27 11:00:00,Rayonnement solaire,Rayonnement solaire,W/m²,252.0
2025-12-27 11:00:00,Humidité relative,Humidité relative,%,82.9
2025-12-27 11:00:00,Pression atmosphérique,Pression atmosphérique,mm/j,1015.4
2025-12-27 10:00:00,Point de Rosée,Point de Rosée,°C,11.0
2025-12-27 10:00:00,Humidité relative,Humidité relative,%,82.6
2025-12-27 10:00:00,Évapotranspiration Horaire,Évapotranspiration Horaire,mm/h,1.34
2025-12-27 10:00:00,Température,Température,°C,14.0
2025-12-27 10:00:00,Rayonnement solaire,Rayonnement solaire,W/m²,106.0
2025-12-27 10:00:00,Direction du vent,Direction du vent,Deg,261.0
2025-12-27 10:00:00,Pression atmosphérique,Pression atmosphérique,mm/j,1015.3
2025-12-27 10:00:00,Vitesse du vent,Vitesse du vent,m/s,0.18
2025-12-27 09:00:00,Point de Rosée,Point de Rosée,°C,10.4
2025-12-27 09:00:00,Évapotranspiration Horaire,Évapotranspiration Horaire,mm/h,1.34
2025-12-27 09:00:00,Pression atmosphérique,Pression atmosphérique,mm/j,1014.6
2025-12-27 09:00:00,Rayonnement solaire,Rayonnement solaire,W/m²,170.0
2025-12-27 09:00:00,Humidité relative,Humidité relative,%,84.8
2025-12-27 09:00:00,Température,Température,°C,12.9
2025-12-27 09:00:00,Direction du vent,Direction du vent,Deg,269.9
2025-12-27 09:00:00,Vitesse du vent,Vitesse du vent,m/s,2.69
2025-12-27 08:00:00,Température,Température,°C,11.4
2025-12-27 08:00:00,Évapotranspiration Horaire,Évapotranspiration Horaire,mm/h,1.34
2025-12-27 08:00:00,Vitesse du vent,Vitesse du vent,m/s,2.59
2025-12-27 08:00:00,Direction du vent,Direction du vent,Deg,257.2
2025-12-27 08:00:00,Humidité relative,Humidité relative,%,88.9
2025-12-27 08:00:00,Pression atmosphérique,Pression atmosphérique,mm/j,1013.6
2025-12-27 08:00:00,Rayonnement solaire,Rayonnement solaire,W/m²,31.0
2025-12-27 08:00:00,Point de Rosée,Point de Rosée,°C,9.6
2025-12-27 07:00:00,Point de Rosée,Point de Rosée,°C,9.9
2025-12-27 07:00:00,Évapotranspiration Horaire,Évapotranspiration Horaire,mm/h,1.34
2025-12-27 07:00:00,Pression atmosphérique,Pression atmosphérique,mm/j,1013.0
2025-12-27 07:00:00,Rayonnement solaire,Rayonnement solaire,W/m²,0.0
2025-12-27 07:00:00,Humidité relative,Humidité relative,%,78.1
2025-12-27 07:00:00,Température,Température,°C,13.6
2025-12-27 07:00:00,Direction du vent,Direction du vent,Deg,266.9
2025-12-27 07:00:00,Vitesse du vent,Vitesse du vent,m/s,0.66
2025-12-27 06:00:00,Rayonnement solaire,Rayonnement solaire,W/m²,0.0
2025-12-27 06:00:00,Humidité relative,Humidité relative,%,74.8
2025-12-27 06:00:00,Évapotranspiration Horaire,Évapotranspiration Horaire,mm/h,1.34
2025-12-27 06:00:00,Température,Température,°C,14.3
2025-12-27 06:00:00,Pression atmosphérique,Pression atmosphérique,mm/j,1012.8
2025-12-27 06:00:00,Vitesse du vent,Vitesse du vent,m/s,1.27
2025-12-27 06:00:00,Point de Rosée,Point de Rosée,°C,9.9
2025-12-27 06:00:00,Direction du vent,Direction du vent,Deg,97.9
2025-12-27 05:00:00,Pression atmosphérique,Pression atmosphérique,mm/j,1012.8
2025-12-27 05:00:00,Rayonnement solaire,Rayonnement solaire,W/m²,0.0
2025-12-27 05:00:00,Point de Rosée,Point de Rosée,°C,9.1
2025-12-27 05:00:00,Humidité relative,Humidité relative,%,70.5
2025-12-27 05:00:00,Température,Température,°C,14.4
2025-12-27 05:00:00,Direction du vent,Direction du vent,Deg,82.1
2025-12-27 05:00:00,Vitesse du vent,Vitesse du vent,m/s,1.32
2025-12-27 05:00:00,Évapotranspiration Horaire,Évapotranspiration Horaire,mm/h,1.34
2025-12-26 07:00:00,Vitesse du vent,Vitesse du vent,m/s,0.25
2025-12-26 07:00:00,Évapotranspiration Horaire,Évapotranspiration Horaire,mm/h,2.18
2025-12-26 07:00:00,Pression atmosphérique,Pression atmosphérique,mm/j,1012.3
2025-12-26 07:00:00,Rayonnement solaire,Rayonnement solaire,W/m²,0.0
2025-12-26 07:00:00,Point de Rosée,Point de Rosée,°C,6.0
2025-12-26 07:00:00,Humidité relative,Humidité relative,%,87.1
2025-12-26 07:00:00,Température,Température,°C,8.0
2025-12-26 07:00:00,Direction du vent,Direction du vent,Deg,223.1
2025-12-26 06:00:00,Direction du vent,Direction du vent,Deg,285.8
2025-12-26 06:00:00,Évapotranspiration Horaire,Évapotranspiration Horaire,mm/h,2.18
2025-12-26 06:00:00,Température,Température,°C,8.2
2025-12-26 06:00:00,Pression atmosphérique,Pression atmosphérique,mm/j,1012.5
2025-12-26 06:00:00,Point de Rosée,Point de Rosée,°C,5.7
2025-12-26 06:00:00,Vitesse du vent,Vitesse du vent,m/s,0.3
2025-12-26 06:00:00,Rayonnement solaire,Rayonnement solaire,W/m²,0.0
2025-12-26 06:00:00,Humidité relative,Humidité relative,%,84.4
2025-12-26 05:00:00,Vitesse du vent,Vitesse du vent,m/s,0.55
2025-12-26 05:00:00,Évapotranspiration Horaire,Évapotranspiration Horaire,mm/h,2.18
2025-12-26 05:00:00,Pression atmosphérique,Pression atmosphérique,mm/j,1012.4
2025-12-26 05:00:00,Rayonnement solaire,Rayonnement solaire,W/m²,0.0
2025-12-26 05:00:00,Point de Rosée,Point de Rosée,°C,5.9
2025-12-26 05:00:00,Humidité relative,Humidité relative,%,89.3
2025-12-26 05:00:00,Température,Température,°C,7.5
2025-12-26 05:00:00,Direction du vent,Direction du vent,Deg,261.1
2025-12-26 04:00:00,Évapotranspiration Horaire,Évapotranspiration Horaire,mm/h,2.18
2025-12-26 04:00:00,Humidité relative,Humidité relative,%,91.9
2025-12-26 04:00:00,Rayonnement solaire,Rayonnement solaire,W/m²,0.0
2025-12-26 04:00:00,Température,Température,°C,6.7
2025-12-26 04:00:00,Pression atmosphérique,Pression atmosphérique,mm/j,1012.7
2025-12-26 04:00:00,Direction du vent,Direction du vent,Deg,324.5
2025-12-26 04:00:00,Point de Rosée,Point de Rosée,°C,5.5
2025-12-26 04:00:00,Vitesse du vent,Vitesse du vent,m/s,0.39
2025-12-26 03:00:00,Point de Rosée,Point de Rosée,°C,4.8
2025-12-26 03:00:00,Évapotranspiration Horaire,Évapotranspiration Horaire,mm/h,2.18
2025-12-26 03:00:00,Pression atmosphérique,Pression atmosphérique,mm/j,1013.1
2025-12-26 03:00:00,Rayonnement solaire,Rayonnement solaire,W/m²,0.0
2025-12-26 03:00:00,Vitesse du vent,Vitesse du vent,m/s,0.17
2025-12-26 03:00:00,Humidité relative,Humidité relative,%,87.9
2025-12-26 03:00:00,Température,Température,°C,6.7
2025-12-26 03:00:00,Direction du vent,Direction du vent,Deg,261.1
2025-12-26 02:00:00,Vitesse du vent,Vitesse du vent,m/s,0.25
2025-12-26 02:00:00,Évapotranspiration Horaire,Évapotranspiration Horaire,mm/h,2.18
2025-12-26 02:00:00,Direction du vent,Direction du vent,Deg,335.8
2025-12-26 02:00:00,Pression atmosphérique,Pression atmosphérique,mm/j,1013.2
2025-12-26 02:00:00,Température,Température,°C,8.0
2025-12-26 02:00:00,Rayonnement solaire,Rayonnement solaire,W/m²,0.0
2025-12-26 02:00:00,Humidité relative,Humidité relative,%,83.0
2025-12-26 02:00:00,Point de Rosée,Point de Rosée,°C,5.3
2025-12-26 01:00:00,Point de Rosée,Point de Rosée,°C,5.2
2025-12-26 01:00:00,Évapotranspiration Horaire,Évapotranspiration Horaire,mm/h,2.18
2025-12-26 01:00:00,Pression atmosphérique,Pression atmosphérique,mm/j,1013.4
2025-12-26 01:00:00,Rayonnement solaire,Rayonnement solaire,W/m²,0.0
2025-12-26 01:00:00,Humidité relative,Humidité relative,%,73.9
2025-12-26 01:00:00,Température,Température,°C,9.7
2025-12-26 01:00:00,Direction du vent,Direction du vent,Deg,102.9
2025-12-26 01:00:00,Vitesse du vent,Vitesse du vent,m/s,0.57
2025-12-26 00:00:00,Rayonnement solaire,Rayonnement solaire,W/m²,0.0
2025-12-26 00:00:00,Humidité relative,Humidité relative,%,73.4
2025-12-26 00:00:00,Pression atmosphérique,Pression atmosphérique,mm/j,1013.6
2025-12-26 00:00:00,Température,Température,°C,10.3
2025-12-26 00:00:00,Évapotranspiration Horaire,Évapotranspiration Horaire,mm/h,2.06
2025-12-26 00:00:00,Direction du vent,Direction du vent,Deg,153.8
2025-12-26 00:00:00,Point de Rosée,Point de Rosée,°C,5.8
2025-12-26 00:00:00,Vitesse du vent,Vitesse du vent,m/s,0.61
2025-12-25 23:00:00,Point de Rosée,Point de Rosée,°C,5.8
2025-12-25 23:00:00,Évapotranspiration Horaire,Évapotranspiration Horaire,mm/h,2.06
2025-12-25 23:00:00,Pression atmosphérique,Pression atmosphérique,mm/j,1013.7
2025-12-25 23:00:00,Rayonnement solaire,Rayonnement solaire,W/m²,0.0
2025-12-25 23:00:00,Vitesse du vent,Vitesse du vent,m/s,0.95
2025-12-25 23:00:00,Humidité relative,Humidité relative,%,69.9
2025-12-25 23:00:00,Température,Température,°C,11.1
2025-12-25 23:00:00,Direction du vent,Direction du vent,Deg,185.4
2025-12-25 22:00:00,Vitesse du vent,Vitesse du vent,m/s,0.73
2025-12-25 22:00:00,Évapotranspiration Horaire,Évapotranspiration Horaire,mm/h,2.06
2025-12-25 22:00:00,Pression atmosphérique,Pression atmosphérique,mm/j,1013.3
2025-12-25 22:00:00,Rayonnement solaire,Rayonnement solaire,W/m²,0.0
2025-12-25 22:00:00,Point de Rosée,Point de Rosée,°C,4.7
2025-12-25 22:00:00,Humidité relative,Humidité relative,%,61.5
2025-12-25 22:00:00,Température,Température,°C,11.9
2025-12-25 22:00:00,Direction du vent,Direction du vent,Deg,160.4
2025-12-25 21:00:00,Point de Rosée,Point de Rosée,°C,3.8
2025-12-25 21:00:00,Vitesse du vent,Vitesse du vent,m/s,2.7
2025-12-25 21:00:00,Évapotranspiration Horaire,Évapotranspiration Horaire,mm/h,2.06
2025-12-25 21:00:00,Humidité relative,Humidité relative,%,54.3
2025-12-25 21:00:00,Pression atmosphérique,Pression atmosphérique,mm/j,1013.1
2025-12-25 21:00:00,Direction du vent,Direction du vent,Deg,169.6
2025-12-25 21:00:00,Rayonnement solaire,Rayonnement solaire,W/m²,0.0
2025-12-25 21:00:00,Température,Température,°C,12.8
2025-12-25 20:00:00,Direction du vent,Direction du vent,Deg,134.1
2025-12-25 20:00:00,Évapotranspiration Horaire,Évapotranspiration Horaire,mm/h,2.06
2025-12-25 20:00:00,Pression atmosphérique,Pression atmosphérique,mm/j,1012.5
2025-12-25 20:00:00,Rayonnement solaire,Rayonnement solaire,W/m²,0.0
2025-12-25 20:00:00,Point de Rosée,Point de Rosée,°C,3.5
2025-12-25 20:00:00,Humidité relative,Humidité relative,%,51.3
2025-12-25 20:00:00,Température,Température,°C,13.4
2025-12-25 20:00:00,Vitesse du vent,Vitesse du vent,m/s,1.14
2025-12-25 19:00:00,Point de Rosée,Point de Rosée,°C,4.0
2025-12-25 19:00:00,Température,Température,°C,14.6
2025-12-25 19:00:00,Évapotranspiration Horaire,Évapotranspiration Horaire,mm/h,2.06
2025-12-25 19:00:00,Direction du vent,Direction du vent,Deg,170.9
2025-12-25 19:00:00,Vitesse du vent,Vitesse du vent,m/s,0.56
2025-12-25 19:00:00,Rayonnement solaire,Rayonnement solaire,W/m²,0.0
2025-12-25 19:00:00,Humidité relative,Humidité relative,%,48.8
2025-12-25 19:00:00,Pression atmosphérique,Pression atmosphérique,mm/j,1011.9
2025-12-25 18:00:00,Point de Rosée,Point de Rosée,°C,4.0
2025-12-25 18:00:00,Humidité relative,Humidité relative,%,48.3
2025-12-25 18:00:00,Évapotranspiration Horaire,Évapotranspiration Horaire,mm/h,2.06
2025-12-25 18:00:00,Température,Température,°C,14.9
2025-12-25 18:00:00,Rayonnement solaire,Rayonnement solaire,W/m²,0.0
2025-12-25 18:00:00,Direction du vent,Direction du vent,Deg,62.6
2025-12-25 18:00:00,Pression atmosphérique,Pression atmosphérique,mm/j,1011.4
2025-12-25 18:00:00,Vitesse du vent,Vitesse du vent,m/s,0.35
2025-12-25 17:00:00,Point de Rosée,Point de Rosée,°C,4.4
2025-12-25 17:00:00,Évapotranspiration Horaire,Évapotranspiration Horaire,mm/h,2.06
2025-12-25 17:00:00,Pression atmosphérique,Pression atmosphérique,mm/j,1010.8
2025-12-25 17:00:00,Rayonnement solaire,Rayonnement solaire,W/m²,9.0
2025-12-25 17:00:00,Humidité relative,Humidité relative,%,43.8
2025-12-25 17:00:00,Température,Température,°C,16.8
2025-12-25 17:00:00,Direction du vent,Direction du vent,Deg,181.2
2025-12-25 17:00:00,Vitesse du vent,Vitesse du vent,m/s,1.0
2025-12-25 16:00:00,Vitesse du vent,Vitesse du vent,m/s,0.73
2025-12-25 16:00:00,Évapotranspiration Horaire,Évapotranspiration Horaire,mm/h,2.06
2025-12-25 16:00:00,Direction du vent,Direction du vent,Deg,276.5
2025-12-25 16:00:00,Température,Température,°C,18.4
2025-12-25 16:00:00,Humidité relative,Humidité relative,%,41.0
2025-12-25 16:00:00,Pression atmosphérique,Pression atmosphérique,mm/j,1010.7
2025-12-25 16:00:00,Rayonnement solaire,Rayonnement solaire,W/m²,139.0
2025-12-25 16:00:00,Point de Rosée,Point de Rosée,°C,4.9
2025-12-25 15:00:00,Pression atmosphérique,Pression atmosphérique,mm/j,1010.4
2025-12-25 15:00:00,Évapotranspiration Horaire,Évapotranspiration Horaire,mm/h,2.06
2025-12-25 15:00:00,Rayonnement solaire,Rayonnement solaire,W/m²,385.0
2025-12-25 15:00:00,Point de Rosée,Point de Rosée,°C,4.9
2025-12-25 15:00:00,Humidité relative,Humidité relative,%,40.2
2025-12-25 15:00:00,Température,Température,°C,18.7
2025-12-25 15:00:00,Direction du vent,Direction du vent,Deg,215.7
2025-12-25 15:00:00,Vitesse du vent,Vitesse du vent,m/s,0.81
2025-12-25 14:00:00,Rayonnement solaire,Rayonnement solaire,W/m²,327.0
2025-12-25 14:00:00,Humidité relative,Humidité relative,%,41.7
2025-12-25 14:00:00,Évapotranspiration Horaire,Évapotranspiration Horaire,mm/h,2.06
2025-12-25 14:00:00,Température,Température,°C,18.7
2025-12-25 14:00:00,Vitesse du vent,Vitesse du vent,m/s,4.14
2025-12-25 14:00:00,Direction du vent,Direction du vent,Deg,219.9
2025-12-25 14:00:00,Pression atmosphérique,Pression atmosphérique,mm/j,1010.1
2025-12-25 14:00:00,Point de Rosée,Point de Rosée,°C,5.4
2025-12-25 13:00:00,Pression atmosphérique,Pression atmosphérique,mm/j,1010.7
2025-12-25 13:00:00,Rayonnement solaire,Rayonnement solaire,W/m²,479.0
2025-12-25 13:00:00,Point de Rosée,Point de Rosée,°C,5.3
2025-12-25 13:00:00,Humidité relative,Humidité relative,%,46.2
2025-12-25 13:00:00,Température,Température,°C,17.0
2025-12-25 13:00:00,Direction du vent,Direction du vent,Deg,237.7
2025-12-25 13:00:00,Vitesse du vent,Vitesse du vent,m/s,2.58
2025-12-25 13:00:00,Évapotranspiration Horaire,Évapotranspiration Horaire,mm/h,2.06
2025-12-25 12:00:00,Humidité relative,Humidité relative,%,51.6
2025-12-25 12:00:00,Évapotranspiration Horaire,Évapotranspiration Horaire,mm/h,2.06
2025-12-25 12:00:00,Température,Température,°C,15.0
2025-12-25 12:00:00,Pression atmosphérique,Pression atmosphérique,mm/j,1011.5
2025-12-25 12:00:00,Point de Rosée,Point de Rosée,°C,5.1
2025-12-25 12:00:00,Direction du vent,Direction du vent,Deg,226.3
2025-12-25 12:00:00,Rayonnement solaire,Rayonnement solaire,W/m²,227.0
2025-12-25 12:00:00,Vitesse du vent,Vitesse du vent,m/s,2.15
2025-12-25 11:00:00,Température,Température,°C,14.8
2025-12-25 11:00:00,Évapotranspiration Horaire,Évapotranspiration Horaire,mm/h,2.06
2025-12-25 11:00:00,Pression atmosphérique,Pression atmosphérique,mm/j,1012.0
2025-12-25 11:00:00,Rayonnement solaire,Rayonnement solaire,W/m²,215.0
2025-12-25 11:00:00,Point de Rosée,Point de Rosée,°C,5.4
2025-12-25 11:00:00,Humidité relative,Humidité relative,%,53.4
2025-12-25 11:00:00,Direction du vent,Direction du vent,Deg,198.9
2025-12-25 11:00:00,Vitesse du vent,Vitesse du vent,m/s,2.34
2025-12-25 10:00:00,Évapotranspiration Horaire,Évapotranspiration Horaire,mm/h,2.06
2025-12-25 10:00:00,Humidité relative,Humidité relative,%,57.1
2025-12-25 10:00:00,Rayonnement solaire,Rayonnement solaire,W/m²,322.0
2025-12-25 10:00:00,Température,Température,°C,13.8
2025-12-25 10:00:00,Pression atmosphérique,Pression atmosphérique,mm/j,1012.1
2025-12-25 10:00:00,Direction du vent,Direction du vent,Deg,219.8
2025-12-25 10:00:00,Point de Rosée,Point de Rosée,°C,5.4
2025-12-25 10:00:00,Vitesse du vent,Vitesse du vent,m/s,1.78
2025-12-25 09:00:00,Point de Rosée,Point de Rosée,°C,5.2
2025-12-25 09:00:00,Évapotranspiration Horaire,Évapotranspiration Horaire,mm/h,2.06
2025-12-25 09:00:00,Pression atmosphérique,Pression atmosphérique,mm/j,1011.3
2025-12-25 09:00:00,Rayonnement solaire,Rayonnement solaire,W/m²,107.0
2025-12-25 09:00:00,Vitesse du vent,Vitesse du vent,m/s,2.14
2025-12-25 09:00:00,Humidité relative,Humidité relative,%,63.3
2025-12-25 09:00:00,Température,Température,°C,12.0
2025-12-25 09:00:00,Direction du vent,Direction du vent,Deg,235.8
2025-12-25 08:00:00,Point de Rosée,Point de Rosée,°C,5.2
2025-12-25 08:00:00,Évapotranspiration Horaire,Évapotranspiration Horaire,mm/h,2.06
2025-12-25 08:00:00,Direction du vent,Direction du vent,Deg,222.5
2025-12-25 08:00:00,Pression atmosphérique,Pression atmosphérique,mm/j,1010.6
2025-12-25 08:00:00,Température,Température,°C,11.0
2025-12-25 08:00:00,Rayonnement solaire,Rayonnement solaire,W/m²,46.0
2025-12-25 08:00:00,Humidité relative,Humidité relative,%,67.7
2025-12-25 08:00:00,Vitesse du vent,Vitesse du vent,m/s,1.95
2025-12-25 07:00:00,Température,Température,°C,10.9
2025-12-25 07:00:00,Évapotranspiration Horaire,Évapotranspiration Horaire,mm/h,2.06
2025-12-25 07:00:00,Pression atmosphérique,Pression atmosphérique,mm/j,1010.4
2025-12-25 07:00:00,Rayonnement solaire,Rayonnement solaire,W/m²,0.0
2025-12-25 07:00:00,Point de Rosée,Point de Rosée,°C,5.3
2025-12-25 07:00:00,Humidité relative,Humidité relative,%,68.6
2025-12-25 07:00:00,Direction du vent,Direction du vent,Deg,248.5
2025-12-25 07:00:00,Vitesse du vent,Vitesse du vent,m/s,1.66
2025-12-25 06:00:00,Vitesse du vent,Vitesse du vent,m/s,2.96
2025-12-25 06:00:00,Humidité relative,Humidité relative,%,72.9
2025-12-25 06:00:00,Direction du vent,Direction du vent,Deg,235.5
2025-12-25 06:00:00,Température,Température,°C,10.2
2025-12-25 06:00:00,Rayonnement solaire,Rayonnement solaire,W/m²,0.0
2025-12-25 06:00:00,Évapotranspiration Horaire,Évapotranspiration Horaire,mm/h,2.06
2025-12-25 06:00:00,Pression atmosphérique,Pression atmosphérique,mm/j,1009.8
2025-12-25 06:00:00,Point de Rosée,Point de Rosée,°C,5.5
2025-12-25 05:00:00,Température,Température,°C,10.5
2025-12-25 05:00:00,Rayonnement solaire,Rayonnement solaire,W/m²,0.0
2025-12-25 05:00:00,Point de Rosée,Point de Rosée,°C,5.6
2025-12-25 05:00:00,Humidité relative,Humidité relative,%,71.7
2025-12-25 05:00:00,Direction du vent,Direction du vent,Deg,198.0
2025-12-25 05:00:00,Vitesse du vent,Vitesse du vent,m/s,1.16
2025-12-25 05:00:00,Évapotranspiration Horaire,Évapotranspiration Horaire,mm/h,2.06
2025-12-25 05:00:00,Pression atmosphérique,Pression atmosphérique,mm/j,1009.7
2025-12-25 04:00:00,Rayonnement solaire,Rayonnement solaire,W/m²,0.0
2025-12-25 04:00:00,Évapotranspiration Horaire,Évapotranspiration Horaire,mm/h,2.06
2025-12-25 04:00:00,Point de Rosée,Point de Rosée,°C,5.5
2025-12-25 04:00:00,Pression atmosphérique,Pression atmosphérique,mm/j,1009.5
2025-12-25 04:00:00,Direction du vent,Direction du vent,Deg,215.5
2025-12-25 04:00:00,Température,Température,°C,10.5
2025-12-25 04:00:00,Humidité relative,Humidité relative,%,71.0
2025-12-25 04:00:00,Vitesse du vent,Vitesse du vent,m/s,1.69
2025-12-25 03:00:00,Point de Rosée,Point de Rosée,°C,5.2
2025-12-25 03:00:00,Évapotranspiration Horaire,Évapotranspiration Horaire,mm/h,2.06
2025-12-25 03:00:00,Pression atmosphérique,Pression atmosphérique,mm/j,1009.5
2025-12-25 03:00:00,Rayonnement solaire,Rayonnement solaire,W/m²,0.0
2025-12-25 03:00:00,Humidité relative,Humidité relative,%,68.7
2025-12-25 03:00:00,Température,Température,°C,10.7
2025-12-25 03:00:00,Direction du vent,Direction du vent,Deg,197.6
2025-12-25 03:00:00,Vitesse du vent,Vitesse du vent,m/s,1.72
2025-12-25 02:00:00,Évapotranspiration Horaire,Évapotranspiration Horaire,mm/h,2.06
2025-12-25 02:00:00,Humidité relative,Humidité relative,%,68.6
2025-12-25 02:00:00,Rayonnement solaire,Rayonnement solaire,W/m²,0.0
2025-12-25 02:00:00,Température,Température,°C,10.6
2025-12-25 02:00:00,Pression atmosphérique,Pression atmosphérique,mm/j,1009.2
2025-12-25 02:00:00,Direction du vent,Direction du vent,Deg,203.4
2025-12-25 02:00:00,Point de Rosée,Point de Rosée,°C,5.0
2025-12-25 02:00:00,Vitesse du vent,Vitesse du vent,m/s,1.17
2025-12-25 01:00:00,Point de Rosée,Point de Rosée,°C,5.3
2025-12-25 01:00:00,Évapotranspiration Horaire,Évapotranspiration Horaire,mm/h,2.06
2025-12-25 01:00:00,Pression atmosphérique,Pression atmosphérique,mm/j,1008.8
2025-12-25 01:00:00,Rayonnement solaire,Rayonnement solaire,W/m²,0.0
2025-12-25 01:00:00,Vitesse du vent,Vitesse du vent,m/s,0.99
2025-12-25 01:00:00,Humidité relative,Humidité relative,%,74.1
2025-12-25 01:00:00,Température,Température,°C,9.7
2025-12-25 01:00:00,Direction du vent,Direction du vent,Deg,231.7
2025-12-25 00:00:00,Vitesse du vent,Vitesse du vent,m/s,0.47
2025-12-25 00:00:00,Évapotranspiration Horaire,Évapotranspiration Horaire,mm/h,1.65
2025-12-25 00:00:00,Pression atmosphérique,Pression atmosphérique,mm/j,1008.9
2025-12-25 00:00:00,Rayonnement solaire,Rayonnement solaire,W/m²,0.0
2025-12-25 00:00:00,Point de Rosée,Point de Rosée,°C,5.5
2025-12-25 00:00:00,Humidité relative,Humidité relative,%,73.2
2025-12-25 00:00:00,Température,Température,°C,10.1
2025-12-25 00:00:00,Direction du vent,Direction du vent,Deg,176.4
2025-12-24 23:00:00,Évapotranspiration Horaire,Évapotranspiration Horaire,mm/h,1.65
2025-12-24 23:00:00,Pression atmosphérique,Pression atmosphérique,mm/j,1008.4
2025-12-24 23:00:00,Rayonnement solaire,Rayonnement solaire,W/m²,0.0
2025-12-24 23:00:00,Point de Rosée,Point de Rosée,°C,5.3
2025-12-24 23:00:00,Humidité relative,Humidité relative,%,68.0
2025-12-24 23:00:00,Température,Température,°C,11.0
2025-12-24 23:00:00,Direction du vent,Direction du vent,Deg,220.5
2025-12-24 23:00:00,Vitesse du vent,Vitesse du vent,m/s,2.28
2025-12-24 21:00:00,Humidité relative,Humidité relative,%,64.1
2025-12-24 21:00:00,Évapotranspiration Horaire,Évapotranspiration Horaire,mm/h,1.65
2025-12-24 21:00:00,Pression atmosphérique,Pression atmosphérique,mm/j,1007.5
2025-12-24 21:00:00,Rayonnement solaire,Rayonnement solaire,W/m²,0.0
2025-12-24 21:00:00,Point de Rosée,Point de Rosée,°C,5.5
2025-12-24 21:00:00,Température,Température,°C,12.1
2025-12-24 21:00:00,Direction du vent,Direction du vent,Deg,230.5
2025-12-24 21:00:00,Vitesse du vent,Vitesse du vent,m/s,1.45
2025-12-24 19:00:00,Évapotranspiration Horaire,Évapotranspiration Horaire,mm/h,1.65
2025-12-24 19:00:00,Pression atmosphérique,Pression atmosphérique,mm/j,1006.5
2025-12-24 19:00:00,Rayonnement solaire,Rayonnement solaire,W/m²,0.0
2025-12-24 19:00:00,Point de Rosée,Point de Rosée,°C,5.3
2025-12-24 19:00:00,Humidité relative,Humidité relative,%,58.7
2025-12-24 19:00:00,Température,Température,°C,13.2
2025-12-24 19:00:00,Direction du vent,Direction du vent,Deg,202.4
2025-12-24 19:00:00,Vitesse du vent,Vitesse du vent,m/s,1.91
2025-12-24 18:00:00,Humidité relative,Humidité relative,%,60.9
2025-12-24 18:00:00,Évapotranspiration Horaire,Évapotranspiration Horaire,mm/h,1.65
2025-12-24 18:00:00,Pression atmosphérique,Pression atmosphérique,mm/j,1006.1
2025-12-24 18:00:00,Rayonnement solaire,Rayonnement solaire,W/m²,0.0
2025-12-24 18:00:00,Point de Rosée,Point de Rosée,°C,4.7
2025-12-24 18:00:00,Température,Température,°C,12.0
2025-12-24 18:00:00,Direction du vent,Direction du vent,Deg,200.7
2025-12-24 18:00:00,Vitesse du vent,Vitesse du vent,m/s,0.36
2025-12-24 17:00:00,Évapotranspiration Horaire,Évapotranspiration Horaire,mm/h,1.65
2025-12-24 17:00:00,Humidité relative,Humidité relative,%,47.9
2025-12-24 17:00:00,Température,Température,°C,14.7
2025-12-24 17:00:00,Direction du vent,Direction du vent,Deg,124.5
2025-12-24 17:00:00,Vitesse du vent,Vitesse du vent,m/s,0.59
2025-12-24 17:00:00,Pression atmosphérique,Pression atmosphérique,mm/j,1006.0
2025-12-24 17:00:00,Rayonnement solaire,Rayonnement solaire,W/m²,14.0
2025-12-24 17:00:00,Point de Rosée,Point de Rosée,°C,3.8
2025-12-24 15:00:00,Évapotranspiration Horaire,Évapotranspiration Horaire,mm/h,1.65
2025-12-24 15:00:00,Pression atmosphérique,Pression atmosphérique,mm/j,1005.8
2025-12-24 15:00:00,Température,Température,°C,16.8
2025-12-24 15:00:00,Rayonnement solaire,Rayonnement solaire,W/m²,279.0
2025-12-24 15:00:00,Direction du vent,Direction du vent,Deg,224.6
2025-12-24 15:00:00,Humidité relative,Humidité relative,%,40.3
2025-12-24 15:00:00,Vitesse du vent,Vitesse du vent,m/s,3.98
2025-12-24 15:00:00,Point de Rosée,Point de Rosée,°C,3.2
2025-12-24 14:00:00,Humidité relative,Humidité relative,%,44.5
2025-12-24 14:00:00,Évapotranspiration Horaire,Évapotranspiration Horaire,mm/h,1.65
2025-12-24 14:00:00,Pression atmosphérique,Pression atmosphérique,mm/j,1005.9
2025-12-24 14:00:00,Rayonnement solaire,Rayonnement solaire,W/m²,392.0
2025-12-24 14:00:00,Point de Rosée,Point de Rosée,°C,4.3
2025-12-24 14:00:00,Température,Température,°C,16.4
2025-12-24 14:00:00,Direction du vent,Direction du vent,Deg,195.6
2025-12-24 14:00:00,Vitesse du vent,Vitesse du vent,m/s,0.31
2025-12-24 13:00:00,Évapotranspiration Horaire,Évapotranspiration Horaire,mm/h,1.65
2025-12-24 13:00:00,Humidité relative,Humidité relative,%,44.9
2025-12-24 13:00:00,Température,Température,°C,15.4
2025-12-24 13:00:00,Direction du vent,Direction du vent,Deg,153.1
2025-12-24 13:00:00,Vitesse du vent,Vitesse du vent,m/s,1.35
2025-12-24 13:00:00,Pression atmosphérique,Pression atmosphérique,mm/j,1006.4
2025-12-24 13:00:00,Rayonnement solaire,Rayonnement solaire,W/m²,459.0
2025-12-24 13:00:00,Point de Rosée,Point de Rosée,°C,3.5
2025-12-24 12:00:00,Évapotranspiration Horaire,Évapotranspiration Horaire,mm/h,1.65
2025-12-24 12:00:00,Pression atmosphérique,Pression atmosphérique,mm/j,1007.3
2025-12-24 12:00:00,Rayonnement solaire,Rayonnement solaire,W/m²,487.0
2025-12-24 12:00:00,Point de Rosée,Point de Rosée,°C,4.0
2025-12-24 12:00:00,Humidité relative,Humidité relative,%,51.0
2025-12-24 12:00:00,Température,Température,°C,14.0
2025-12-24 12:00:00,Vitesse du vent,Vitesse du vent,m/s,2.29
2025-12-24 12:00:00,Direction du vent,Direction du vent,Deg,205.2
2025-12-24 11:00:00,Vitesse du vent,Vitesse du vent,m/s,2.39
2025-12-24 11:00:00,Évapotranspiration Horaire,Évapotranspiration Horaire,mm/h,1.65
2025-12-24 11:00:00,Humidité relative,Humidité relative,%,51.1
2025-12-24 11:00:00,Pression atmosphérique,Pression atmosphérique,mm/j,1007.9
2025-12-24 11:00:00,Direction du vent,Direction du vent,Deg,207.0
2025-12-24 11:00:00,Rayonnement solaire,Rayonnement solaire,W/m²,431.0
2025-12-24 11:00:00,Température,Température,°C,13.3
2025-12-24 11:00:00,Point de Rosée,Point de Rosée,°C,3.4
2025-12-24 10:00:00,Humidité relative,Humidité relative,%,56.8
2025-12-24 10:00:00,Évapotranspiration Horaire,Évapotranspiration Horaire,mm/h,1.65
2025-12-24 10:00:00,Pression atmosphérique,Pression atmosphérique,mm/j,1008.7
2025-12-24 10:00:00,Rayonnement solaire,Rayonnement solaire,W/m²,268.0
2025-12-24 10:00:00,Point de Rosée,Point de Rosée,°C,3.3
2025-12-24 10:00:00,Température,Température,°C,11.6
2025-12-24 10:00:00,Direction du vent,Direction du vent,Deg,189.7
2025-12-24 10:00:00,Vitesse du vent,Vitesse du vent,m/s,2.58
2025-12-24 09:00:00,Évapotranspiration Horaire,Évapotranspiration Horaire,mm/h,1.65
2025-12-24 09:00:00,Humidité relative,Humidité relative,%,67.2
2025-12-24 09:00:00,Point de Rosée,Point de Rosée,°C,3.2
2025-12-24 09:00:00,Température,Température,°C,9.0
2025-12-24 09:00:00,Rayonnement solaire,Rayonnement solaire,W/m²,199.0
2025-12-24 09:00:00,Direction du vent,Direction du vent,Deg,231.3
2025-12-24 09:00:00,Pression atmosphérique,Pression atmosphérique,mm/j,1008.3
2025-12-24 09:00:00,Vitesse du vent,Vitesse du vent,m/s,0.84
2025-12-24 08:00:00,Humidité relative,Humidité relative,%,69.5
2025-12-24 08:00:00,Évapotranspiration Horaire,Évapotranspiration Horaire,mm/h,1.65
2025-12-24 08:00:00,Pression atmosphérique,Pression atmosphérique,mm/j,1008.0
2025-12-24 08:00:00,Rayonnement solaire,Rayonnement solaire,W/m²,21.0
2025-12-24 08:00:00,Point de Rosée,Point de Rosée,°C,2.4
2025-12-24 08:00:00,Température,Température,°C,7.6
2025-12-24 08:00:00,Direction du vent,Direction du vent,Deg,192.7
2025-12-24 08:00:00,Vitesse du vent,Vitesse du vent,m/s,1.72
2025-12-24 07:00:00,Évapotranspiration Horaire,Évapotranspiration Horaire,mm/h,1.65
2025-12-24 07:00:00,Humidité relative,Humidité relative,%,69.4
2025-12-24 07:00:00,Température,Température,°C,7.5
2025-12-24 07:00:00,Direction du vent,Direction du vent,Deg,220.8
2025-12-24 07:00:00,Vitesse du vent,Vitesse du vent,m/s,1.69
2025-12-24 07:00:00,Pression atmosphérique,Pression atmosphérique,mm/j,1007.3
2025-12-24 07:00:00,Rayonnement solaire,Rayonnement solaire,W/m²,0.0
2025-12-24 07:00:00,Point de Rosée,Point de Rosée,°C,2.2
2025-12-24 05:00:00,Évapotranspiration Horaire,Évapotranspiration Horaire,mm/h,1.65
2025-12-24 05:00:00,Pression atmosphérique,Pression atmosphérique,mm/j,1007.2
2025-12-24 05:00:00,Température,Température,°C,6.9
2025-12-24 05:00:00,Rayonnement solaire,Rayonnement solaire,W/m²,0.0
2025-12-24 05:00:00,Direction du vent,Direction du vent,Deg,253.3
2025-12-24 05:00:00,Humidité relative,Humidité relative,%,75.5
2025-12-24 05:00:00,Vitesse du vent,Vitesse du vent,m/s,2.3
2025-12-24 05:00:00,Point de Rosée,Point de Rosée,°C,2.9
2025-12-24 03:00:00,Évapotranspiration Horaire,Évapotranspiration Horaire,mm/h,1.65
2025-12-24 03:00:00,Pression atmosphérique,Pression atmosphérique,mm/j,1008.0
2025-12-24 03:00:00,Rayonnement solaire,Rayonnement solaire,W/m²,0.0
2025-12-24 03:00:00,Point de Rosée,Point de Rosée,°C,3.0
2025-12-24 03:00:00,Humidité relative,Humidité relative,%,72.0
2025-12-24 03:00:00,Température,Température,°C,7.8
2025-12-24 03:00:00,Direction du vent,Direction du vent,Deg,181.3
2025-12-24 03:00:00,Vitesse du vent,Vitesse du vent,m/s,0.24
2025-12-24 01:00:00,Pression atmosphérique,Pression atmosphérique,mm/j,1007.8
2025-12-24 01:00:00,Évapotranspiration Horaire,Évapotranspiration Horaire,mm/h,1.65
2025-12-24 01:00:00,Rayonnement solaire,Rayonnement solaire,W/m²,0.0
2025-12-24 01:00:00,Point de Rosée,Point de Rosée,°C,4.0
2025-12-24 01:00:00,Humidité relative,Humidité relative,%,78.1
2025-12-24 01:00:00,Température,Température,°C,7.5
2025-12-24 01:00:00,Direction du vent,Direction du vent,Deg,173.0
2025-12-24 01:00:00,Vitesse du vent,Vitesse du vent,m/s,0.62
2025-12-24 00:00:00,Rayonnement solaire,Rayonnement solaire,W/m²,0.0
2025-12-24 00:00:00,Évapotranspiration Horaire,Évapotranspiration Horaire,mm/h,1.74
2025-12-24 00:00:00,Pression atmosphérique,Pression atmosphérique,mm/j,1008.1
2025-12-24 00:00:00,Point de Rosée,Point de Rosée,°C,4.3
2025-12-24 00:00:00,Humidité relative,Humidité relative,%,77.3
2025-12-24 00:00:00,Température,Température,°C,8.1
2025-12-24 00:00:00,Direction du vent,Direction du vent,Deg,212.4
2025-12-24 00:00:00,Vitesse du vent,Vitesse du vent,m/s,3.57
2025-12-23 23:00:00,Vitesse du vent,Vitesse du vent,m/s,1.79
2025-12-23 23:00:00,Humidité relative,Humidité relative,%,73.9
2025-12-23 23:00:00,Direction du vent,Direction du vent,Deg,215.0
2025-12-23 23:00:00,Pression atmosphérique,Pression atmosphérique,mm/j,1008.2
2025-12-23 23:00:00,Évapotranspiration Horaire,Évapotranspiration Horaire,mm/h,1.74
2025-12-23 23:00:00,Rayonnement solaire,Rayonnement solaire,W/m²,0.0
2025-12-23 23:00:00,Température,Température,°C,8.8
2025-12-23 23:00:00,Point de Rosée,Point de Rosée,°C,4.4
2025-12-23 22:00:00,Humidité relative,Humidité relative,%,70.0
2025-12-23 22:00:00,Évapotranspiration Horaire,Évapotranspiration Horaire,mm/h,1.74
2025-12-23 22:00:00,Pression atmosphérique,Pression atmosphérique,mm/j,1008.5
2025-12-23 22:00:00,Rayonnement solaire,Rayonnement solaire,W/m²,0.0
2025-12-23 22:00:00,Point de Rosée,Point de Rosée,°C,4.5
2025-12-23 22:00:00,Température,Température,°C,9.7
2025-12-23 22:00:00,Direction du vent,Direction du vent,Deg,217.0
2025-12-23 22:00:00,Vitesse du vent,Vitesse du vent,m/s,0.83
2025-12-23 21:00:00,Rayonnement solaire,Rayonnement solaire,W/m²,0.0
2025-12-23 21:00:00,Humidité relative,Humidité relative,%,66.3
2025-12-23 21:00:00,Température,Température,°C,10.3
2025-12-23 21:00:00,Direction du vent,Direction du vent,Deg,198.9
2025-12-23 21:00:00,Point de Rosée,Point de Rosée,°C,4.3
2025-12-23 21:00:00,Pression atmosphérique,Pression atmosphérique,mm/j,1008.3
2025-12-23 21:00:00,Évapotranspiration Horaire,Évapotranspiration Horaire,mm/h,1.74
2025-12-23 21:00:00,Vitesse du vent,Vitesse du vent,m/s,1.27
2025-12-23 20:00:00,Humidité relative,Humidité relative,%,68.7
2025-12-23 20:00:00,Évapotranspiration Horaire,Évapotranspiration Horaire,mm/h,1.74
2025-12-23 20:00:00,Pression atmosphérique,Pression atmosphérique,mm/j,1008.2
2025-12-23 20:00:00,Rayonnement solaire,Rayonnement solaire,W/m²,0.0
2025-12-23 20:00:00,Point de Rosée,Point de Rosée,°C,4.9
2025-12-23 20:00:00,Température,Température,°C,10.4
2025-12-23 20:00:00,Direction du vent,Direction du vent,Deg,184.2
2025-12-23 20:00:00,Vitesse du vent,Vitesse du vent,m/s,1.13
2025-12-23 19:00:00,Humidité relative,Humidité relative,%,72.5
2025-12-23 19:00:00,Évapotranspiration Horaire,Évapotranspiration Horaire,mm/h,1.74
2025-12-23 19:00:00,Direction du vent,Direction du vent,Deg,195.8
2025-12-23 19:00:00,Pression atmosphérique,Pression atmosphérique,mm/j,1008.0
2025-12-23 19:00:00,Température,Température,°C,9.6
2025-12-23 19:00:00,Rayonnement solaire,Rayonnement solaire,W/m²,0.0
2025-12-23 19:00:00,Vitesse du vent,Vitesse du vent,m/s,0.31
2025-12-23 19:00:00,Point de Rosée,Point de Rosée,°C,4.9
2025-12-23 18:00:00,Évapotranspiration Horaire,Évapotranspiration Horaire,mm/h,1.74
2025-12-23 18:00:00,Direction du vent,Direction du vent,Deg,189.3
2025-12-23 18:00:00,Point de Rosée,Point de Rosée,°C,4.8
2025-12-23 18:00:00,Température,Température,°C,10.4
2025-12-23 18:00:00,Humidité relative,Humidité relative,%,68.1
2025-12-23 18:00:00,Pression atmosphérique,Pression atmosphérique,mm/j,1007.9
2025-12-23 18:00:00,Vitesse du vent,Vitesse du vent,m/s,0.47
2025-12-23 18:00:00,Rayonnement solaire,Rayonnement solaire,W/m²,0.0
2025-12-23 17:00:00,Pression atmosphérique,Pression atmosphérique,mm/j,1007.6
2025-12-23 17:00:00,Évapotranspiration Horaire,Évapotranspiration Horaire,mm/h,1.74
2025-12-23 17:00:00,Rayonnement solaire,Rayonnement solaire,W/m²,6.0
2025-12-23 17:00:00,Point de Rosée,Point de Rosée,°C,3.2
2025-12-23 17:00:00,Humidité relative,Humidité relative,%,48.2
2025-12-23 17:00:00,Température,Température,°C,14.0
2025-12-23 17:00:00,Direction du vent,Direction du vent,Deg,184.9
2025-12-23 17:00:00,Vitesse du vent,Vitesse du vent,m/s,0.44
2025-12-23 15:00:00,Pression atmosphérique,Pression atmosphérique,mm/j,1006.9
2025-12-23 15:00:00,Évapotranspiration Horaire,Évapotranspiration Horaire,mm/h,1.74
2025-12-23 15:00:00,Rayonnement solaire,Rayonnement solaire,W/m²,281.0
2025-12-23 15:00:00,Point de Rosée,Point de Rosée,°C,4.0
2025-12-23 15:00:00,Humidité relative,Humidité relative,%,46.1
2025-12-23 15:00:00,Température,Température,°C,15.6
2025-12-23 15:00:00,Direction du vent,Direction du vent,Deg,254.1
2025-12-23 15:00:00,Vitesse du vent,Vitesse du vent,m/s,1.51
2025-12-23 14:00:00,Humidité relative,Humidité relative,%,46.8
2025-12-23 14:00:00,Évapotranspiration Horaire,Évapotranspiration Horaire,mm/h,1.74
2025-12-23 14:00:00,Pression atmosphérique,Pression atmosphérique,mm/j,1006.9
2025-12-23 14:00:00,Rayonnement solaire,Rayonnement solaire,W/m²,398.0
2025-12-23 14:00:00,Point de Rosée,Point de Rosée,°C,3.8
2025-12-23 14:00:00,Température,Température,°C,15.1
2025-12-23 14:00:00,Direction du vent,Direction du vent,Deg,250.0
2025-12-23 14:00:00,Vitesse du vent,Vitesse du vent,m/s,1.69
2025-12-23 13:00:00,Évapotranspiration Horaire,Évapotranspiration Horaire,mm/h,1.74
2025-12-23 13:00:00,Humidité relative,Humidité relative,%,54.7
2025-12-23 13:00:00,Température,Température,°C,14.2
2025-12-23 13:00:00,Direction du vent,Direction du vent,Deg,300.2
2025-12-23 13:00:00,Vitesse du vent,Vitesse du vent,m/s,1.21
2025-12-23 13:00:00,Pression atmosphérique,Pression atmosphérique,mm/j,1006.8
2025-12-23 13:00:00,Rayonnement solaire,Rayonnement solaire,W/m²,461.0
2025-12-23 13:00:00,Point de Rosée,Point de Rosée,°C,5.2
2025-12-23 11:00:00,Évapotranspiration Horaire,Évapotranspiration Horaire,mm/h,1.74
2025-12-23 11:00:00,Pression atmosphérique,Pression atmosphérique,mm/j,1008.5
2025-12-23 11:00:00,Humidité relative,Humidité relative,%,71.7
2025-12-23 11:00:00,Rayonnement solaire,Rayonnement solaire,W/m²,419.0
2025-12-23 11:00:00,Point de Rosée,Point de Rosée,°C,7.1
2025-12-23 11:00:00,Vitesse du vent,Vitesse du vent,m/s,1.48
2025-12-23 11:00:00,Direction du vent,Direction du vent,Deg,216.9
2025-12-23 11:00:00,Température,Température,°C,12.1
2025-12-23 10:00:00,Direction du vent,Direction du vent,Deg,217.9
2025-12-23 10:00:00,Évapotranspiration Horaire,Évapotranspiration Horaire,mm/h,1.74
2025-12-23 10:00:00,Pression atmosphérique,Pression atmosphérique,mm/j,1009.1
2025-12-23 10:00:00,Rayonnement solaire,Rayonnement solaire,W/m²,342.0
2025-12-23 10:00:00,Point de Rosée,Point de Rosée,°C,8.1
2025-12-23 10:00:00,Humidité relative,Humidité relative,%,85.3
2025-12-23 10:00:00,Température,Température,°C,10.5
2025-12-23 10:00:00,Vitesse du vent,Vitesse du vent,m/s,1.57
2025-12-23 09:00:00,Température,Température,°C,8.8
2025-12-23 09:00:00,Évapotranspiration Horaire,Évapotranspiration Horaire,mm/h,1.74
2025-12-23 09:00:00,Rayonnement solaire,Rayonnement solaire,W/m²,52.0
2025-12-23 09:00:00,Point de Rosée,Point de Rosée,°C,8.0
2025-12-23 09:00:00,Direction du vent,Direction du vent,Deg,209.0
2025-12-23 09:00:00,Humidité relative,Humidité relative,%,95.3
2025-12-23 09:00:00,Pression atmosphérique,Pression atmosphérique,mm/j,1008.8
2025-12-23 09:00:00,Vitesse du vent,Vitesse du vent,m/s,1.14
2025-12-23 07:00:00,Évapotranspiration Horaire,Évapotranspiration Horaire,mm/h,1.74
2025-12-23 07:00:00,Pression atmosphérique,Pression atmosphérique,mm/j,1008.6
2025-12-23 07:00:00,Rayonnement solaire,Rayonnement solaire,W/m²,0.0
2025-12-23 07:00:00,Point de Rosée,Point de Rosée,°C,7.1
2025-12-23 07:00:00,Humidité relative,Humidité relative,%,90.3
2025-12-23 07:00:00,Température,Température,°C,8.6
2025-12-23 07:00:00,Direction du vent,Direction du vent,Deg,324.4
2025-12-23 07:00:00,Vitesse du vent,Vitesse du vent,m/s,1.1
2025-12-23 05:00:00,Évapotranspiration Horaire,Évapotranspiration Horaire,mm/h,1.74
2025-12-23 05:00:00,Pression atmosphérique,Pression atmosphérique,mm/j,1007.4
2025-12-23 05:00:00,Rayonnement solaire,Rayonnement solaire,W/m²,0.0
2025-12-23 05:00:00,Point de Rosée,Point de Rosée,°C,6.6
2025-12-23 05:00:00,Humidité relative,Humidité relative,%,77.2
2025-12-23 05:00:00,Température,Température,°C,10.4
2025-12-23 05:00:00,Direction du vent,Direction du vent,Deg,185.0
2025-12-23 05:00:00,Vitesse du vent,Vitesse du vent,m/s,0.44
2025-12-23 03:00:00,Évapotranspiration Horaire,Évapotranspiration Horaire,mm/h,1.74
2025-12-23 03:00:00,Pression atmosphérique,Pression atmosphérique,mm/j,1007.5
2025-12-23 03:00:00,Rayonnement solaire,Rayonnement solaire,W/m²,0.0
2025-12-23 03:00:00,Point de Rosée,Point de Rosée,°C,7.6
2025-12-23 03:00:00,Humidité relative,Humidité relative,%,81.9
2025-12-23 03:00:00,Température,Température,°C,10.6
2025-12-23 03:00:00,Direction du vent,Direction du vent,Deg,201.5
2025-12-23 03:00:00,Vitesse du vent,Vitesse du vent,m/s,1.01
2025-12-23 02:00:00,Direction du vent,Direction du vent,Deg,215.9
2025-12-23 02:00:00,Évapotranspiration Horaire,Évapotranspiration Horaire,mm/h,1.74
2025-12-23 02:00:00,Pression atmosphérique,Pression atmosphérique,mm/j,1007.8
2025-12-23 02:00:00,Rayonnement solaire,Rayonnement solaire,W/m²,0.0
2025-12-23 02:00:00,Point de Rosée,Point de Rosée,°C,7.4
2025-12-23 02:00:00,Humidité relative,Humidité relative,%,76.9
2025-12-23 02:00:00,Température,Température,°C,11.3
2025-12-23 02:00:00,Vitesse du vent,Vitesse du vent,m/s,0.63
2025-12-23 01:00:00,Vitesse du vent,Vitesse du vent,m/s,0.51
2025-12-23 01:00:00,Rayonnement solaire,Rayonnement solaire,W/m²,0.0
2025-12-23 01:00:00,Humidité relative,Humidité relative,%,77.4
2025-12-23 01:00:00,Évapotranspiration Horaire,Évapotranspiration Horaire,mm/h,1.74
2025-12-23 01:00:00,Point de Rosée,Point de Rosée,°C,7.2
2025-12-23 01:00:00,Direction du vent,Direction du vent,Deg,245.8
2025-12-23 01:00:00,Température,Température,°C,11.0
2025-12-23 01:00:00,Pression atmosphérique,Pression atmosphérique,mm/j,1007.7
2025-12-23 00:00:00,Point de Rosée,Point de Rosée,°C,7.0
2025-12-23 00:00:00,Humidité relative,Humidité relative,%,72.4
2025-12-23 00:00:00,Température,Température,°C,11.8
2025-12-23 00:00:00,Direction du vent,Direction du vent,Deg,198.6
2025-12-23 00:00:00,Évapotranspiration Horaire,Évapotranspiration Horaire,mm/h,1.35
2025-12-23 00:00:00,Pression atmosphérique,Pression atmosphérique,mm/j,1007.6
2025-12-23 00:00:00,Rayonnement solaire,Rayonnement solaire,W/m²,0.0
2025-12-23 00:00:00,Vitesse du vent,Vitesse du vent,m/s,1.96
2025-12-22 23:00:00,Point de Rosée,Point de Rosée,°C,7.4
2025-12-22 23:00:00,Évapotranspiration Horaire,Évapotranspiration Horaire,mm/h,1.35
2025-12-22 23:00:00,Pression atmosphérique,Pression atmosphérique,mm/j,1007.5
2025-12-22 23:00:00,Rayonnement solaire,Rayonnement solaire,W/m²,0.0
2025-12-22 23:00:00,Humidité relative,Humidité relative,%,74.7
2025-12-22 23:00:00,Température,Température,°C,11.8
2025-12-22 23:00:00,Direction du vent,Direction du vent,Deg,180.0
2025-12-22 23:00:00,Vitesse du vent,Vitesse du vent,m/s,1.54
2025-12-22 22:00:00,Humidité relative,Humidité relative,%,72.6
2025-12-22 22:00:00,Évapotranspiration Horaire,Évapotranspiration Horaire,mm/h,1.35
2025-12-22 22:00:00,Direction du vent,Direction du vent,Deg,177.0
2025-12-22 22:00:00,Point de Rosée,Point de Rosée,°C,7.5
2025-12-22 22:00:00,Pression atmosphérique,Pression atmosphérique,mm/j,1007.6
2025-12-22 22:00:00,Vitesse du vent,Vitesse du vent,m/s,0.84
2025-12-22 22:00:00,Température,Température,°C,12.3
2025-12-22 22:00:00,Rayonnement solaire,Rayonnement solaire,W/m²,0.0
2025-12-22 21:00:00,Point de Rosée,Point de Rosée,°C,7.6
2025-12-22 21:00:00,Évapotranspiration Horaire,Évapotranspiration Horaire,mm/h,1.35
2025-12-22 21:00:00,Pression atmosphérique,Pression atmosphérique,mm/j,1007.4
2025-12-22 21:00:00,Rayonnement solaire,Rayonnement solaire,W/m²,0.0
2025-12-22 21:00:00,Humidité relative,Humidité relative,%,69.6
2025-12-22 21:00:00,Température,Température,°C,13.0
2025-12-22 21:00:00,Direction du vent,Direction du vent,Deg,188.5
2025-12-22 21:00:00,Vitesse du vent,Vitesse du vent,m/s,2.15
2025-12-22 19:00:00,Point de Rosée,Point de Rosée,°C,7.9
2025-12-22 19:00:00,Humidité relative,Humidité relative,%,65.1
2025-12-22 19:00:00,Température,Température,°C,14.4
2025-12-22 19:00:00,Direction du vent,Direction du vent,Deg,236.4
2025-12-22 19:00:00,Vitesse du vent,Vitesse du vent,m/s,1.41
2025-12-22 19:00:00,Évapotranspiration Horaire,Évapotranspiration Horaire,mm/h,1.35
2025-12-22 19:00:00,Pression atmosphérique,Pression atmosphérique,mm/j,1007.0
2025-12-22 19:00:00,Rayonnement solaire,Rayonnement solaire,W/m²,0.0
2025-12-22 18:00:00,Point de Rosée,Point de Rosée,°C,8.9
2025-12-22 18:00:00,Humidité relative,Humidité relative,%,66.8
2025-12-22 18:00:00,Évapotranspiration Horaire,Évapotranspiration Horaire,mm/h,1.35
2025-12-22 18:00:00,Température,Température,°C,15.0
2025-12-22 18:00:00,Rayonnement solaire,Rayonnement solaire,W/m²,0.0
2025-12-22 18:00:00,Direction du vent,Direction du vent,Deg,157.2
2025-12-22 18:00:00,Pression atmosphérique,Pression atmosphérique,mm/j,1006.5
2025-12-22 18:00:00,Vitesse du vent,Vitesse du vent,m/s,1.16
2025-12-22 17:00:00,Pression atmosphérique,Pression atmosphérique,mm/j,1006.3
2025-12-22 17:00:00,Évapotranspiration Horaire,Évapotranspiration Horaire,mm/h,1.35
2025-12-22 17:00:00,Vitesse du vent,Vitesse du vent,m/s,0.78
2025-12-22 17:00:00,Rayonnement solaire,Rayonnement solaire,W/m²,5.0
2025-12-22 17:00:00,Point de Rosée,Point de Rosée,°C,9.1
2025-12-22 17:00:00,Humidité relative,Humidité relative,%,64.7
2025-12-22 17:00:00,Température,Température,°C,15.8
2025-12-22 17:00:00,Direction du vent,Direction du vent,Deg,152.0
2025-12-22 15:00:00,Vitesse du vent,Vitesse du vent,m/s,1.29
2025-12-22 15:00:00,Évapotranspiration Horaire,Évapotranspiration Horaire,mm/h,1.35
2025-12-22 15:00:00,Pression atmosphérique,Pression atmosphérique,mm/j,1006.5
2025-12-22 15:00:00,Rayonnement solaire,Rayonnement solaire,W/m²,142.0
2025-12-22 15:00:00,Point de Rosée,Point de Rosée,°C,9.0
2025-12-22 15:00:00,Humidité relative,Humidité relative,%,55.6
2025-12-22 15:00:00,Température,Température,°C,18.0
2025-12-22 15:00:00,Direction du vent,Direction du vent,Deg,184.5
2025-12-22 14:00:00,Évapotranspiration Horaire,Évapotranspiration Horaire,mm/h,1.35
2025-12-22 14:00:00,Humidité relative,Humidité relative,%,48.9
2025-12-22 14:00:00,Rayonnement solaire,Rayonnement solaire,W/m²,271.0
2025-12-22 14:00:00,Température,Température,°C,18.6
2025-12-22 14:00:00,Pression atmosphérique,Pression atmosphérique,mm/j,1006.3
2025-12-22 14:00:00,Direction du vent,Direction du vent,Deg,196.2
2025-12-22 14:00:00,Point de Rosée,Point de Rosée,°C,7.7
2025-12-22 14:00:00,Vitesse du vent,Vitesse du vent,m/s,3.25
2025-12-22 13:00:00,Point de Rosée,Point de Rosée,°C,8.4
2025-12-22 13:00:00,Évapotranspiration Horaire,Évapotranspiration Horaire,mm/h,1.35
2025-12-22 13:00:00,Pression atmosphérique,Pression atmosphérique,mm/j,1006.9
2025-12-22 13:00:00,Rayonnement solaire,Rayonnement solaire,W/m²,304.0
2025-12-22 13:00:00,Vitesse du vent,Vitesse du vent,m/s,1.3
2025-12-22 13:00:00,Humidité relative,Humidité relative,%,53.4
2025-12-22 13:00:00,Température,Température,°C,18.0
2025-12-22 13:00:00,Direction du vent,Direction du vent,Deg,193.9
2025-12-22 12:00:00,Vitesse du vent,Vitesse du vent,m/s,0.32
2025-12-22 12:00:00,Évapotranspiration Horaire,Évapotranspiration Horaire,mm/h,1.35
2025-12-22 12:00:00,Pression atmosphérique,Pression atmosphérique,mm/j,1007.6
2025-12-22 12:00:00,Rayonnement solaire,Rayonnement solaire,W/m²,352.0
2025-12-22 12:00:00,Point de Rosée,Point de Rosée,°C,9.8
2025-12-22 12:00:00,Humidité relative,Humidité relative,%,62.3
2025-12-22 12:00:00,Température,Température,°C,17.1
2025-12-22 12:00:00,Direction du vent,Direction du vent,Deg,162.8
2025-12-22 11:00:00,Point de Rosée,Point de Rosée,°C,10.0
2025-12-22 11:00:00,Vitesse du vent,Vitesse du vent,m/s,1.4
2025-12-22 11:00:00,Évapotranspiration Horaire,Évapotranspiration Horaire,mm/h,1.35
2025-12-22 11:00:00,Humidité relative,Humidité relative,%,70.0
2025-12-22 11:00:00,Pression atmosphérique,Pression atmosphérique,mm/j,1008.3
2025-12-22 11:00:00,Direction du vent,Direction du vent,Deg,267.8
2025-12-22 11:00:00,Rayonnement solaire,Rayonnement solaire,W/m²,368.0
2025-12-22 11:00:00,Température,Température,°C,15.5
2025-12-22 09:00:00,Vitesse du vent,Vitesse du vent,m/s,1.75
2025-12-22 09:00:00,Évapotranspiration Horaire,Évapotranspiration Horaire,mm/h,1.35
2025-12-22 09:00:00,Pression atmosphérique,Pression atmosphérique,mm/j,1008.3
2025-12-22 09:00:00,Rayonnement solaire,Rayonnement solaire,W/m²,208.0
2025-12-22 09:00:00,Point de Rosée,Point de Rosée,°C,10.0
2025-12-22 09:00:00,Humidité relative,Humidité relative,%,86.2
2025-12-22 09:00:00,Température,Température,°C,12.2
2025-12-22 09:00:00,Direction du vent,Direction du vent,Deg,239.6
2025-12-22 08:00:00,Rayonnement solaire,Rayonnement solaire,W/m²,22.0
2025-12-22 08:00:00,Point de Rosée,Point de Rosée,°C,9.9
2025-12-22 08:00:00,Humidité relative,Humidité relative,%,93.1
2025-12-22 08:00:00,Pression atmosphérique,Pression atmosphérique,mm/j,1007.8
2025-12-22 08:00:00,Température,Température,°C,11.0
2025-12-22 08:00:00,Évapotranspiration Horaire,Évapotranspiration Horaire,mm/h,1.35
2025-12-22 08:00:00,Direction du vent,Direction du vent,Deg,126.2
2025-12-22 08:00:00,Vitesse du vent,Vitesse du vent,m/s,0.48
2025-12-22 07:00:00,Direction du vent,Direction du vent,Deg,223.1
2025-12-22 07:00:00,Vitesse du vent,Vitesse du vent,m/s,2.57
2025-12-22 07:00:00,Rayonnement solaire,Rayonnement solaire,W/m²,0.0
2025-12-22 07:00:00,Pression atmosphérique,Pression atmosphérique,mm/j,1008.0
2025-12-22 07:00:00,Évapotranspiration Horaire,Évapotranspiration Horaire,mm/h,1.35
2025-12-22 07:00:00,Point de Rosée,Point de Rosée,°C,10.0
2025-12-22 07:00:00,Humidité relative,Humidité relative,%,90.9
2025-12-22 07:00:00,Température,Température,°C,11.5
2025-12-22 06:00:00,Évapotranspiration Horaire,Évapotranspiration Horaire,mm/h,1.35
2025-12-22 06:00:00,Rayonnement solaire,Rayonnement solaire,W/m²,0.0
2025-12-22 06:00:00,Point de Rosée,Point de Rosée,°C,10.6
2025-12-22 06:00:00,Pression atmosphérique,Pression atmosphérique,mm/j,1007.8
2025-12-22 06:00:00,Humidité relative,Humidité relative,%,92.2
2025-12-22 06:00:00,Température,Température,°C,11.8
2025-12-22 06:00:00,Direction du vent,Direction du vent,Deg,235.7
2025-12-22 06:00:00,Vitesse du vent,Vitesse du vent,m/s,2.35
2025-12-22 05:00:00,Humidité relative,Humidité relative,%,91.8
2025-12-22 05:00:00,Direction du vent,Direction du vent,Deg,226.7
2025-12-22 05:00:00,Température,Température,°C,12.1
2025-12-22 05:00:00,Pression atmosphérique,Pression atmosphérique,mm/j,1007.5
2025-12-22 05:00:00,Rayonnement solaire,Rayonnement solaire,W/m²,0.0
2025-12-22 05:00:00,Vitesse du vent,Vitesse du vent,m/s,1.88
2025-12-22 05:00:00,Évapotranspiration Horaire,Évapotranspiration Horaire,mm/h,1.35
2025-12-22 05:00:00,Point de Rosée,Point de Rosée,°C,10.8
2025-12-22 03:00:00,Évapotranspiration Horaire,Évapotranspiration Horaire,mm/h,1.35
2025-12-22 03:00:00,Température,Température,°C,11.8
2025-12-22 03:00:00,Direction du vent,Direction du vent,Deg,230.6
2025-12-22 03:00:00,Vitesse du vent,Vitesse du vent,m/s,0.75
2025-12-22 03:00:00,Humidité relative,Humidité relative,%,96.1
2025-12-22 03:00:00,Pression atmosphérique,Pression atmosphérique,mm/j,1007.9
2025-12-22 03:00:00,Rayonnement solaire,Rayonnement solaire,W/m²,0.0
2025-12-22 03:00:00,Point de Rosée,Point de Rosée,°C,11.2
2025-12-22 02:00:00,Rayonnement solaire,Rayonnement solaire,W/m²,0.0
2025-12-22 02:00:00,Évapotranspiration Horaire,Évapotranspiration Horaire,mm/h,1.35
2025-12-22 02:00:00,Pression atmosphérique,Pression atmosphérique,mm/j,1008.3
2025-12-22 02:00:00,Point de Rosée,Point de Rosée,°C,10.9
2025-12-22 02:00:00,Humidité relative,Humidité relative,%,94.4
2025-12-22 02:00:00,Température,Température,°C,11.8
2025-12-22 02:00:00,Direction du vent,Direction du vent,Deg,107.7
2025-12-22 02:00:00,Vitesse du vent,Vitesse du vent,m/s,0.24
2025-12-22 01:00:00,Humidité relative,Humidité relative,%,93.0
2025-12-22 01:00:00,Évapotranspiration Horaire,Évapotranspiration Horaire,mm/h,1.35
2025-12-22 01:00:00,Point de Rosée,Point de Rosée,°C,11.7
2025-12-22 01:00:00,Température,Température,°C,12.8
2025-12-22 01:00:00,Rayonnement solaire,Rayonnement solaire,W/m²,0.0
2025-12-22 01:00:00,Direction du vent,Direction du vent,Deg,291.8
2025-12-22 01:00:00,Pression atmosphérique,Pression atmosphérique,mm/j,1008.3
2025-12-22 01:00:00,Vitesse du vent,Vitesse du vent,m/s,0.84
2025-12-22 00:00:00,Direction du vent,Direction du vent,Deg,284.7
2025-12-22 00:00:00,Évapotranspiration Horaire,Évapotranspiration Horaire,mm/h,0.98
2025-12-22 00:00:00,Pression atmosphérique,Pression atmosphérique,mm/j,1008.8
2025-12-22 00:00:00,Rayonnement solaire,Rayonnement solaire,W/m²,0.0
2025-12-22 00:00:00,Point de Rosée,Point de Rosée,°C,11.4
2025-12-22 00:00:00,Humidité relative,Humidité relative,%,88.0
2025-12-22 00:00:00,Température,Température,°C,13.4
2025-12-22 00:00:00,Vitesse du vent,Vitesse du vent,m/s,0.76
2025-12-21 23:00:00,Évapotranspiration Horaire,Évapotranspiration Horaire,mm/h,0.98
2025-12-21 23:00:00,Humidité relative,Humidité relative,%,79.3
2025-12-21 23:00:00,Point de Rosée,Point de Rosée,°C,10.8
2025-12-21 23:00:00,Température,Température,°C,14.3
2025-12-21 23:00:00,Rayonnement solaire,Rayonnement solaire,W/m²,0.0
2025-12-21 23:00:00,Direction du vent,Direction du vent,Deg,261.0
2025-12-21 23:00:00,Pression atmosphérique,Pression atmosphérique,mm/j,1008.8
2025-12-21 23:00:00,Vitesse du vent,Vitesse du vent,m/s,0.56
2025-12-21 21:00:00,Point de Rosée,Point de Rosée,°C,11.3
2025-12-21 21:00:00,Évapotranspiration Horaire,Évapotranspiration Horaire,mm/h,0.98
2025-12-21 21:00:00,Pression atmosphérique,Pression atmosphérique,mm/j,1008.6
2025-12-21 21:00:00,Rayonnement solaire,Rayonnement solaire,W/m²,0.0
2025-12-21 21:00:00,Humidité relative,Humidité relative,%,84.5
2025-12-21 21:00:00,Température,Température,°C,13.9
2025-12-21 21:00:00,Direction du vent,Direction du vent,Deg,274.2
2025-12-21 21:00:00,Vitesse du vent,Vitesse du vent,m/s,0.76
2025-12-21 19:00:00,Vitesse du vent,Vitesse du vent,m/s,0.83
2025-12-21 19:00:00,Direction du vent,Direction du vent,Deg,264.2
2025-12-21 19:00:00,Température,Température,°C,14.1
2025-12-21 19:00:00,Rayonnement solaire,Rayonnement solaire,W/m²,0.0
2025-12-21 19:00:00,Pression atmosphérique,Pression atmosphérique,mm/j,1008.0
2025-12-21 19:00:00,Évapotranspiration Horaire,Évapotranspiration Horaire,mm/h,0.98
2025-12-21 19:00:00,Point de Rosée,Point de Rosée,°C,11.0
2025-12-21 19:00:00,Humidité relative,Humidité relative,%,82.0
2025-12-21 17:00:00,Point de Rosée,Point de Rosée,°C,11.1
2025-12-21 17:00:00,Vitesse du vent,Vitesse du vent,m/s,1.36
2025-12-21 17:00:00,Direction du vent,Direction du vent,Deg,275.0
2025-12-21 17:00:00,Température,Température,°C,15.9
2025-12-21 17:00:00,Humidité relative,Humidité relative,%,73.4
2025-12-21 17:00:00,Rayonnement solaire,Rayonnement solaire,W/m²,6.0
2025-12-21 17:00:00,Pression atmosphérique,Pression atmosphérique,mm/j,1007.0
2025-12-21 17:00:00,Évapotranspiration Horaire,Évapotranspiration Horaire,mm/h,0.98
2025-12-21 16:00:00,Humidité relative,Humidité relative,%,68.5
2025-12-21 16:00:00,Rayonnement solaire,Rayonnement solaire,W/m²,44.0
2025-12-21 16:00:00,Température,Température,°C,16.7
2025-12-21 16:00:00,Pression atmosphérique,Pression atmosphérique,mm/j,1006.9
2025-12-21 16:00:00,Direction du vent,Direction du vent,Deg,302.0
2025-12-21 16:00:00,Point de Rosée,Point de Rosée,°C,10.9
2025-12-21 16:00:00,Vitesse du vent,Vitesse du vent,m/s,0.94
2025-12-21 16:00:00,Évapotranspiration Horaire,Évapotranspiration Horaire,mm/h,0.98
2025-12-21 15:00:00,Pression atmosphérique,Pression atmosphérique,mm/j,1006.6
2025-12-21 15:00:00,Rayonnement solaire,Rayonnement solaire,W/m²,86.0
2025-12-21 15:00:00,Point de Rosée,Point de Rosée,°C,10.4
2025-12-21 15:00:00,Humidité relative,Humidité relative,%,65.2
2025-12-21 15:00:00,Température,Température,°C,17.0
2025-12-21 15:00:00,Direction du vent,Direction du vent,Deg,286.3
2025-12-21 15:00:00,Vitesse du vent,Vitesse du vent,m/s,1.21
2025-12-21 15:00:00,Évapotranspiration Horaire,Évapotranspiration Horaire,mm/h,0.98
2025-12-21 14:00:00,Évapotranspiration Horaire,Évapotranspiration Horaire,mm/h,0.98
2025-12-21 14:00:00,Humidité relative,Humidité relative,%,66.1
2025-12-21 14:00:00,Pression atmosphérique,Pression atmosphérique,mm/j,1006.5
2025-12-21 14:00:00,Direction du vent,Direction du vent,Deg,269.4
2025-12-21 14:00:00,Rayonnement solaire,Rayonnement solaire,W/m²,460.0
2025-12-21 14:00:00,Température,Température,°C,18.2
2025-12-21 14:00:00,Vitesse du vent,Vitesse du vent,m/s,2.49
2025-12-21 14:00:00,Point de Rosée,Point de Rosée,°C,11.8
2025-12-21 13:00:00,Rayonnement solaire,Rayonnement solaire,W/m²,322.0
2025-12-21 13:00:00,Évapotranspiration Horaire,Évapotranspiration Horaire,mm/h,0.98
2025-12-21 13:00:00,Pression atmosphérique,Pression atmosphérique,mm/j,1006.9
2025-12-21 13:00:00,Point de Rosée,Point de Rosée,°C,11.0
2025-12-21 13:00:00,Humidité relative,Humidité relative,%,66.2
2025-12-21 13:00:00,Température,Température,°C,17.3
2025-12-21 13:00:00,Direction du vent,Direction du vent,Deg,249.6
2025-12-21 13:00:00,Vitesse du vent,Vitesse du vent,m/s,1.38
2025-12-21 12:00:00,Pression atmosphérique,Pression atmosphérique,mm/j,1007.5
2025-12-21 12:00:00,Température,Température,°C,16.7
2025-12-21 12:00:00,Point de Rosée,Point de Rosée,°C,11.6
2025-12-21 12:00:00,Direction du vent,Direction du vent,Deg,251.1
2025-12-21 12:00:00,Rayonnement solaire,Rayonnement solaire,W/m²,312.0
2025-12-21 12:00:00,Vitesse du vent,Vitesse du vent,m/s,1.6
2025-12-21 12:00:00,Humidité relative,Humidité relative,%,71.7
2025-12-21 12:00:00,Évapotranspiration Horaire,Évapotranspiration Horaire,mm/h,0.98
2025-12-21 11:00:00,Direction du vent,Direction du vent,Deg,268.4
2025-12-21 11:00:00,Pression atmosphérique,Pression atmosphérique,mm/j,1008.0
2025-12-21 11:00:00,Rayonnement solaire,Rayonnement solaire,W/m²,340.0
2025-12-21 11:00:00,Point de Rosée,Point de Rosée,°C,11.8
2025-12-21 11:00:00,Humidité relative,Humidité relative,%,76.9
2025-12-21 11:00:00,Température,Température,°C,15.8
2025-12-21 11:00:00,Évapotranspiration Horaire,Évapotranspiration Horaire,mm/h,0.98
2025-12-21 11:00:00,Vitesse du vent,Vitesse du vent,m/s,2.75
2025-12-21 09:00:00,Pression atmosphérique,Pression atmosphérique,mm/j,1008.4
2025-12-21 09:00:00,Rayonnement solaire,Rayonnement solaire,W/m²,177.0
2025-12-21 09:00:00,Point de Rosée,Point de Rosée,°C,12.9
2025-12-21 09:00:00,Humidité relative,Humidité relative,%,99.4
2025-12-21 09:00:00,Température,Température,°C,13.0
2025-12-21 09:00:00,Direction du vent,Direction du vent,Deg,261.3
2025-12-21 09:00:00,Vitesse du vent,Vitesse du vent,m/s,1.35
2025-12-21 09:00:00,Évapotranspiration Horaire,Évapotranspiration Horaire,mm/h,0.98
2025-12-21 07:00:00,Évapotranspiration Horaire,Évapotranspiration Horaire,mm/h,0.98
2025-12-21 07:00:00,Vitesse du vent,Vitesse du vent,m/s,0.26
2025-12-21 07:00:00,Direction du vent,Direction du vent,Deg,256.2
2025-12-21 07:00:00,Température,Température,°C,10.4
2025-12-21 07:00:00,Humidité relative,Humidité relative,%,100.0
2025-12-21 07:00:00,Point de Rosée,Point de Rosée,°C,10.4
2025-12-21 07:00:00,Rayonnement solaire,Rayonnement solaire,W/m²,1.0
2025-12-21 07:00:00,Pression atmosphérique,Pression atmosphérique,mm/j,1008.2
2025-12-21 05:00:00,Évapotranspiration Horaire,Évapotranspiration Horaire,mm/h,0.98
2025-12-21 05:00:00,Pression atmosphérique,Pression atmosphérique,mm/j,1008.0
2025-12-21 05:00:00,Rayonnement solaire,Rayonnement solaire,W/m²,0.0
2025-12-21 05:00:00,Point de Rosée,Point de Rosée,°C,10.6
2025-12-21 05:00:00,Humidité relative,Humidité relative,%,100.0
2025-12-21 05:00:00,Température,Température,°C,10.6
2025-12-21 05:00:00,Direction du vent,Direction du vent,Deg,217.7
2025-12-21 05:00:00,Vitesse du vent,Vitesse du vent,m/s,0.52
2025-12-21 03:00:00,Évapotranspiration Horaire,Évapotranspiration Horaire,mm/h,0.98
2025-12-21 03:00:00,Pression atmosphérique,Pression atmosphérique,mm/j,1008.9
2025-12-21 03:00:00,Rayonnement solaire,Rayonnement solaire,W/m²,0.0
2025-12-21 03:00:00,Point de Rosée,Point de Rosée,°C,11.9
2025-12-21 03:00:00,Humidité relative,Humidité relative,%,100.0
2025-12-21 03:00:00,Température,Température,°C,11.9
2025-12-21 03:00:00,Direction du vent,Direction du vent,Deg,299.6
2025-12-21 03:00:00,Vitesse du vent,Vitesse du vent,m/s,1.54
2025-12-21 02:00:00,Vitesse du vent,Vitesse du vent,m/s,0.87
2025-12-21 02:00:00,Évapotranspiration Horaire,Évapotranspiration Horaire,mm/h,0.98
2025-12-21 02:00:00,Pression atmosphérique,Pression atmosphérique,mm/j,1008.8
2025-12-21 02:00:00,Rayonnement solaire,Rayonnement solaire,W/m²,0.0
2025-12-21 02:00:00,Point de Rosée,Point de Rosée,°C,12.0
2025-12-21 02:00:00,Humidité relative,Humidité relative,%,100.0
2025-12-21 02:00:00,Température,Température,°C,12.0
2025-12-21 02:00:00,Direction du vent,Direction du vent,Deg,244.4
2025-12-21 01:00:00,Humidité relative,Humidité relative,%,99.5
2025-12-21 01:00:00,Rayonnement solaire,Rayonnement solaire,W/m²,0.0
2025-12-21 01:00:00,Température,Température,°C,12.3
2025-12-21 01:00:00,Pression atmosphérique,Pression atmosphérique,mm/j,1009.2
2025-12-21 01:00:00,Point de Rosée,Point de Rosée,°C,12.2
2025-12-21 01:00:00,Direction du vent,Direction du vent,Deg,263.8
2025-12-21 01:00:00,Évapotranspiration Horaire,Évapotranspiration Horaire,mm/h,0.98
2025-12-21 01:00:00,Vitesse du vent,Vitesse du vent,m/s,0.93
2025-12-21 00:00:00,Rayonnement solaire,Rayonnement solaire,W/m²,0.0
2025-12-21 00:00:00,Vitesse du vent,Vitesse du vent,m/s,1.16
2025-12-21 00:00:00,Évapotranspiration Horaire,Évapotranspiration Horaire,mm/h,0.6
2025-12-21 00:00:00,Pression atmosphérique,Pression atmosphérique,mm/j,1009.4
2025-12-21 00:00:00,Point de Rosée,Point de Rosée,°C,12.3
2025-12-21 00:00:00,Humidité relative,Humidité relative,%,98.4
2025-12-21 00:00:00,Température,Température,°C,12.6
2025-12-21 00:00:00,Direction du vent,Direction du vent,Deg,260.0
2025-12-20 23:00:00,Évapotranspiration Horaire,Évapotranspiration Horaire,mm/h,0.6
2025-12-20 23:00:00,Humidité relative,Humidité relative,%,97.4
2025-12-20 23:00:00,Vitesse du vent,Vitesse du vent,m/s,0.99
2025-12-20 23:00:00,Pression atmosphérique,Pression atmosphérique,mm/j,1009.7
2025-12-20 23:00:00,Direction du vent,Direction du vent,Deg,281.6
2025-12-20 23:00:00,Rayonnement solaire,Rayonnement solaire,W/m²,0.0
2025-12-20 23:00:00,Température,Température,°C,12.8
2025-12-20 23:00:00,Point de Rosée,Point de Rosée,°C,12.4
2025-12-20 22:00:00,Direction du vent,Direction du vent,Deg,257.3
2025-12-20 22:00:00,Évapotranspiration Horaire,Évapotranspiration Horaire,mm/h,0.6
2025-12-20 22:00:00,Pression atmosphérique,Pression atmosphérique,mm/j,1009.8
2025-12-20 22:00:00,Rayonnement solaire,Rayonnement solaire,W/m²,0.0
2025-12-20 22:00:00,Point de Rosée,Point de Rosée,°C,13.1
2025-12-20 22:00:00,Humidité relative,Humidité relative,%,98.5
2025-12-20 22:00:00,Température,Température,°C,13.4
2025-12-20 22:00:00,Vitesse du vent,Vitesse du vent,m/s,1.03
2025-12-20 21:00:00,Humidité relative,Humidité relative,%,98.3
2025-12-20 21:00:00,Point de Rosée,Point de Rosée,°C,13.1
2025-12-20 21:00:00,Température,Température,°C,13.4
2025-12-20 21:00:00,Évapotranspiration Horaire,Évapotranspiration Horaire,mm/h,0.6
2025-12-20 21:00:00,Pression atmosphérique,Pression atmosphérique,mm/j,1010.0
2025-12-20 21:00:00,Direction du vent,Direction du vent,Deg,297.9
2025-12-20 21:00:00,Rayonnement solaire,Rayonnement solaire,W/m²,0.0
2025-12-20 21:00:00,Vitesse du vent,Vitesse du vent,m/s,0.18
2025-12-20 19:00:00,Évapotranspiration Horaire,Évapotranspiration Horaire,mm/h,0.6
2025-12-20 19:00:00,Pression atmosphérique,Pression atmosphérique,mm/j,1009.9
2025-12-20 19:00:00,Rayonnement solaire,Rayonnement solaire,W/m²,0.0
2025-12-20 19:00:00,Point de Rosée,Point de Rosée,°C,13.0
2025-12-20 19:00:00,Humidité relative,Humidité relative,%,92.8
2025-12-20 19:00:00,Température,Température,°C,14.1
2025-12-20 19:00:00,Direction du vent,Direction du vent,Deg,23.4
2025-12-20 19:00:00,Vitesse du vent,Vitesse du vent,m/s,0.29
2025-12-20 17:00:00,Humidité relative,Humidité relative,%,90.2
2025-12-20 17:00:00,Évapotranspiration Horaire,Évapotranspiration Horaire,mm/h,0.6
2025-12-20 17:00:00,Pression atmosphérique,Pression atmosphérique,mm/j,1009.8
2025-12-20 17:00:00,Rayonnement solaire,Rayonnement solaire,W/m²,6.0
2025-12-20 17:00:00,Point de Rosée,Point de Rosée,°C,14.0
2025-12-20 17:00:00,Température,Température,°C,15.6
2025-12-20 17:00:00,Direction du vent,Direction du vent,Deg,268.1
2025-12-20 17:00:00,Vitesse du vent,Vitesse du vent,m/s,1.1
2025-12-20 16:00:00,Vitesse du vent,Vitesse du vent,m/s,0.87
2025-12-20 16:00:00,Pression atmosphérique,Pression atmosphérique,mm/j,1009.8
2025-12-20 16:00:00,Rayonnement solaire,Rayonnement solaire,W/m²,14.0
2025-12-20 16:00:00,Point de Rosée,Point de Rosée,°C,14.0
2025-12-20 16:00:00,Humidité relative,Humidité relative,%,89.4
2025-12-20 16:00:00,Température,Température,°C,15.7
2025-12-20 16:00:00,Direction du vent,Direction du vent,Deg,269.9
2025-12-20 16:00:00,Évapotranspiration Horaire,Évapotranspiration Horaire,mm/h,0.6
2025-12-20 15:00:00,Température,Température,°C,16.5
2025-12-20 15:00:00,Évapotranspiration Horaire,Évapotranspiration Horaire,mm/h,0.6
2025-12-20 15:00:00,Humidité relative,Humidité relative,%,80.7
2025-12-20 15:00:00,Pression atmosphérique,Pression atmosphérique,mm/j,1009.7
2025-12-20 15:00:00,Vitesse du vent,Vitesse du vent,m/s,0.15
2025-12-20 15:00:00,Rayonnement solaire,Rayonnement solaire,W/m²,133.0
2025-12-20 15:00:00,Direction du vent,Direction du vent,Deg,297.9
2025-12-20 15:00:00,Point de Rosée,Point de Rosée,°C,13.1
2025-12-20 14:00:00,Direction du vent,Direction du vent,Deg,312.6
2025-12-20 14:00:00,Évapotranspiration Horaire,Évapotranspiration Horaire,mm/h,0.6
2025-12-20 14:00:00,Pression atmosphérique,Pression atmosphérique,mm/j,1009.6
2025-12-20 14:00:00,Rayonnement solaire,Rayonnement solaire,W/m²,149.0
2025-12-20 14:00:00,Point de Rosée,Point de Rosée,°C,13.5
2025-12-20 14:00:00,Humidité relative,Humidité relative,%,83.0
2025-12-20 14:00:00,Température,Température,°C,16.4
2025-12-20 14:00:00,Vitesse du vent,Vitesse du vent,m/s,1.0
2025-12-20 13:00:00,Humidité relative,Humidité relative,%,93.1
2025-12-20 13:00:00,Pression atmosphérique,Pression atmosphérique,mm/j,1010.1
2025-12-20 13:00:00,Point de Rosée,Point de Rosée,°C,14.4
2025-12-20 13:00:00,Température,Température,°C,15.5
2025-12-20 13:00:00,Évapotranspiration Horaire,Évapotranspiration Horaire,mm/h,0.6
2025-12-20 13:00:00,Direction du vent,Direction du vent,Deg,333.1
2025-12-20 13:00:00,Rayonnement solaire,Rayonnement solaire,W/m²,150.0
2025-12-20 13:00:00,Vitesse du vent,Vitesse du vent,m/s,1.72
2025-12-20 12:00:00,Rayonnement solaire,Rayonnement solaire,W/m²,296.0
2025-12-20 12:00:00,Évapotranspiration Horaire,Évapotranspiration Horaire,mm/h,0.6
2025-12-20 12:00:00,Pression atmosphérique,Pression atmosphérique,mm/j,1010.9
2025-12-20 12:00:00,Point de Rosée,Point de Rosée,°C,13.6
2025-12-20 12:00:00,Humidité relative,Humidité relative,%,81.6
2025-12-20 12:00:00,Température,Température,°C,16.8
2025-12-20 12:00:00,Direction du vent,Direction du vent,Deg,268.2
2025-12-20 12:00:00,Vitesse du vent,Vitesse du vent,m/s,1.47
2025-12-20 11:00:00,Vitesse du vent,Vitesse du vent,m/s,1.44
2025-12-20 11:00:00,Humidité relative,Humidité relative,%,87.2
2025-12-20 11:00:00,Direction du vent,Direction du vent,Deg,297.0
2025-12-20 11:00:00,Pression atmosphérique,Pression atmosphérique,mm/j,1011.7
2025-12-20 11:00:00,Évapotranspiration Horaire,Évapotranspiration Horaire,mm/h,0.6
2025-12-20 11:00:00,Rayonnement solaire,Rayonnement solaire,W/m²,270.0
2025-12-20 11:00:00,Température,Température,°C,16.1
2025-12-20 11:00:00,Point de Rosée,Point de Rosée,°C,14.0
2025-12-20 10:00:00,Point de Rosée,Point de Rosée,°C,13.4
2025-12-20 10:00:00,Évapotranspiration Horaire,Évapotranspiration Horaire,mm/h,0.6
2025-12-20 10:00:00,Pression atmosphérique,Pression atmosphérique,mm/j,1011.8
2025-12-20 10:00:00,Rayonnement solaire,Rayonnement solaire,W/m²,159.0
2025-12-20 10:00:00,Humidité relative,Humidité relative,%,95.2
2025-12-20 10:00:00,Température,Température,°C,14.2
2025-12-20 10:00:00,Direction du vent,Direction du vent,Deg,264.8
2025-12-20 10:00:00,Vitesse du vent,Vitesse du vent,m/s,0.71
2025-12-20 09:00:00,Humidité relative,Humidité relative,%,98.4
2025-12-20 09:00:00,Direction du vent,Direction du vent,Deg,270.5
2025-12-20 09:00:00,Température,Température,°C,13.2
2025-12-20 09:00:00,Pression atmosphérique,Pression atmosphérique,mm/j,1011.8
2025-12-20 09:00:00,Vitesse du vent,Vitesse du vent,m/s,0.68
2025-12-20 09:00:00,Rayonnement solaire,Rayonnement solaire,W/m²,89.0
2025-12-20 09:00:00,Évapotranspiration Horaire,Évapotranspiration Horaire,mm/h,0.6
2025-12-20 09:00:00,Point de Rosée,Point de Rosée,°C,13.0
2025-12-20 07:00:00,Évapotranspiration Horaire,Évapotranspiration Horaire,mm/h,0.6
2025-12-20 07:00:00,Température,Température,°C,12.7
2025-12-20 07:00:00,Direction du vent,Direction du vent,Deg,290.0
2025-12-20 07:00:00,Vitesse du vent,Vitesse du vent,m/s,0.98
2025-12-20 07:00:00,Humidité relative,Humidité relative,%,95.1
2025-12-20 07:00:00,Pression atmosphérique,Pression atmosphérique,mm/j,1011.8
2025-12-20 07:00:00,Rayonnement solaire,Rayonnement solaire,W/m²,1.0
2025-12-20 07:00:00,Point de Rosée,Point de Rosée,°C,11.9
2025-12-20 06:00:00,Humidité relative,Humidité relative,%,98.0
2025-12-20 06:00:00,Évapotranspiration Horaire,Évapotranspiration Horaire,mm/h,0.6
2025-12-20 06:00:00,Pression atmosphérique,Pression atmosphérique,mm/j,1011.7
2025-12-20 06:00:00,Rayonnement solaire,Rayonnement solaire,W/m²,0.0
2025-12-20 06:00:00,Point de Rosée,Point de Rosée,°C,12.2
2025-12-20 06:00:00,Température,Température,°C,12.5
2025-12-20 06:00:00,Direction du vent,Direction du vent,Deg,277.5
2025-12-20 06:00:00,Vitesse du vent,Vitesse du vent,m/s,1.99
2025-12-20 05:00:00,Direction du vent,Direction du vent,Deg,282.6
2025-12-20 05:00:00,Vitesse du vent,Vitesse du vent,m/s,0.65
2025-12-20 05:00:00,Pression atmosphérique,Pression atmosphérique,mm/j,1011.6
2025-12-20 05:00:00,Évapotranspiration Horaire,Évapotranspiration Horaire,mm/h,0.6
2025-12-20 05:00:00,Point de Rosée,Point de Rosée,°C,12.4
2025-12-20 05:00:00,Humidité relative,Humidité relative,%,99.8
2025-12-20 05:00:00,Température,Température,°C,12.5
2025-12-20 05:00:00,Rayonnement solaire,Rayonnement solaire,W/m²,0.0
2025-12-19 07:00:00,Point de Rosée,Point de Rosée,°C,15.5
2025-12-19 07:00:00,Humidité relative,Humidité relative,%,90.8
2025-12-19 07:00:00,Direction du vent,Direction du vent,Deg,100.8
2025-12-19 07:00:00,Vitesse du vent,Vitesse du vent,m/s,1.56
2025-12-19 07:00:00,Température,Température,°C,17.0
2025-12-19 07:00:00,Évapotranspiration Horaire,Évapotranspiration Horaire,mm/h,1.27
2025-12-19 07:00:00,Pression atmosphérique,Pression atmosphérique,mm/j,1020.0
2025-12-19 07:00:00,Rayonnement solaire,Rayonnement solaire,W/m²,0.0
2025-12-19 06:00:00,Vitesse du vent,Vitesse du vent,m/s,1.74
2025-12-19 06:00:00,Évapotranspiration Horaire,Évapotranspiration Horaire,mm/h,1.27
2025-12-19 06:00:00,Pression atmosphérique,Pression atmosphérique,mm/j,1020.1
2025-12-19 06:00:00,Rayonnement solaire,Rayonnement solaire,W/m²,0.0
2025-12-19 06:00:00,Point de Rosée,Point de Rosée,°C,14.6
2025-12-19 06:00:00,Humidité relative,Humidité relative,%,87.1
2025-12-19 06:00:00,Température,Température,°C,16.8
2025-12-19 06:00:00,Direction du vent,Direction du vent,Deg,110.3
2025-12-19 05:00:00,Rayonnement solaire,Rayonnement solaire,W/m²,0.0
2025-12-19 05:00:00,Évapotranspiration Horaire,Évapotranspiration Horaire,mm/h,1.27
2025-12-19 05:00:00,Pression atmosphérique,Pression atmosphérique,mm/j,1020.9
2025-12-19 05:00:00,Point de Rosée,Point de Rosée,°C,14.0
2025-12-19 05:00:00,Humidité relative,Humidité relative,%,77.8
2025-12-19 05:00:00,Température,Température,°C,17.9
2025-12-19 05:00:00,Direction du vent,Direction du vent,Deg,161.1
2025-12-19 05:00:00,Vitesse du vent,Vitesse du vent,m/s,2.0
2025-12-19 04:00:00,Humidité relative,Humidité relative,%,75.9
2025-12-19 04:00:00,Rayonnement solaire,Rayonnement solaire,W/m²,0.0
2025-12-19 04:00:00,Température,Température,°C,17.9
2025-12-19 04:00:00,Pression atmosphérique,Pression atmosphérique,mm/j,1021.1
2025-12-19 04:00:00,Point de Rosée,Point de Rosée,°C,13.6
2025-12-19 04:00:00,Direction du vent,Direction du vent,Deg,92.2
2025-12-19 04:00:00,Évapotranspiration Horaire,Évapotranspiration Horaire,mm/h,1.27
2025-12-19 04:00:00,Vitesse du vent,Vitesse du vent,m/s,2.22
2025-12-19 03:00:00,Rayonnement solaire,Rayonnement solaire,W/m²,0.0
2025-12-19 03:00:00,Direction du vent,Direction du vent,Deg,54.4
2025-12-19 03:00:00,Évapotranspiration Horaire,Évapotranspiration Horaire,mm/h,1.27
2025-12-19 03:00:00,Pression atmosphérique,Pression atmosphérique,mm/j,1021.6
2025-12-19 03:00:00,Vitesse du vent,Vitesse du vent,m/s,0.81
2025-12-19 03:00:00,Point de Rosée,Point de Rosée,°C,13.3
2025-12-19 03:00:00,Humidité relative,Humidité relative,%,74.6
2025-12-19 03:00:00,Température,Température,°C,17.9
2025-12-19 02:00:00,Vitesse du vent,Vitesse du vent,m/s,0.26
2025-12-19 02:00:00,Humidité relative,Humidité relative,%,75.6
2025-12-19 02:00:00,Température,Température,°C,17.9
2025-12-19 02:00:00,Pression atmosphérique,Pression atmosphérique,mm/j,1021.6
2025-12-19 02:00:00,Direction du vent,Direction du vent,Deg,155.7
2025-12-19 02:00:00,Rayonnement solaire,Rayonnement solaire,W/m²,0.0
2025-12-19 02:00:00,Évapotranspiration Horaire,Évapotranspiration Horaire,mm/h,1.27
2025-12-19 02:00:00,Point de Rosée,Point de Rosée,°C,13.5
2025-12-19 00:00:00,Évapotranspiration Horaire,Évapotranspiration Horaire,mm/h,1.26
2025-12-19 00:00:00,Pression atmosphérique,Pression atmosphérique,mm/j,1022.4
2025-12-19 00:00:00,Rayonnement solaire,Rayonnement solaire,W/m²,0.0
2025-12-19 00:00:00,Point de Rosée,Point de Rosée,°C,14.7
2025-12-19 00:00:00,Humidité relative,Humidité relative,%,80.5
2025-12-19 00:00:00,Température,Température,°C,18.1
2025-12-19 00:00:00,Direction du vent,Direction du vent,Deg,103.2
2025-12-19 00:00:00,Vitesse du vent,Vitesse du vent,m/s,1.65
2025-12-18 23:00:00,Humidité relative,Humidité relative,%,75.7
2025-12-18 23:00:00,Rayonnement solaire,Rayonnement solaire,W/m²,0.0
2025-12-18 23:00:00,Température,Température,°C,18.3
2025-12-18 23:00:00,Pression atmosphérique,Pression atmosphérique,mm/j,1022.4
2025-12-18 23:00:00,Direction du vent,Direction du vent,Deg,107.6
2025-12-18 23:00:00,Point de Rosée,Point de Rosée,°C,14.0
2025-12-18 23:00:00,Vitesse du vent,Vitesse du vent,m/s,2.03
2025-12-18 23:00:00,Évapotranspiration Horaire,Évapotranspiration Horaire,mm/h,1.26
2025-12-18 22:00:00,Vitesse du vent,Vitesse du vent,m/s,1.65
2025-12-18 22:00:00,Pression atmosphérique,Pression atmosphérique,mm/j,1022.1
2025-12-18 22:00:00,Rayonnement solaire,Rayonnement solaire,W/m²,0.0
2025-12-18 22:00:00,Point de Rosée,Point de Rosée,°C,14.4
2025-12-18 22:00:00,Humidité relative,Humidité relative,%,79.6
2025-12-18 22:00:00,Température,Température,°C,18.0
2025-12-18 22:00:00,Direction du vent,Direction du vent,Deg,118.7
2025-12-18 22:00:00,Évapotranspiration Horaire,Évapotranspiration Horaire,mm/h,1.26
2025-12-18 21:00:00,Vitesse du vent,Vitesse du vent,m/s,1.28
2025-12-18 21:00:00,Évapotranspiration Horaire,Évapotranspiration Horaire,mm/h,1.26
2025-12-18 21:00:00,Pression atmosphérique,Pression atmosphérique,mm/j,1022.5
2025-12-18 21:00:00,Rayonnement solaire,Rayonnement solaire,W/m²,0.0
2025-12-18 21:00:00,Point de Rosée,Point de Rosée,°C,14.8
2025-12-18 21:00:00,Humidité relative,Humidité relative,%,80.6
2025-12-18 21:00:00,Température,Température,°C,18.2
2025-12-18 21:00:00,Direction du vent,Direction du vent,Deg,105.8
2025-12-18 20:00:00,Humidité relative,Humidité relative,%,82.0
2025-12-18 20:00:00,Rayonnement solaire,Rayonnement solaire,W/m²,0.0
2025-12-18 20:00:00,Température,Température,°C,18.4
2025-12-18 20:00:00,Pression atmosphérique,Pression atmosphérique,mm/j,1022.3
2025-12-18 20:00:00,Point de Rosée,Point de Rosée,°C,15.2
2025-12-18 20:00:00,Direction du vent,Direction du vent,Deg,112.6
2025-12-18 20:00:00,Évapotranspiration Horaire,Évapotranspiration Horaire,mm/h,1.26
2025-12-18 20:00:00,Vitesse du vent,Vitesse du vent,m/s,2.93
2025-12-18 19:00:00,Rayonnement solaire,Rayonnement solaire,W/m²,0.0
2025-12-18 19:00:00,Vitesse du vent,Vitesse du vent,m/s,1.29
2025-12-18 19:00:00,Évapotranspiration Horaire,Évapotranspiration Horaire,mm/h,1.26
2025-12-18 19:00:00,Pression atmosphérique,Pression atmosphérique,mm/j,1022.2
2025-12-18 19:00:00,Point de Rosée,Point de Rosée,°C,16.0
2025-12-18 19:00:00,Humidité relative,Humidité relative,%,85.4
2025-12-18 19:00:00,Température,Température,°C,18.5
2025-12-18 19:00:00,Direction du vent,Direction du vent,Deg,97.9
2025-12-18 18:00:00,Évapotranspiration Horaire,Évapotranspiration Horaire,mm/h,1.26
2025-12-18 18:00:00,Humidité relative,Humidité relative,%,87.2
2025-12-18 18:00:00,Vitesse du vent,Vitesse du vent,m/s,1.9
2025-12-18 18:00:00,Pression atmosphérique,Pression atmosphérique,mm/j,1022.0
2025-12-18 18:00:00,Direction du vent,Direction du vent,Deg,73.4
2025-12-18 18:00:00,Rayonnement solaire,Rayonnement solaire,W/m²,1.0
2025-12-18 18:00:00,Température,Température,°C,18.4
2025-12-18 18:00:00,Point de Rosée,Point de Rosée,°C,16.2
2025-12-18 17:00:00,Direction du vent,Direction du vent,Deg,108.0
2025-12-18 17:00:00,Évapotranspiration Horaire,Évapotranspiration Horaire,mm/h,1.26
2025-12-18 17:00:00,Pression atmosphérique,Pression atmosphérique,mm/j,1022.1
2025-12-18 17:00:00,Rayonnement solaire,Rayonnement solaire,W/m²,3.0
2025-12-18 17:00:00,Point de Rosée,Point de Rosée,°C,16.3
2025-12-18 17:00:00,Humidité relative,Humidité relative,%,85.4
2025-12-18 17:00:00,Température,Température,°C,18.8
2025-12-18 17:00:00,Vitesse du vent,Vitesse du vent,m/s,1.46
2025-12-18 16:00:00,Humidité relative,Humidité relative,%,76.6
2025-12-18 16:00:00,Pression atmosphérique,Pression atmosphérique,mm/j,1022.0
2025-12-18 16:00:00,Point de Rosée,Point de Rosée,°C,15.6
2025-12-18 16:00:00,Température,Température,°C,19.8
2025-12-18 16:00:00,Évapotranspiration Horaire,Évapotranspiration Horaire,mm/h,1.26
2025-12-18 16:00:00,Direction du vent,Direction du vent,Deg,135.9
2025-12-18 16:00:00,Rayonnement solaire,Rayonnement solaire,W/m²,43.0
2025-12-18 16:00:00,Vitesse du vent,Vitesse du vent,m/s,1.06
2025-12-18 15:00:00,Direction du vent,Direction du vent,Deg,92.8
2025-12-18 15:00:00,Évapotranspiration Horaire,Évapotranspiration Horaire,mm/h,1.26
2025-12-18 15:00:00,Pression atmosphérique,Pression atmosphérique,mm/j,1021.6
2025-12-18 15:00:00,Rayonnement solaire,Rayonnement solaire,W/m²,156.0
2025-12-18 15:00:00,Point de Rosée,Point de Rosée,°C,14.6
2025-12-18 15:00:00,Humidité relative,Humidité relative,%,71.6
2025-12-18 15:00:00,Température,Température,°C,19.9
2025-12-18 15:00:00,Vitesse du vent,Vitesse du vent,m/s,2.19
2025-12-18 14:00:00,Température,Température,°C,20.7
2025-12-18 14:00:00,Rayonnement solaire,Rayonnement solaire,W/m²,147.0
2025-12-18 14:00:00,Point de Rosée,Point de Rosée,°C,15.2
2025-12-18 14:00:00,Évapotranspiration Horaire,Évapotranspiration Horaire,mm/h,1.26
2025-12-18 14:00:00,Pression atmosphérique,Pression atmosphérique,mm/j,1021.5
2025-12-18 14:00:00,Direction du vent,Direction du vent,Deg,109.7
2025-12-18 14:00:00,Humidité relative,Humidité relative,%,70.7
2025-12-18 14:00:00,Vitesse du vent,Vitesse du vent,m/s,2.46
2025-12-18 13:00:00,Rayonnement solaire,Rayonnement solaire,W/m²,154.0
2025-12-18 13:00:00,Direction du vent,Direction du vent,Deg,154.7
2025-12-18 13:00:00,Vitesse du vent,Vitesse du vent,m/s,1.17
2025-12-18 13:00:00,Évapotranspiration Horaire,Évapotranspiration Horaire,mm/h,1.26
2025-12-18 13:00:00,Pression atmosphérique,Pression atmosphérique,mm/j,1022.0
2025-12-18 13:00:00,Point de Rosée,Point de Rosée,°C,14.8
2025-12-18 13:00:00,Humidité relative,Humidité relative,%,69.6
2025-12-18 13:00:00,Température,Température,°C,20.5
2025-12-18 12:00:00,Température,Température,°C,20.3
2025-12-18 12:00:00,Humidité relative,Humidité relative,%,72.4
2025-12-18 12:00:00,Direction du vent,Direction du vent,Deg,148.1
2025-12-18 12:00:00,Vitesse du vent,Vitesse du vent,m/s,2.4
2025-12-18 12:00:00,Pression atmosphérique,Pression atmosphérique,mm/j,1022.2
2025-12-18 12:00:00,Rayonnement solaire,Rayonnement solaire,W/m²,217.0
2025-12-18 12:00:00,Évapotranspiration Horaire,Évapotranspiration Horaire,mm/h,1.26
2025-12-18 12:00:00,Point de Rosée,Point de Rosée,°C,15.1
2025-12-18 11:00:00,Humidité relative,Humidité relative,%,74.8
2025-12-18 11:00:00,Évapotranspiration Horaire,Évapotranspiration Horaire,mm/h,1.26
2025-12-18 11:00:00,Pression atmosphérique,Pression atmosphérique,mm/j,1022.8
2025-12-18 11:00:00,Rayonnement solaire,Rayonnement solaire,W/m²,208.0
2025-12-18 11:00:00,Point de Rosée,Point de Rosée,°C,15.5
2025-12-18 11:00:00,Température,Température,°C,20.1
2025-12-18 11:00:00,Direction du vent,Direction du vent,Deg,95.8
2025-12-18 11:00:00,Vitesse du vent,Vitesse du vent,m/s,2.79
2025-12-18 10:00:00,Évapotranspiration Horaire,Évapotranspiration Horaire,mm/h,1.26
2025-12-18 10:00:00,Humidité relative,Humidité relative,%,81.2
2025-12-18 10:00:00,Point de Rosée,Point de Rosée,°C,15.9
2025-12-18 10:00:00,Température,Température,°C,19.2
2025-12-18 10:00:00,Rayonnement solaire,Rayonnement solaire,W/m²,149.0
2025-12-18 10:00:00,Direction du vent,Direction du vent,Deg,101.6
2025-12-18 10:00:00,Pression atmosphérique,Pression atmosphérique,mm/j,1022.6
2025-12-18 10:00:00,Vitesse du vent,Vitesse du vent,m/s,2.7
2025-12-18 09:00:00,Direction du vent,Direction du vent,Deg,99.5
2025-12-18 09:00:00,Évapotranspiration Horaire,Évapotranspiration Horaire,mm/h,1.26
2025-12-18 09:00:00,Pression atmosphérique,Pression atmosphérique,mm/j,1022.2
2025-12-18 09:00:00,Rayonnement solaire,Rayonnement solaire,W/m²,92.0
2025-12-18 09:00:00,Point de Rosée,Point de Rosée,°C,17.6
2025-12-18 09:00:00,Humidité relative,Humidité relative,%,100.0
2025-12-18 09:00:00,Température,Température,°C,17.6
2025-12-18 09:00:00,Vitesse du vent,Vitesse du vent,m/s,0.41
2025-12-18 08:00:00,Humidité relative,Humidité relative,%,100.0
2025-12-18 08:00:00,Rayonnement solaire,Rayonnement solaire,W/m²,56.0
2025-12-18 08:00:00,Température,Température,°C,17.2
2025-12-18 08:00:00,Pression atmosphérique,Pression atmosphérique,mm/j,1021.4
2025-12-18 08:00:00,Évapotranspiration Horaire,Évapotranspiration Horaire,mm/h,1.26
2025-12-18 08:00:00,Direction du vent,Direction du vent,Deg,189.5
2025-12-18 08:00:00,Point de Rosée,Point de Rosée,°C,17.2
2025-12-18 08:00:00,Vitesse du vent,Vitesse du vent,m/s,0.41
2025-12-18 07:00:00,Rayonnement solaire,Rayonnement solaire,W/m²,0.0
2025-12-18 07:00:00,Vitesse du vent,Vitesse du vent,m/s,0.75
2025-12-18 07:00:00,Évapotranspiration Horaire,Évapotranspiration Horaire,mm/h,1.26
2025-12-18 07:00:00,Pression atmosphérique,Pression atmosphérique,mm/j,1021.4
2025-12-18 07:00:00,Point de Rosée,Point de Rosée,°C,17.0
2025-12-18 07:00:00,Humidité relative,Humidité relative,%,100.0
2025-12-18 07:00:00,Température,Température,°C,17.0
2025-12-18 07:00:00,Direction du vent,Direction du vent,Deg,128.5
2025-12-18 06:00:00,Évapotranspiration Horaire,Évapotranspiration Horaire,mm/h,1.26
2025-12-18 06:00:00,Humidité relative,Humidité relative,%,100.0
2025-12-18 06:00:00,Vitesse du vent,Vitesse du vent,m/s,0.34
2025-12-18 06:00:00,Pression atmosphérique,Pression atmosphérique,mm/j,1020.7
2025-12-18 06:00:00,Direction du vent,Direction du vent,Deg,81.0
2025-12-18 06:00:00,Rayonnement solaire,Rayonnement solaire,W/m²,0.0
2025-12-18 06:00:00,Température,Température,°C,17.1
2025-12-18 06:00:00,Point de Rosée,Point de Rosée,°C,17.1
2025-12-18 05:00:00,Direction du vent,Direction du vent,Deg,244.0
2025-12-18 05:00:00,Évapotranspiration Horaire,Évapotranspiration Horaire,mm/h,1.26
2025-12-18 05:00:00,Pression atmosphérique,Pression atmosphérique,mm/j,1020.3
2025-12-18 05:00:00,Rayonnement solaire,Rayonnement solaire,W/m²,0.0
2025-12-18 05:00:00,Point de Rosée,Point de Rosée,°C,15.9
2025-12-18 05:00:00,Humidité relative,Humidité relative,%,100.0
2025-12-18 05:00:00,Température,Température,°C,15.9
2025-12-18 05:00:00,Vitesse du vent,Vitesse du vent,m/s,0.31
2025-12-18 04:00:00,Pression atmosphérique,Pression atmosphérique,mm/j,1020.3
2025-12-18 04:00:00,Humidité relative,Humidité relative,%,100.0
2025-12-18 04:00:00,Point de Rosée,Point de Rosée,°C,15.5
2025-12-18 04:00:00,Température,Température,°C,15.5
2025-12-18 04:00:00,Évapotranspiration Horaire,Évapotranspiration Horaire,mm/h,1.26
2025-12-18 04:00:00,Direction du vent,Direction du vent,Deg,176.8
2025-12-18 04:00:00,Rayonnement solaire,Rayonnement solaire,W/m²,0.0
2025-12-18 04:00:00,Vitesse du vent,Vitesse du vent,m/s,0.66
2025-12-18 01:00:00,Rayonnement solaire,Rayonnement solaire,W/m²,0.0
2025-12-18 01:00:00,Évapotranspiration Horaire,Évapotranspiration Horaire,mm/h,1.26
2025-12-18 01:00:00,Pression atmosphérique,Pression atmosphérique,mm/j,1020.7
2025-12-18 01:00:00,Point de Rosée,Point de Rosée,°C,15.5
2025-12-18 01:00:00,Humidité relative,Humidité relative,%,99.6
2025-12-18 01:00:00,Température,Température,°C,15.6
2025-12-18 01:00:00,Direction du vent,Direction du vent,Deg,261.0
2025-12-18 01:00:00,Vitesse du vent,Vitesse du vent,m/s,0.45
2025-12-18 00:00:00,Vitesse du vent,Vitesse du vent,m/s,0.62
2025-12-18 00:00:00,Humidité relative,Humidité relative,%,98.7
2025-12-18 00:00:00,Direction du vent,Direction du vent,Deg,224.9
2025-12-18 00:00:00,Pression atmosphérique,Pression atmosphérique,mm/j,1020.8
2025-12-18 00:00:00,Évapotranspiration Horaire,Évapotranspiration Horaire,mm/h,1.62
2025-12-18 00:00:00,Rayonnement solaire,Rayonnement solaire,W/m²,0.0
2025-12-18 00:00:00,Température,Température,°C,17.0
2025-12-18 00:00:00,Point de Rosée,Point de Rosée,°C,16.8
2025-12-17 23:00:00,Rayonnement solaire,Rayonnement solaire,W/m²,0.0
2025-12-17 23:00:00,Évapotranspiration Horaire,Évapotranspiration Horaire,mm/h,1.62
2025-12-17 23:00:00,Pression atmosphérique,Pression atmosphérique,mm/j,1020.6
2025-12-17 23:00:00,Point de Rosée,Point de Rosée,°C,16.7
2025-12-17 23:00:00,Humidité relative,Humidité relative,%,97.2
2025-12-17 23:00:00,Température,Température,°C,17.2
2025-12-17 23:00:00,Direction du vent,Direction du vent,Deg,136.3
2025-12-17 23:00:00,Vitesse du vent,Vitesse du vent,m/s,0.36
2025-12-17 22:00:00,Point de Rosée,Point de Rosée,°C,17.1
2025-12-17 22:00:00,Rayonnement solaire,Rayonnement solaire,W/m²,0.0
2025-12-17 22:00:00,Température,Température,°C,17.6
2025-12-17 22:00:00,Pression atmosphérique,Pression atmosphérique,mm/j,1020.1
2025-12-17 22:00:00,Évapotranspiration Horaire,Évapotranspiration Horaire,mm/h,1.62
2025-12-17 22:00:00,Direction du vent,Direction du vent,Deg,40.2
2025-12-17 22:00:00,Humidité relative,Humidité relative,%,97.0
2025-12-17 22:00:00,Vitesse du vent,Vitesse du vent,m/s,0.64
2025-12-17 21:00:00,Rayonnement solaire,Rayonnement solaire,W/m²,0.0
2025-12-17 21:00:00,Direction du vent,Direction du vent,Deg,122.7
2025-12-17 21:00:00,Évapotranspiration Horaire,Évapotranspiration Horaire,mm/h,1.62
2025-12-17 21:00:00,Pression atmosphérique,Pression atmosphérique,mm/j,1020.0
2025-12-17 21:00:00,Point de Rosée,Point de Rosée,°C,16.8
2025-12-17 21:00:00,Humidité relative,Humidité relative,%,95.6
2025-12-17 21:00:00,Température,Température,°C,17.5
2025-12-17 21:00:00,Vitesse du vent,Vitesse du vent,m/s,0.55
2025-12-17 20:00:00,Évapotranspiration Horaire,Évapotranspiration Horaire,mm/h,1.62
2025-12-17 20:00:00,Humidité relative,Humidité relative,%,94.1
2025-12-17 20:00:00,Température,Température,°C,17.5
2025-12-17 20:00:00,Pression atmosphérique,Pression atmosphérique,mm/j,1019.7
2025-12-17 20:00:00,Vitesse du vent,Vitesse du vent,m/s,0.45
2025-12-17 20:00:00,Rayonnement solaire,Rayonnement solaire,W/m²,0.0
2025-12-17 20:00:00,Direction du vent,Direction du vent,Deg,103.9
2025-12-17 20:00:00,Point de Rosée,Point de Rosée,°C,16.5
2025-12-17 19:00:00,Direction du vent,Direction du vent,Deg,98.2
2025-12-17 19:00:00,Évapotranspiration Horaire,Évapotranspiration Horaire,mm/h,1.62
2025-12-17 19:00:00,Pression atmosphérique,Pression atmosphérique,mm/j,1019.3
2025-12-17 19:00:00,Rayonnement solaire,Rayonnement solaire,W/m²,0.0
2025-12-17 19:00:00,Point de Rosée,Point de Rosée,°C,16.3
2025-12-17 19:00:00,Humidité relative,Humidité relative,%,93.0
2025-12-17 19:00:00,Température,Température,°C,17.5
2025-12-17 19:00:00,Vitesse du vent,Vitesse du vent,m/s,1.64
2025-12-17 18:00:00,Pression atmosphérique,Pression atmosphérique,mm/j,1018.9
2025-12-17 18:00:00,Humidité relative,Humidité relative,%,91.7
2025-12-17 18:00:00,Point de Rosée,Point de Rosée,°C,16.3
2025-12-17 18:00:00,Température,Température,°C,17.7
2025-12-17 18:00:00,Évapotranspiration Horaire,Évapotranspiration Horaire,mm/h,1.62
2025-12-17 18:00:00,Direction du vent,Direction du vent,Deg,139.7
2025-12-17 18:00:00,Rayonnement solaire,Rayonnement solaire,W/m²,0.0
2025-12-17 18:00:00,Vitesse du vent,Vitesse du vent,m/s,1.87
2025-12-17 17:00:00,Direction du vent,Direction du vent,Deg,189.5
2025-12-17 17:00:00,Évapotranspiration Horaire,Évapotranspiration Horaire,mm/h,1.62
2025-12-17 17:00:00,Pression atmosphérique,Pression atmosphérique,mm/j,1018.6
2025-12-17 17:00:00,Rayonnement solaire,Rayonnement solaire,W/m²,4.0
2025-12-17 17:00:00,Point de Rosée,Point de Rosée,°C,15.6
2025-12-17 17:00:00,Humidité relative,Humidité relative,%,86.2
2025-12-17 17:00:00,Température,Température,°C,18.0
2025-12-17 17:00:00,Vitesse du vent,Vitesse du vent,m/s,0.2
2025-12-17 16:00:00,Humidité relative,Humidité relative,%,82.6
2025-12-17 16:00:00,Rayonnement solaire,Rayonnement solaire,W/m²,70.0
2025-12-17 16:00:00,Température,Température,°C,18.7
2025-12-17 16:00:00,Pression atmosphérique,Pression atmosphérique,mm/j,1018.4
2025-12-17 16:00:00,Évapotranspiration Horaire,Évapotranspiration Horaire,mm/h,1.62
2025-12-17 16:00:00,Direction du vent,Direction du vent,Deg,54.4
2025-12-17 16:00:00,Point de Rosée,Point de Rosée,°C,15.7
2025-12-17 16:00:00,Vitesse du vent,Vitesse du vent,m/s,1.12
2025-12-17 15:00:00,Rayonnement solaire,Rayonnement solaire,W/m²,232.0
2025-12-17 15:00:00,Vitesse du vent,Vitesse du vent,m/s,2.48
2025-12-17 15:00:00,Évapotranspiration Horaire,Évapotranspiration Horaire,mm/h,1.62
2025-12-17 15:00:00,Pression atmosphérique,Pression atmosphérique,mm/j,1018.0
2025-12-17 15:00:00,Point de Rosée,Point de Rosée,°C,15.7
2025-12-17 15:00:00,Humidité relative,Humidité relative,%,81.8
2025-12-17 15:00:00,Température,Température,°C,18.9
2025-12-17 15:00:00,Direction du vent,Direction du vent,Deg,37.4
2025-12-17 14:00:00,Évapotranspiration Horaire,Évapotranspiration Horaire,mm/h,1.62
2025-12-17 14:00:00,Humidité relative,Humidité relative,%,78.8
2025-12-17 14:00:00,Vitesse du vent,Vitesse du vent,m/s,1.6
2025-12-17 14:00:00,Pression atmosphérique,Pression atmosphérique,mm/j,1018.0
2025-12-17 14:00:00,Direction du vent,Direction du vent,Deg,39.3
2025-12-17 14:00:00,Rayonnement solaire,Rayonnement solaire,W/m²,362.0
2025-12-17 14:00:00,Température,Température,°C,19.1
2025-12-17 14:00:00,Point de Rosée,Point de Rosée,°C,15.3
2025-12-17 13:00:00,Direction du vent,Direction du vent,Deg,350.9
2025-12-17 13:00:00,Évapotranspiration Horaire,Évapotranspiration Horaire,mm/h,1.62
2025-12-17 13:00:00,Pression atmosphérique,Pression atmosphérique,mm/j,1018.5
2025-12-17 13:00:00,Rayonnement solaire,Rayonnement solaire,W/m²,348.0
2025-12-17 13:00:00,Point de Rosée,Point de Rosée,°C,15.0
2025-12-17 13:00:00,Humidité relative,Humidité relative,%,78.5
2025-12-17 13:00:00,Température,Température,°C,18.9
2025-12-17 13:00:00,Vitesse du vent,Vitesse du vent,m/s,1.03
2025-12-17 12:00:00,Pression atmosphérique,Pression atmosphérique,mm/j,1019.1
2025-12-17 12:00:00,Humidité relative,Humidité relative,%,78.0
2025-12-17 12:00:00,Point de Rosée,Point de Rosée,°C,14.6
2025-12-17 12:00:00,Température,Température,°C,18.5
2025-12-17 12:00:00,Évapotranspiration Horaire,Évapotranspiration Horaire,mm/h,1.62
2025-12-17 12:00:00,Direction du vent,Direction du vent,Deg,66.8
2025-12-17 12:00:00,Rayonnement solaire,Rayonnement solaire,W/m²,360.0
2025-12-17 12:00:00,Vitesse du vent,Vitesse du vent,m/s,0.47
2025-12-17 11:00:00,Rayonnement solaire,Rayonnement solaire,W/m²,456.0
2025-12-17 11:00:00,Évapotranspiration Horaire,Évapotranspiration Horaire,mm/h,1.62
2025-12-17 11:00:00,Pression atmosphérique,Pression atmosphérique,mm/j,1019.5
2025-12-17 11:00:00,Point de Rosée,Point de Rosée,°C,13.9
2025-12-17 11:00:00,Humidité relative,Humidité relative,%,80.3
2025-12-17 11:00:00,Température,Température,°C,17.3
2025-12-17 11:00:00,Direction du vent,Direction du vent,Deg,17.7
2025-12-17 11:00:00,Vitesse du vent,Vitesse du vent,m/s,0.5
2025-12-17 10:00:00,Vitesse du vent,Vitesse du vent,m/s,0.86
2025-12-17 10:00:00,Humidité relative,Humidité relative,%,87.2
2025-12-17 10:00:00,Direction du vent,Direction du vent,Deg,281.9
2025-12-17 10:00:00,Pression atmosphérique,Pression atmosphérique,mm/j,1019.4
2025-12-17 10:00:00,Évapotranspiration Horaire,Évapotranspiration Horaire,mm/h,1.62
2025-12-17 10:00:00,Rayonnement solaire,Rayonnement solaire,W/m²,164.0
2025-12-17 10:00:00,Température,Température,°C,14.7
2025-12-17 10:00:00,Point de Rosée,Point de Rosée,°C,12.6
2025-12-17 09:00:00,Rayonnement solaire,Rayonnement solaire,W/m²,129.0
2025-12-17 09:00:00,Évapotranspiration Horaire,Évapotranspiration Horaire,mm/h,1.62
2025-12-17 09:00:00,Pression atmosphérique,Pression atmosphérique,mm/j,1019.0
2025-12-17 09:00:00,Point de Rosée,Point de Rosée,°C,12.4
2025-12-17 09:00:00,Humidité relative,Humidité relative,%,98.3
2025-12-17 09:00:00,Température,Température,°C,12.7
2025-12-17 09:00:00,Direction du vent,Direction du vent,Deg,356.5
2025-12-17 09:00:00,Vitesse du vent,Vitesse du vent,m/s,0.48
2025-12-17 08:00:00,Température,Température,°C,10.9
2025-12-17 08:00:00,Évapotranspiration Horaire,Évapotranspiration Horaire,mm/h,1.62
2025-12-17 08:00:00,Humidité relative,Humidité relative,%,99.0
2025-12-17 08:00:00,Rayonnement solaire,Rayonnement solaire,W/m²,36.0
2025-12-17 08:00:00,Pression atmosphérique,Pression atmosphérique,mm/j,1018.2
2025-12-17 08:00:00,Direction du vent,Direction du vent,Deg,295.5
2025-12-17 08:00:00,Point de Rosée,Point de Rosée,°C,10.7
2025-12-17 08:00:00,Vitesse du vent,Vitesse du vent,m/s,0.52
2025-12-17 07:00:00,Rayonnement solaire,Rayonnement solaire,W/m²,0.0
2025-12-17 07:00:00,Direction du vent,Direction du vent,Deg,353.0
2025-12-17 07:00:00,Vitesse du vent,Vitesse du vent,m/s,0.63
2025-12-17 07:00:00,Évapotranspiration Horaire,Évapotranspiration Horaire,mm/h,1.62
2025-12-17 07:00:00,Pression atmosphérique,Pression atmosphérique,mm/j,1017.4
2025-12-17 07:00:00,Point de Rosée,Point de Rosée,°C,11.9
2025-12-17 07:00:00,Humidité relative,Humidité relative,%,98.3
2025-12-17 07:00:00,Température,Température,°C,12.2
2025-12-17 06:00:00,Évapotranspiration Horaire,Évapotranspiration Horaire,mm/h,1.62
2025-12-17 06:00:00,Humidité relative,Humidité relative,%,100.0
2025-12-17 06:00:00,Vitesse du vent,Vitesse du vent,m/s,0.22
2025-12-17 06:00:00,Température,Température,°C,11.9
2025-12-17 06:00:00,Direction du vent,Direction du vent,Deg,261.1
2025-12-17 06:00:00,Rayonnement solaire,Rayonnement solaire,W/m²,0.0
2025-12-17 06:00:00,Pression atmosphérique,Pression atmosphérique,mm/j,1016.5
2025-12-17 06:00:00,Point de Rosée,Point de Rosée,°C,11.9
2025-12-17 05:00:00,Rayonnement solaire,Rayonnement solaire,W/m²,0.0
2025-12-17 05:00:00,Évapotranspiration Horaire,Évapotranspiration Horaire,mm/h,1.62
2025-12-17 05:00:00,Pression atmosphérique,Pression atmosphérique,mm/j,1016.1
2025-12-17 05:00:00,Point de Rosée,Point de Rosée,°C,11.0
2025-12-17 05:00:00,Humidité relative,Humidité relative,%,98.0
2025-12-17 05:00:00,Température,Température,°C,11.3
2025-12-17 05:00:00,Direction du vent,Direction du vent,Deg,118.1
2025-12-17 05:00:00,Vitesse du vent,Vitesse du vent,m/s,0.44
2025-12-17 04:00:00,Pression atmosphérique,Pression atmosphérique,mm/j,1016.0
2025-12-17 04:00:00,Humidité relative,Humidité relative,%,97.5
2025-12-17 04:00:00,Point de Rosée,Point de Rosée,°C,11.7
2025-12-17 04:00:00,Température,Température,°C,12.1
2025-12-17 04:00:00,Rayonnement solaire,Rayonnement solaire,W/m²,0.0
2025-12-17 04:00:00,Direction du vent,Direction du vent,Deg,164.7
2025-12-17 04:00:00,Évapotranspiration Horaire,Évapotranspiration Horaire,mm/h,1.62
2025-12-17 04:00:00,Vitesse du vent,Vitesse du vent,m/s,1.02
2025-12-17 03:00:00,Direction du vent,Direction du vent,Deg,195.8
2025-12-17 03:00:00,Évapotranspiration Horaire,Évapotranspiration Horaire,mm/h,1.62
2025-12-17 03:00:00,Pression atmosphérique,Pression atmosphérique,mm/j,1015.9
2025-12-17 03:00:00,Rayonnement solaire,Rayonnement solaire,W/m²,0.0
2025-12-17 03:00:00,Point de Rosée,Point de Rosée,°C,11.7
2025-12-17 03:00:00,Humidité relative,Humidité relative,%,98.1
2025-12-17 03:00:00,Température,Température,°C,12.0
2025-12-17 03:00:00,Vitesse du vent,Vitesse du vent,m/s,0.63
2025-12-17 02:00:00,Humidité relative,Humidité relative,%,95.6
2025-12-17 02:00:00,Rayonnement solaire,Rayonnement solaire,W/m²,0.0
2025-12-17 02:00:00,Température,Température,°C,12.1
2025-12-17 02:00:00,Pression atmosphérique,Pression atmosphérique,mm/j,1015.8
2025-12-17 02:00:00,Évapotranspiration Horaire,Évapotranspiration Horaire,mm/h,1.62
2025-12-17 02:00:00,Direction du vent,Direction du vent,Deg,155.8
2025-12-17 02:00:00,Point de Rosée,Point de Rosée,°C,11.4
2025-12-17 02:00:00,Vitesse du vent,Vitesse du vent,m/s,0.26
2025-12-17 01:00:00,Rayonnement solaire,Rayonnement solaire,W/m²,0.0
2025-12-17 01:00:00,Vitesse du vent,Vitesse du vent,m/s,0.91
2025-12-17 01:00:00,Évapotranspiration Horaire,Évapotranspiration Horaire,mm/h,1.62
2025-12-17 01:00:00,Pression atmosphérique,Pression atmosphérique,mm/j,1015.5
2025-12-17 01:00:00,Point de Rosée,Point de Rosée,°C,11.5
2025-12-17 01:00:00,Humidité relative,Humidité relative,%,92.6
2025-12-17 01:00:00,Température,Température,°C,12.7
2025-12-17 01:00:00,Direction du vent,Direction du vent,Deg,141.3
2025-12-17 00:00:00,Évapotranspiration Horaire,Évapotranspiration Horaire,mm/h,0.83
2025-12-17 00:00:00,Humidité relative,Humidité relative,%,90.0
2025-12-17 00:00:00,Vitesse du vent,Vitesse du vent,m/s,1.58
2025-12-17 00:00:00,Pression atmosphérique,Pression atmosphérique,mm/j,1015.4
2025-12-17 00:00:00,Direction du vent,Direction du vent,Deg,212.0
2025-12-17 00:00:00,Rayonnement solaire,Rayonnement solaire,W/m²,0.0
2025-12-17 00:00:00,Température,Température,°C,13.6
2025-12-17 00:00:00,Point de Rosée,Point de Rosée,°C,12.0
2025-12-16 23:00:00,Direction du vent,Direction du vent,Deg,187.9
2025-12-16 23:00:00,Évapotranspiration Horaire,Évapotranspiration Horaire,mm/h,0.83
2025-12-16 23:00:00,Pression atmosphérique,Pression atmosphérique,mm/j,1015.3
2025-12-16 23:00:00,Rayonnement solaire,Rayonnement solaire,W/m²,0.0
2025-12-16 23:00:00,Point de Rosée,Point de Rosée,°C,12.2
2025-12-16 23:00:00,Humidité relative,Humidité relative,%,88.2
2025-12-16 23:00:00,Température,Température,°C,14.2
2025-12-16 23:00:00,Vitesse du vent,Vitesse du vent,m/s,1.34
2025-12-16 22:00:00,Pression atmosphérique,Pression atmosphérique,mm/j,1014.7
2025-12-16 22:00:00,Humidité relative,Humidité relative,%,87.6
2025-12-16 22:00:00,Point de Rosée,Point de Rosée,°C,12.6
2025-12-16 22:00:00,Température,Température,°C,14.6
2025-12-16 22:00:00,Rayonnement solaire,Rayonnement solaire,W/m²,0.0
2025-12-16 22:00:00,Direction du vent,Direction du vent,Deg,204.1
2025-12-16 22:00:00,Évapotranspiration Horaire,Évapotranspiration Horaire,mm/h,0.83
2025-12-16 22:00:00,Vitesse du vent,Vitesse du vent,m/s,1.43
2025-12-16 21:00:00,Rayonnement solaire,Rayonnement solaire,W/m²,0.0
2025-12-16 21:00:00,Évapotranspiration Horaire,Évapotranspiration Horaire,mm/h,0.83
2025-12-16 21:00:00,Pression atmosphérique,Pression atmosphérique,mm/j,1014.4
2025-12-16 21:00:00,Point de Rosée,Point de Rosée,°C,12.3
2025-12-16 21:00:00,Humidité relative,Humidité relative,%,83.5
2025-12-16 21:00:00,Température,Température,°C,15.1
2025-12-16 21:00:00,Direction du vent,Direction du vent,Deg,206.3
2025-12-16 21:00:00,Vitesse du vent,Vitesse du vent,m/s,0.87
2025-12-16 20:00:00,Vitesse du vent,Vitesse du vent,m/s,1.89
2025-12-16 20:00:00,Humidité relative,Humidité relative,%,77.7
2025-12-16 20:00:00,Direction du vent,Direction du vent,Deg,201.6
2025-12-16 20:00:00,Pression atmosphérique,Pression atmosphérique,mm/j,1014.1
2025-12-16 20:00:00,Évapotranspiration Horaire,Évapotranspiration Horaire,mm/h,0.83
2025-12-16 20:00:00,Rayonnement solaire,Rayonnement solaire,W/m²,0.0
2025-12-16 20:00:00,Température,Température,°C,15.9
2025-12-16 20:00:00,Point de Rosée,Point de Rosée,°C,12.0
2025-12-16 19:00:00,Rayonnement solaire,Rayonnement solaire,W/m²,0.0
2025-12-16 19:00:00,Évapotranspiration Horaire,Évapotranspiration Horaire,mm/h,0.83
2025-12-16 19:00:00,Pression atmosphérique,Pression atmosphérique,mm/j,1013.9
2025-12-16 19:00:00,Point de Rosée,Point de Rosée,°C,12.0
2025-12-16 19:00:00,Humidité relative,Humidité relative,%,74.5
2025-12-16 19:00:00,Température,Température,°C,16.5
2025-12-16 19:00:00,Direction du vent,Direction du vent,Deg,210.6
2025-12-16 19:00:00,Vitesse du vent,Vitesse du vent,m/s,1.88
2025-12-16 18:00:00,Humidité relative,Humidité relative,%,73.2
2025-12-16 18:00:00,Rayonnement solaire,Rayonnement solaire,W/m²,0.0
2025-12-16 18:00:00,Température,Température,°C,17.3
2025-12-16 18:00:00,Pression atmosphérique,Pression atmosphérique,mm/j,1013.2
2025-12-16 18:00:00,Point de Rosée,Point de Rosée,°C,12.4
2025-12-16 18:00:00,Direction du vent,Direction du vent,Deg,140.2
2025-12-16 18:00:00,Évapotranspiration Horaire,Évapotranspiration Horaire,mm/h,0.83
2025-12-16 18:00:00,Vitesse du vent,Vitesse du vent,m/s,2.12
2025-12-16 17:00:00,Rayonnement solaire,Rayonnement solaire,W/m²,6.0
2025-12-16 17:00:00,Direction du vent,Direction du vent,Deg,214.6
2025-12-16 17:00:00,Évapotranspiration Horaire,Évapotranspiration Horaire,mm/h,0.83
2025-12-16 17:00:00,Pression atmosphérique,Pression atmosphérique,mm/j,1012.5
2025-12-16 17:00:00,Point de Rosée,Point de Rosée,°C,12.5
2025-12-16 17:00:00,Humidité relative,Humidité relative,%,69.3
2025-12-16 17:00:00,Température,Température,°C,18.2
2025-12-16 17:00:00,Vitesse du vent,Vitesse du vent,m/s,2.57
2025-12-16 16:00:00,Évapotranspiration Horaire,Évapotranspiration Horaire,mm/h,0.83
2025-12-16 16:00:00,Humidité relative,Humidité relative,%,65.5
2025-12-16 16:00:00,Température,Température,°C,19.7
2025-12-16 16:00:00,Pression atmosphérique,Pression atmosphérique,mm/j,1012.1
2025-12-16 16:00:00,Direction du vent,Direction du vent,Deg,222.5
2025-12-16 16:00:00,Rayonnement solaire,Rayonnement solaire,W/m²,113.0
2025-12-16 16:00:00,Vitesse du vent,Vitesse du vent,m/s,3.81
2025-12-16 16:00:00,Point de Rosée,Point de Rosée,°C,13.0
2025-12-16 15:00:00,Humidité relative,Humidité relative,%,64.4
2025-12-16 15:00:00,Évapotranspiration Horaire,Évapotranspiration Horaire,mm/h,0.83
2025-12-16 15:00:00,Pression atmosphérique,Pression atmosphérique,mm/j,1011.6
2025-12-16 15:00:00,Rayonnement solaire,Rayonnement solaire,W/m²,271.0
2025-12-16 15:00:00,Point de Rosée,Point de Rosée,°C,13.3
2025-12-16 15:00:00,Température,Température,°C,20.3
2025-12-16 15:00:00,Direction du vent,Direction du vent,Deg,194.9
2025-12-16 15:00:00,Vitesse du vent,Vitesse du vent,m/s,3.23
2025-12-16 14:00:00,Humidité relative,Humidité relative,%,67.1
2025-12-16 14:00:00,Pression atmosphérique,Pression atmosphérique,mm/j,1011.8
2025-12-16 14:00:00,Point de Rosée,Point de Rosée,°C,13.3
2025-12-16 14:00:00,Température,Température,°C,19.6
2025-12-16 14:00:00,Rayonnement solaire,Rayonnement solaire,W/m²,392.0
2025-12-16 14:00:00,Direction du vent,Direction du vent,Deg,155.6
2025-12-16 14:00:00,Évapotranspiration Horaire,Évapotranspiration Horaire,mm/h,0.83
2025-12-16 14:00:00,Vitesse du vent,Vitesse du vent,m/s,1.07
2025-12-16 13:00:00,Direction du vent,Direction du vent,Deg,213.2
2025-12-16 13:00:00,Évapotranspiration Horaire,Évapotranspiration Horaire,mm/h,0.83
2025-12-16 13:00:00,Pression atmosphérique,Pression atmosphérique,mm/j,1012.8
2025-12-16 13:00:00,Rayonnement solaire,Rayonnement solaire,W/m²,485.0
2025-12-16 13:00:00,Point de Rosée,Point de Rosée,°C,13.1
2025-12-16 13:00:00,Humidité relative,Humidité relative,%,72.6
2025-12-16 13:00:00,Température,Température,°C,18.1
2025-12-16 13:00:00,Vitesse du vent,Vitesse du vent,m/s,4.12
2025-12-16 12:00:00,Humidité relative,Humidité relative,%,78.7
2025-12-16 12:00:00,Rayonnement solaire,Rayonnement solaire,W/m²,379.0
2025-12-16 12:00:00,Température,Température,°C,17.1
2025-12-16 12:00:00,Pression atmosphérique,Pression atmosphérique,mm/j,1013.3
2025-12-16 12:00:00,Évapotranspiration Horaire,Évapotranspiration Horaire,mm/h,0.83
2025-12-16 12:00:00,Direction du vent,Direction du vent,Deg,217.9
2025-12-16 12:00:00,Point de Rosée,Point de Rosée,°C,13.3
2025-12-16 12:00:00,Vitesse du vent,Vitesse du vent,m/s,0.53
2025-12-16 11:00:00,Rayonnement solaire,Rayonnement solaire,W/m²,230.0
2025-12-16 11:00:00,Vitesse du vent,Vitesse du vent,m/s,1.66
2025-12-16 11:00:00,Évapotranspiration Horaire,Évapotranspiration Horaire,mm/h,0.83
2025-12-16 11:00:00,Pression atmosphérique,Pression atmosphérique,mm/j,1013.5
2025-12-16 11:00:00,Point de Rosée,Point de Rosée,°C,13.9
2025-12-16 11:00:00,Humidité relative,Humidité relative,%,89.9
2025-12-16 11:00:00,Température,Température,°C,15.5
2025-12-16 11:00:00,Direction du vent,Direction du vent,Deg,216.6
2025-12-16 10:00:00,Évapotranspiration Horaire,Évapotranspiration Horaire,mm/h,0.83
2025-12-16 10:00:00,Humidité relative,Humidité relative,%,97.5
2025-12-16 10:00:00,Vitesse du vent,Vitesse du vent,m/s,1.73
2025-12-16 10:00:00,Pression atmosphérique,Pression atmosphérique,mm/j,1013.9
2025-12-16 10:00:00,Direction du vent,Direction du vent,Deg,204.0
2025-12-16 10:00:00,Rayonnement solaire,Rayonnement solaire,W/m²,141.0
2025-12-16 10:00:00,Température,Température,°C,14.2
2025-12-16 10:00:00,Point de Rosée,Point de Rosée,°C,13.8
2025-12-16 09:00:00,Direction du vent,Direction du vent,Deg,236.5
2025-12-16 09:00:00,Évapotranspiration Horaire,Évapotranspiration Horaire,mm/h,0.83
2025-12-16 09:00:00,Pression atmosphérique,Pression atmosphérique,mm/j,1013.6
2025-12-16 09:00:00,Rayonnement solaire,Rayonnement solaire,W/m²,21.0
2025-12-16 09:00:00,Point de Rosée,Point de Rosée,°C,13.1
2025-12-16 09:00:00,Humidité relative,Humidité relative,%,93.7
2025-12-16 09:00:00,Température,Température,°C,14.1
2025-12-16 09:00:00,Vitesse du vent,Vitesse du vent,m/s,1.41
2025-12-16 08:00:00,Pression atmosphérique,Pression atmosphérique,mm/j,1013.1
2025-12-16 08:00:00,Humidité relative,Humidité relative,%,92.5
2025-12-16 08:00:00,Point de Rosée,Point de Rosée,°C,13.2
2025-12-16 08:00:00,Température,Température,°C,14.4
2025-12-16 08:00:00,Évapotranspiration Horaire,Évapotranspiration Horaire,mm/h,0.83
2025-12-16 08:00:00,Direction du vent,Direction du vent,Deg,231.3
2025-12-16 08:00:00,Rayonnement solaire,Rayonnement solaire,W/m²,10.0
2025-12-16 08:00:00,Vitesse du vent,Vitesse du vent,m/s,0.91
2025-12-16 07:00:00,Rayonnement solaire,Rayonnement solaire,W/m²,0.0
2025-12-16 07:00:00,Évapotranspiration Horaire,Évapotranspiration Horaire,mm/h,0.83
2025-12-16 07:00:00,Pression atmosphérique,Pression atmosphérique,mm/j,1012.6
2025-12-16 07:00:00,Point de Rosée,Point de Rosée,°C,13.1
2025-12-16 07:00:00,Humidité relative,Humidité relative,%,90.6
2025-12-16 07:00:00,Température,Température,°C,14.7
2025-12-16 07:00:00,Direction du vent,Direction du vent,Deg,152.3
2025-12-16 07:00:00,Vitesse du vent,Vitesse du vent,m/s,1.14
2025-12-16 06:00:00,Vitesse du vent,Vitesse du vent,m/s,1.82
2025-12-16 06:00:00,Humidité relative,Humidité relative,%,93.5
2025-12-16 06:00:00,Direction du vent,Direction du vent,Deg,216.5
2025-12-16 06:00:00,Pression atmosphérique,Pression atmosphérique,mm/j,1013.0
2025-12-16 06:00:00,Évapotranspiration Horaire,Évapotranspiration Horaire,mm/h,0.83
2025-12-16 06:00:00,Rayonnement solaire,Rayonnement solaire,W/m²,0.0
2025-12-16 06:00:00,Température,Température,°C,14.8
2025-12-16 06:00:00,Point de Rosée,Point de Rosée,°C,13.8
2025-12-16 05:00:00,Rayonnement solaire,Rayonnement solaire,W/m²,0.0
2025-12-16 05:00:00,Évapotranspiration Horaire,Évapotranspiration Horaire,mm/h,0.83
2025-12-16 05:00:00,Pression atmosphérique,Pression atmosphérique,mm/j,1013.0
2025-12-16 05:00:00,Point de Rosée,Point de Rosée,°C,14.2
2025-12-16 05:00:00,Humidité relative,Humidité relative,%,93.7
2025-12-16 05:00:00,Température,Température,°C,15.2
2025-12-16 05:00:00,Direction du vent,Direction du vent,Deg,143.3
2025-12-16 05:00:00,Vitesse du vent,Vitesse du vent,m/s,2.62
2025-12-16 04:00:00,Température,Température,°C,15.2
2025-12-16 04:00:00,Évapotranspiration Horaire,Évapotranspiration Horaire,mm/h,0.83
2025-12-16 04:00:00,Humidité relative,Humidité relative,%,99.8
2025-12-16 04:00:00,Rayonnement solaire,Rayonnement solaire,W/m²,0.0
2025-12-16 04:00:00,Pression atmosphérique,Pression atmosphérique,mm/j,1014.0
2025-12-16 04:00:00,Direction du vent,Direction du vent,Deg,261.0
2025-12-16 04:00:00,Point de Rosée,Point de Rosée,°C,15.1
2025-12-16 04:00:00,Vitesse du vent,Vitesse du vent,m/s,0.34
2025-12-16 03:00:00,Rayonnement solaire,Rayonnement solaire,W/m²,0.0
2025-12-16 03:00:00,Direction du vent,Direction du vent,Deg,117.9
2025-12-16 03:00:00,Vitesse du vent,Vitesse du vent,m/s,0.22
2025-12-16 03:00:00,Évapotranspiration Horaire,Évapotranspiration Horaire,mm/h,0.83
2025-12-16 03:00:00,Pression atmosphérique,Pression atmosphérique,mm/j,1014.2
2025-12-16 03:00:00,Point de Rosée,Point de Rosée,°C,14.8
2025-12-16 03:00:00,Humidité relative,Humidité relative,%,98.4
2025-12-16 03:00:00,Température,Température,°C,15.1
2025-12-16 02:00:00,Évapotranspiration Horaire,Évapotranspiration Horaire,mm/h,0.83
2025-12-16 02:00:00,Humidité relative,Humidité relative,%,97.4
2025-12-16 02:00:00,Vitesse du vent,Vitesse du vent,m/s,0.3
2025-12-16 02:00:00,Température,Température,°C,15.3
2025-12-16 02:00:00,Direction du vent,Direction du vent,Deg,113.6
2025-12-16 02:00:00,Rayonnement solaire,Rayonnement solaire,W/m²,0.0
2025-12-16 02:00:00,Pression atmosphérique,Pression atmosphérique,mm/j,1014.7
2025-12-16 02:00:00,Point de Rosée,Point de Rosée,°C,14.9
2025-12-16 01:00:00,Humidité relative,Humidité relative,%,95.4
2025-12-16 01:00:00,Évapotranspiration Horaire,Évapotranspiration Horaire,mm/h,0.83
2025-12-16 01:00:00,Pression atmosphérique,Pression atmosphérique,mm/j,1015.0
2025-12-16 01:00:00,Rayonnement solaire,Rayonnement solaire,W/m²,0.0
2025-12-16 01:00:00,Point de Rosée,Point de Rosée,°C,14.7
2025-12-16 01:00:00,Température,Température,°C,15.4
2025-12-16 01:00:00,Direction du vent,Direction du vent,Deg,234.5
2025-12-16 01:00:00,Vitesse du vent,Vitesse du vent,m/s,0.11
2025-12-16 00:00:00,Humidité relative,Humidité relative,%,93.2
2025-12-16 00:00:00,Pression atmosphérique,Pression atmosphérique,mm/j,1015.5
2025-12-16 00:00:00,Point de Rosée,Point de Rosée,°C,14.9
2025-12-16 00:00:00,Température,Température,°C,16.0
2025-12-16 00:00:00,Rayonnement solaire,Rayonnement solaire,W/m²,0.0
2025-12-16 00:00:00,Direction du vent,Direction du vent,Deg,286.6
2025-12-16 00:00:00,Évapotranspiration Horaire,Évapotranspiration Horaire,mm/h,1.49
2025-12-16 00:00:00,Vitesse du vent,Vitesse du vent,m/s,0.57
2025-12-15 23:00:00,Rayonnement solaire,Rayonnement solaire,W/m²,0.0
2025-12-15 23:00:00,Évapotranspiration Horaire,Évapotranspiration Horaire,mm/h,1.49
2025-12-15 23:00:00,Pression atmosphérique,Pression atmosphérique,mm/j,1016.2
2025-12-15 23:00:00,Point de Rosée,Point de Rosée,°C,15.0
2025-12-15 23:00:00,Humidité relative,Humidité relative,%,90.3
2025-12-15 23:00:00,Température,Température,°C,16.6
2025-12-15 23:00:00,Direction du vent,Direction du vent,Deg,178.1
2025-12-15 23:00:00,Vitesse du vent,Vitesse du vent,m/s,0.55
2025-12-15 22:00:00,Vitesse du vent,Vitesse du vent,m/s,2.03
2025-12-15 22:00:00,Humidité relative,Humidité relative,%,85.7
2025-12-15 22:00:00,Direction du vent,Direction du vent,Deg,157.7
2025-12-15 22:00:00,Pression atmosphérique,Pression atmosphérique,mm/j,1016.3
2025-12-15 22:00:00,Évapotranspiration Horaire,Évapotranspiration Horaire,mm/h,1.49
2025-12-15 22:00:00,Rayonnement solaire,Rayonnement solaire,W/m²,0.0
2025-12-15 22:00:00,Température,Température,°C,17.5
2025-12-15 22:00:00,Point de Rosée,Point de Rosée,°C,15.0
2025-12-15 21:00:00,Rayonnement solaire,Rayonnement solaire,W/m²,0.0
2025-12-15 21:00:00,Évapotranspiration Horaire,Évapotranspiration Horaire,mm/h,1.49
2025-12-15 21:00:00,Pression atmosphérique,Pression atmosphérique,mm/j,1016.4
2025-12-15 21:00:00,Point de Rosée,Point de Rosée,°C,15.0
2025-12-15 21:00:00,Humidité relative,Humidité relative,%,84.6
2025-12-15 21:00:00,Température,Température,°C,17.7
2025-12-15 21:00:00,Direction du vent,Direction du vent,Deg,255.8
2025-12-15 21:00:00,Vitesse du vent,Vitesse du vent,m/s,1.26
2025-12-15 20:00:00,Point de Rosée,Point de Rosée,°C,14.5
2025-12-15 20:00:00,Évapotranspiration Horaire,Évapotranspiration Horaire,mm/h,1.49
2025-12-15 20:00:00,Température,Température,°C,17.5
2025-12-15 20:00:00,Pression atmosphérique,Pression atmosphérique,mm/j,1016.2
2025-12-15 20:00:00,Humidité relative,Humidité relative,%,82.9
2025-12-15 20:00:00,Direction du vent,Direction du vent,Deg,189.4
2025-12-15 20:00:00,Rayonnement solaire,Rayonnement solaire,W/m²,0.0
2025-12-15 20:00:00,Vitesse du vent,Vitesse du vent,m/s,0.83
2025-12-15 19:00:00,Rayonnement solaire,Rayonnement solaire,W/m²,0.0
2025-12-15 19:00:00,Vitesse du vent,Vitesse du vent,m/s,0.98
2025-12-15 19:00:00,Évapotranspiration Horaire,Évapotranspiration Horaire,mm/h,1.49
2025-12-15 19:00:00,Pression atmosphérique,Pression atmosphérique,mm/j,1016.4
2025-12-15 19:00:00,Direction du vent,Direction du vent,Deg,185.3
2025-12-15 19:00:00,Point de Rosée,Point de Rosée,°C,14.7
2025-12-15 19:00:00,Humidité relative,Humidité relative,%,82.2
2025-12-15 19:00:00,Température,Température,°C,17.8
2025-12-15 18:00:00,Température,Température,°C,17.5
2025-12-15 18:00:00,Humidité relative,Humidité relative,%,83.4
2025-12-15 18:00:00,Direction du vent,Direction du vent,Deg,153.4
2025-12-15 18:00:00,Pression atmosphérique,Pression atmosphérique,mm/j,1016.2
2025-12-15 18:00:00,Évapotranspiration Horaire,Évapotranspiration Horaire,mm/h,1.49
2025-12-15 18:00:00,Rayonnement solaire,Rayonnement solaire,W/m²,0.0
2025-12-15 18:00:00,Vitesse du vent,Vitesse du vent,m/s,1.0
2025-12-15 18:00:00,Point de Rosée,Point de Rosée,°C,14.6
2025-12-15 17:00:00,Vitesse du vent,Vitesse du vent,m/s,2.38
2025-12-15 17:00:00,Évapotranspiration Horaire,Évapotranspiration Horaire,mm/h,1.49
2025-12-15 17:00:00,Pression atmosphérique,Pression atmosphérique,mm/j,1017.5
2025-12-15 17:00:00,Rayonnement solaire,Rayonnement solaire,W/m²,0.0
2025-12-15 17:00:00,Point de Rosée,Point de Rosée,°C,14.0
2025-12-15 17:00:00,Humidité relative,Humidité relative,%,77.2
2025-12-15 17:00:00,Température,Température,°C,18.0
2025-12-15 17:00:00,Direction du vent,Direction du vent,Deg,166.0
2025-12-15 16:00:00,Direction du vent,Direction du vent,Deg,155.7
2025-12-15 16:00:00,Humidité relative,Humidité relative,%,73.2
2025-12-15 16:00:00,Rayonnement solaire,Rayonnement solaire,W/m²,16.0
2025-12-15 16:00:00,Pression atmosphérique,Pression atmosphérique,mm/j,1017.9
2025-12-15 16:00:00,Température,Température,°C,18.4
2025-12-15 16:00:00,Évapotranspiration Horaire,Évapotranspiration Horaire,mm/h,1.49
2025-12-15 16:00:00,Point de Rosée,Point de Rosée,°C,13.5
2025-12-15 16:00:00,Vitesse du vent,Vitesse du vent,m/s,1.86
2025-12-15 15:00:00,Humidité relative,Humidité relative,%,68.6
2025-12-15 15:00:00,Évapotranspiration Horaire,Évapotranspiration Horaire,mm/h,1.49
2025-12-15 15:00:00,Pression atmosphérique,Pression atmosphérique,mm/j,1018.4
2025-12-15 15:00:00,Rayonnement solaire,Rayonnement solaire,W/m²,70.0
2025-12-15 15:00:00,Point de Rosée,Point de Rosée,°C,13.2
2025-12-15 15:00:00,Température,Température,°C,19.1
2025-12-15 15:00:00,Direction du vent,Direction du vent,Deg,136.9
2025-12-15 15:00:00,Vitesse du vent,Vitesse du vent,m/s,0.79
2025-12-15 14:00:00,Humidité relative,Humidité relative,%,67.0
2025-12-15 14:00:00,Évapotranspiration Horaire,Évapotranspiration Horaire,mm/h,1.49
2025-12-15 14:00:00,Direction du vent,Direction du vent,Deg,175.9
2025-12-15 14:00:00,Pression atmosphérique,Pression atmosphérique,mm/j,1017.8
2025-12-15 14:00:00,Température,Température,°C,19.5
2025-12-15 14:00:00,Rayonnement solaire,Rayonnement solaire,W/m²,59.0
2025-12-15 14:00:00,Vitesse du vent,Vitesse du vent,m/s,2.68
2025-12-15 14:00:00,Point de Rosée,Point de Rosée,°C,13.2
2025-12-15 13:00:00,Évapotranspiration Horaire,Évapotranspiration Horaire,mm/h,1.49
2025-12-15 13:00:00,Direction du vent,Direction du vent,Deg,221.9
2025-12-15 13:00:00,Point de Rosée,Point de Rosée,°C,13.6
2025-12-15 13:00:00,Température,Température,°C,20.0
2025-12-15 13:00:00,Humidité relative,Humidité relative,%,66.8
2025-12-15 13:00:00,Pression atmosphérique,Pression atmosphérique,mm/j,1018.8
2025-12-15 13:00:00,Vitesse du vent,Vitesse du vent,m/s,1.43
2025-12-15 13:00:00,Rayonnement solaire,Rayonnement solaire,W/m²,141.0
2025-12-15 12:00:00,Température,Température,°C,19.5
2025-12-15 12:00:00,Évapotranspiration Horaire,Évapotranspiration Horaire,mm/h,1.49
2025-12-15 12:00:00,Pression atmosphérique,Pression atmosphérique,mm/j,1019.4
2025-12-15 12:00:00,Rayonnement solaire,Rayonnement solaire,W/m²,147.0
2025-12-15 12:00:00,Point de Rosée,Point de Rosée,°C,14.2
2025-12-15 12:00:00,Humidité relative,Humidité relative,%,71.6
2025-12-15 12:00:00,Direction du vent,Direction du vent,Deg,104.7
2025-12-15 12:00:00,Vitesse du vent,Vitesse du vent,m/s,0.39
2025-12-15 11:00:00,Évapotranspiration Horaire,Évapotranspiration Horaire,mm/h,1.49
2025-12-15 11:00:00,Pression atmosphérique,Pression atmosphérique,mm/j,1020.2
2025-12-15 11:00:00,Rayonnement solaire,Rayonnement solaire,W/m²,99.0
2025-12-15 11:00:00,Point de Rosée,Point de Rosée,°C,14.8
2025-12-15 11:00:00,Humidité relative,Humidité relative,%,77.9
2025-12-15 11:00:00,Vitesse du vent,Vitesse du vent,m/s,0.58
2025-12-15 11:00:00,Direction du vent,Direction du vent,Deg,154.7
2025-12-15 11:00:00,Température,Température,°C,18.7
2025-12-15 10:00:00,Point de Rosée,Point de Rosée,°C,15.5
2025-12-15 10:00:00,Vitesse du vent,Vitesse du vent,m/s,1.52
2025-12-15 10:00:00,Direction du vent,Direction du vent,Deg,152.2
2025-12-15 10:00:00,Température,Température,°C,18.0
2025-12-15 10:00:00,Humidité relative,Humidité relative,%,85.5
2025-12-15 10:00:00,Rayonnement solaire,Rayonnement solaire,W/m²,54.0
2025-12-15 10:00:00,Pression atmosphérique,Pression atmosphérique,mm/j,1020.3
2025-12-15 10:00:00,Évapotranspiration Horaire,Évapotranspiration Horaire,mm/h,1.49
2025-12-15 09:00:00,Évapotranspiration Horaire,Évapotranspiration Horaire,mm/h,1.49
2025-12-15 09:00:00,Humidité relative,Humidité relative,%,100.0
2025-12-15 09:00:00,Rayonnement solaire,Rayonnement solaire,W/m²,61.0
2025-12-15 09:00:00,Température,Température,°C,16.7
2025-12-15 09:00:00,Pression atmosphérique,Pression atmosphérique,mm/j,1020.4
2025-12-15 09:00:00,Direction du vent,Direction du vent,Deg,221.3
2025-12-15 09:00:00,Point de Rosée,Point de Rosée,°C,16.7
2025-12-15 09:00:00,Vitesse du vent,Vitesse du vent,m/s,0.68
2025-12-15 08:00:00,Point de Rosée,Point de Rosée,°C,15.8
2025-12-15 08:00:00,Évapotranspiration Horaire,Évapotranspiration Horaire,mm/h,1.49
2025-12-15 08:00:00,Pression atmosphérique,Pression atmosphérique,mm/j,1020.3
2025-12-15 08:00:00,Rayonnement solaire,Rayonnement solaire,W/m²,25.0
2025-12-15 08:00:00,Vitesse du vent,Vitesse du vent,m/s,0.62
2025-12-15 08:00:00,Humidité relative,Humidité relative,%,100.0
2025-12-15 08:00:00,Température,Température,°C,15.8
2025-12-15 08:00:00,Direction du vent,Direction du vent,Deg,199.4
2025-12-15 07:00:00,Vitesse du vent,Vitesse du vent,m/s,0.47
2025-12-15 07:00:00,Évapotranspiration Horaire,Évapotranspiration Horaire,mm/h,1.49
2025-12-15 07:00:00,Pression atmosphérique,Pression atmosphérique,mm/j,1020.3
2025-12-15 07:00:00,Rayonnement solaire,Rayonnement solaire,W/m²,2.0
2025-12-15 07:00:00,Point de Rosée,Point de Rosée,°C,14.3
2025-12-15 07:00:00,Humidité relative,Humidité relative,%,100.0
2025-12-15 07:00:00,Température,Température,°C,14.3
2025-12-15 07:00:00,Direction du vent,Direction du vent,Deg,156.9
2025-12-15 06:00:00,Point de Rosée,Point de Rosée,°C,12.7
2025-12-15 06:00:00,Vitesse du vent,Vitesse du vent,m/s,0.15
2025-12-15 06:00:00,Évapotranspiration Horaire,Évapotranspiration Horaire,mm/h,1.49
2025-12-15 06:00:00,Humidité relative,Humidité relative,%,100.0
2025-12-15 06:00:00,Pression atmosphérique,Pression atmosphérique,mm/j,1020.5
2025-12-15 06:00:00,Direction du vent,Direction du vent,Deg,43.2
2025-12-15 06:00:00,Rayonnement solaire,Rayonnement solaire,W/m²,1.0
2025-12-15 06:00:00,Température,Température,°C,12.7
2025-12-15 05:00:00,Direction du vent,Direction du vent,Deg,27.9
2025-12-15 05:00:00,Évapotranspiration Horaire,Évapotranspiration Horaire,mm/h,1.49
2025-12-15 05:00:00,Pression atmosphérique,Pression atmosphérique,mm/j,1020.8
2025-12-15 05:00:00,Rayonnement solaire,Rayonnement solaire,W/m²,0.0
2025-12-15 05:00:00,Point de Rosée,Point de Rosée,°C,13.2
2025-12-15 05:00:00,Humidité relative,Humidité relative,%,100.0
2025-12-15 05:00:00,Température,Température,°C,13.2
2025-12-15 05:00:00,Vitesse du vent,Vitesse du vent,m/s,0.18
2025-12-15 04:00:00,Point de Rosée,Point de Rosée,°C,13.4
2025-12-15 04:00:00,Température,Température,°C,13.4
2025-12-15 04:00:00,Évapotranspiration Horaire,Évapotranspiration Horaire,mm/h,1.49
2025-12-15 04:00:00,Direction du vent,Direction du vent,Deg,248.6
2025-12-15 04:00:00,Vitesse du vent,Vitesse du vent,m/s,0.11
2025-12-15 04:00:00,Rayonnement solaire,Rayonnement solaire,W/m²,0.0
2025-12-15 04:00:00,Humidité relative,Humidité relative,%,100.0
2025-12-15 04:00:00,Pression atmosphérique,Pression atmosphérique,mm/j,1021.6
2025-12-15 03:00:00,Point de Rosée,Point de Rosée,°C,13.0
2025-12-15 03:00:00,Humidité relative,Humidité relative,%,99.7
2025-12-15 03:00:00,Évapotranspiration Horaire,Évapotranspiration Horaire,mm/h,1.49
2025-12-15 03:00:00,Température,Température,°C,13.1
2025-12-15 03:00:00,Rayonnement solaire,Rayonnement solaire,W/m²,0.0
2025-12-15 03:00:00,Direction du vent,Direction du vent,Deg,239.7
2025-12-15 03:00:00,Pression atmosphérique,Pression atmosphérique,mm/j,1022.1
2025-12-15 03:00:00,Vitesse du vent,Vitesse du vent,m/s,0.55
2025-12-15 02:00:00,Point de Rosée,Point de Rosée,°C,13.0
2025-12-15 02:00:00,Évapotranspiration Horaire,Évapotranspiration Horaire,mm/h,1.49
2025-12-15 02:00:00,Pression atmosphérique,Pression atmosphérique,mm/j,1021.7
2025-12-15 02:00:00,Rayonnement solaire,Rayonnement solaire,W/m²,0.0
2025-12-15 02:00:00,Humidité relative,Humidité relative,%,98.8
2025-12-15 02:00:00,Température,Température,°C,13.2
2025-12-15 02:00:00,Direction du vent,Direction du vent,Deg,234.5
2025-12-15 02:00:00,Vitesse du vent,Vitesse du vent,m/s,0.35
2025-12-15 01:00:00,Température,Température,°C,14.1
2025-12-15 01:00:00,Évapotranspiration Horaire,Évapotranspiration Horaire,mm/h,1.49
2025-12-15 01:00:00,Direction du vent,Direction du vent,Deg,49.8
2025-12-15 01:00:00,Vitesse du vent,Vitesse du vent,m/s,0.6
2025-12-15 01:00:00,Humidité relative,Humidité relative,%,97.5
2025-12-15 01:00:00,Pression atmosphérique,Pression atmosphérique,mm/j,1021.9
2025-12-15 01:00:00,Rayonnement solaire,Rayonnement solaire,W/m²,0.0
2025-12-15 01:00:00,Point de Rosée,Point de Rosée,°C,13.7
2025-12-15 00:00:00,Température,Température,°C,14.6
2025-12-15 00:00:00,Évapotranspiration Horaire,Évapotranspiration Horaire,mm/h,1.42
2025-12-15 00:00:00,Pression atmosphérique,Pression atmosphérique,mm/j,1022.3
2025-12-15 00:00:00,Rayonnement solaire,Rayonnement solaire,W/m²,0.0
2025-12-15 00:00:00,Point de Rosée,Point de Rosée,°C,14.4
2025-12-15 00:00:00,Humidité relative,Humidité relative,%,98.6
2025-12-15 00:00:00,Direction du vent,Direction du vent,Deg,130.4
2025-12-15 00:00:00,Vitesse du vent,Vitesse du vent,m/s,0.1
2025-12-14 23:00:00,Évapotranspiration Horaire,Évapotranspiration Horaire,mm/h,1.42
2025-12-14 23:00:00,Humidité relative,Humidité relative,%,96.5
2025-12-14 23:00:00,Rayonnement solaire,Rayonnement solaire,W/m²,1.0
2025-12-14 23:00:00,Température,Température,°C,14.0
2025-12-14 23:00:00,Pression atmosphérique,Pression atmosphérique,mm/j,1022.3
2025-12-14 23:00:00,Direction du vent,Direction du vent,Deg,220.4
2025-12-14 23:00:00,Point de Rosée,Point de Rosée,°C,13.4
2025-12-14 23:00:00,Vitesse du vent,Vitesse du vent,m/s,0.15
2025-12-14 22:00:00,Point de Rosée,Point de Rosée,°C,13.0
2025-12-14 22:00:00,Évapotranspiration Horaire,Évapotranspiration Horaire,mm/h,1.42
2025-12-14 22:00:00,Pression atmosphérique,Pression atmosphérique,mm/j,1022.7
2025-12-14 22:00:00,Rayonnement solaire,Rayonnement solaire,W/m²,0.0
2025-12-14 22:00:00,Vitesse du vent,Vitesse du vent,m/s,0.45
2025-12-14 22:00:00,Humidité relative,Humidité relative,%,92.9
2025-12-14 22:00:00,Température,Température,°C,14.1
2025-12-14 22:00:00,Direction du vent,Direction du vent,Deg,234.5
2025-12-14 21:00:00,Vitesse du vent,Vitesse du vent,m/s,0.36
2025-12-14 21:00:00,Évapotranspiration Horaire,Évapotranspiration Horaire,mm/h,1.42
2025-12-14 21:00:00,Pression atmosphérique,Pression atmosphérique,mm/j,1022.9
2025-12-14 21:00:00,Rayonnement solaire,Rayonnement solaire,W/m²,0.0
2025-12-14 21:00:00,Point de Rosée,Point de Rosée,°C,14.0
2025-12-14 21:00:00,Humidité relative,Humidité relative,%,89.5
2025-12-14 21:00:00,Température,Température,°C,15.7
2025-12-14 21:00:00,Direction du vent,Direction du vent,Deg,152.4
2025-12-14 20:00:00,Point de Rosée,Point de Rosée,°C,14.3
2025-12-14 20:00:00,Vitesse du vent,Vitesse du vent,m/s,0.42
2025-12-14 20:00:00,Évapotranspiration Horaire,Évapotranspiration Horaire,mm/h,1.42
2025-12-14 20:00:00,Humidité relative,Humidité relative,%,86.1
2025-12-14 20:00:00,Pression atmosphérique,Pression atmosphérique,mm/j,1022.4
2025-12-14 20:00:00,Direction du vent,Direction du vent,Deg,158.4
2025-12-14 20:00:00,Rayonnement solaire,Rayonnement solaire,W/m²,0.0
2025-12-14 20:00:00,Température,Température,°C,16.7
2025-12-14 19:00:00,Direction du vent,Direction du vent,Deg,166.2
2025-12-14 19:00:00,Évapotranspiration Horaire,Évapotranspiration Horaire,mm/h,1.42
2025-12-14 19:00:00,Pression atmosphérique,Pression atmosphérique,mm/j,1022.1
2025-12-14 19:00:00,Rayonnement solaire,Rayonnement solaire,W/m²,0.0
2025-12-14 19:00:00,Point de Rosée,Point de Rosée,°C,14.6
2025-12-14 19:00:00,Humidité relative,Humidité relative,%,83.5
2025-12-14 19:00:00,Température,Température,°C,17.4
2025-12-14 19:00:00,Vitesse du vent,Vitesse du vent,m/s,0.83
2025-12-14 18:00:00,Point de Rosée,Point de Rosée,°C,14.4
2025-12-14 18:00:00,Température,Température,°C,17.6
2025-12-14 18:00:00,Évapotranspiration Horaire,Évapotranspiration Horaire,mm/h,1.42
2025-12-14 18:00:00,Direction du vent,Direction du vent,Deg,181.7
2025-12-14 18:00:00,Vitesse du vent,Vitesse du vent,m/s,1.84
2025-12-14 18:00:00,Rayonnement solaire,Rayonnement solaire,W/m²,0.0
2025-12-14 18:00:00,Humidité relative,Humidité relative,%,81.5
2025-12-14 18:00:00,Pression atmosphérique,Pression atmosphérique,mm/j,1021.5
2025-12-14 17:00:00,Point de Rosée,Point de Rosée,°C,14.9
2025-12-14 17:00:00,Humidité relative,Humidité relative,%,80.8
2025-12-14 17:00:00,Évapotranspiration Horaire,Évapotranspiration Horaire,mm/h,1.42
2025-12-14 17:00:00,Température,Température,°C,18.2
2025-12-14 17:00:00,Rayonnement solaire,Rayonnement solaire,W/m²,5.0
2025-12-14 17:00:00,Direction du vent,Direction du vent,Deg,99.6
2025-12-14 17:00:00,Pression atmosphérique,Pression atmosphérique,mm/j,1021.3
2025-12-14 17:00:00,Vitesse du vent,Vitesse du vent,m/s,2.02
2025-12-14 16:00:00,Point de Rosée,Point de Rosée,°C,15.0
2025-12-14 16:00:00,Évapotranspiration Horaire,Évapotranspiration Horaire,mm/h,1.42
2025-12-14 16:00:00,Pression atmosphérique,Pression atmosphérique,mm/j,1021.6
2025-12-14 16:00:00,Rayonnement solaire,Rayonnement solaire,W/m²,43.0
2025-12-14 16:00:00,Humidité relative,Humidité relative,%,79.6
2025-12-14 16:00:00,Température,Température,°C,18.6
2025-12-14 16:00:00,Direction du vent,Direction du vent,Deg,67.1
2025-12-14 16:00:00,Vitesse du vent,Vitesse du vent,m/s,0.95
2025-12-14 15:00:00,Point de Rosée,Point de Rosée,°C,15.2
2025-12-14 15:00:00,Évapotranspiration Horaire,Évapotranspiration Horaire,mm/h,1.42
2025-12-14 15:00:00,Direction du vent,Direction du vent,Deg,141.0
2025-12-14 15:00:00,Pression atmosphérique,Pression atmosphérique,mm/j,1021.6
2025-12-14 15:00:00,Température,Température,°C,20.0
2025-12-14 15:00:00,Rayonnement solaire,Rayonnement solaire,W/m²,125.0
2025-12-14 15:00:00,Humidité relative,Humidité relative,%,74.2
2025-12-14 15:00:00,Vitesse du vent,Vitesse du vent,m/s,1.82
2025-12-14 14:00:00,Point de Rosée,Point de Rosée,°C,15.4
2025-12-14 14:00:00,Vitesse du vent,Vitesse du vent,m/s,1.86
2025-12-14 14:00:00,Direction du vent,Direction du vent,Deg,96.0
2025-12-14 14:00:00,Température,Température,°C,20.0
2025-12-14 14:00:00,Humidité relative,Humidité relative,%,74.9
2025-12-14 14:00:00,Rayonnement solaire,Rayonnement solaire,W/m²,349.0
2025-12-14 14:00:00,Pression atmosphérique,Pression atmosphérique,mm/j,1021.6
2025-12-14 14:00:00,Évapotranspiration Horaire,Évapotranspiration Horaire,mm/h,1.42
2025-12-14 13:00:00,Vitesse du vent,Vitesse du vent,m/s,0.52
2025-12-14 13:00:00,Température,Température,°C,20.0
2025-12-14 13:00:00,Point de Rosée,Point de Rosée,°C,14.4
2025-12-14 13:00:00,Pression atmosphérique,Pression atmosphérique,mm/j,1022.4
2025-12-14 13:00:00,Direction du vent,Direction du vent,Deg,95.5
2025-12-14 13:00:00,Évapotranspiration Horaire,Évapotranspiration Horaire,mm/h,1.42
2025-12-14 13:00:00,Humidité relative,Humidité relative,%,70.1
2025-12-14 13:00:00,Rayonnement solaire,Rayonnement solaire,W/m²,435.0
2025-12-14 12:00:00,Rayonnement solaire,Rayonnement solaire,W/m²,488.0
2025-12-14 12:00:00,Direction du vent,Direction du vent,Deg,63.2
2025-12-14 12:00:00,Température,Température,°C,21.2
2025-12-14 12:00:00,Humidité relative,Humidité relative,%,65.1
2025-12-14 12:00:00,Vitesse du vent,Vitesse du vent,m/s,2.35
2025-12-14 12:00:00,Évapotranspiration Horaire,Évapotranspiration Horaire,mm/h,1.42
2025-12-14 12:00:00,Point de Rosée,Point de Rosée,°C,14.4
2025-12-14 12:00:00,Pression atmosphérique,Pression atmosphérique,mm/j,1022.9
2025-12-14 11:00:00,Température,Température,°C,19.9
2025-12-14 11:00:00,Vitesse du vent,Vitesse du vent,m/s,1.59
2025-12-14 11:00:00,Humidité relative,Humidité relative,%,69.2
2025-12-14 11:00:00,Point de Rosée,Point de Rosée,°C,14.1
2025-12-14 11:00:00,Rayonnement solaire,Rayonnement solaire,W/m²,199.0
2025-12-14 11:00:00,Pression atmosphérique,Pression atmosphérique,mm/j,1023.6
2025-12-14 11:00:00,Évapotranspiration Horaire,Évapotranspiration Horaire,mm/h,1.42
2025-12-14 11:00:00,Direction du vent,Direction du vent,Deg,229.0
2025-12-14 10:00:00,Pression atmosphérique,Pression atmosphérique,mm/j,1023.9
2025-12-14 10:00:00,Rayonnement solaire,Rayonnement solaire,W/m²,310.0
2025-12-14 10:00:00,Point de Rosée,Point de Rosée,°C,14.0
2025-12-14 10:00:00,Humidité relative,Humidité relative,%,80.9
2025-12-14 10:00:00,Vitesse du vent,Vitesse du vent,m/s,0.92
2025-12-14 10:00:00,Température,Température,°C,17.3
2025-12-14 10:00:00,Direction du vent,Direction du vent,Deg,358.3
2025-12-14 10:00:00,Évapotranspiration Horaire,Évapotranspiration Horaire,mm/h,1.42
2025-12-14 09:00:00,Évapotranspiration Horaire,Évapotranspiration Horaire,mm/h,1.42
2025-12-14 09:00:00,Humidité relative,Humidité relative,%,93.5
2025-12-14 09:00:00,Pression atmosphérique,Pression atmosphérique,mm/j,1023.7
2025-12-14 09:00:00,Température,Température,°C,15.0
2025-12-14 09:00:00,Rayonnement solaire,Rayonnement solaire,W/m²,213.0
2025-12-14 09:00:00,Direction du vent,Direction du vent,Deg,273.5
2025-12-14 09:00:00,Point de Rosée,Point de Rosée,°C,14.0
2025-12-14 09:00:00,Vitesse du vent,Vitesse du vent,m/s,0.63
2025-12-14 08:00:00,Vitesse du vent,Vitesse du vent,m/s,0.81
2025-12-14 08:00:00,Point de Rosée,Point de Rosée,°C,12.2
2025-12-14 08:00:00,Évapotranspiration Horaire,Évapotranspiration Horaire,mm/h,1.42
2025-12-14 08:00:00,Direction du vent,Direction du vent,Deg,272.2
2025-12-14 08:00:00,Température,Température,°C,12.6
2025-12-14 08:00:00,Humidité relative,Humidité relative,%,97.6
2025-12-14 08:00:00,Pression atmosphérique,Pression atmosphérique,mm/j,1023.2
2025-12-14 08:00:00,Rayonnement solaire,Rayonnement solaire,W/m²,45.0
2025-12-14 07:00:00,Pression atmosphérique,Pression atmosphérique,mm/j,1023.3
2025-12-14 07:00:00,Rayonnement solaire,Rayonnement solaire,W/m²,0.0
2025-12-14 07:00:00,Température,Température,°C,12.5
2025-12-14 07:00:00,Vitesse du vent,Vitesse du vent,m/s,1.4
2025-12-14 07:00:00,Humidité relative,Humidité relative,%,96.7
2025-12-14 07:00:00,Évapotranspiration Horaire,Évapotranspiration Horaire,mm/h,1.42
2025-12-14 07:00:00,Point de Rosée,Point de Rosée,°C,12.0
2025-12-14 07:00:00,Direction du vent,Direction du vent,Deg,278.1
2025-12-14 06:00:00,Température,Température,°C,13.2
2025-12-14 06:00:00,Évapotranspiration Horaire,Évapotranspiration Horaire,mm/h,1.42
2025-12-14 06:00:00,Pression atmosphérique,Pression atmosphérique,mm/j,1022.9
2025-12-14 06:00:00,Rayonnement solaire,Rayonnement solaire,W/m²,0.0
2025-12-14 06:00:00,Point de Rosée,Point de Rosée,°C,12.5
2025-12-14 06:00:00,Humidité relative,Humidité relative,%,95.8
2025-12-14 06:00:00,Direction du vent,Direction du vent,Deg,358.1
2025-12-14 06:00:00,Vitesse du vent,Vitesse du vent,m/s,0.36
2025-12-14 05:00:00,Rayonnement solaire,Rayonnement solaire,W/m²,0.0
2025-12-14 05:00:00,Humidité relative,Humidité relative,%,96.9
2025-12-14 05:00:00,Évapotranspiration Horaire,Évapotranspiration Horaire,mm/h,1.42
2025-12-14 05:00:00,Température,Température,°C,12.5
2025-12-14 05:00:00,Vitesse du vent,Vitesse du vent,m/s,0.29
2025-12-14 05:00:00,Direction du vent,Direction du vent,Deg,293.7
2025-12-14 05:00:00,Pression atmosphérique,Pression atmosphérique,mm/j,1022.5
2025-12-14 05:00:00,Point de Rosée,Point de Rosée,°C,12.0
2025-12-14 04:00:00,Pression atmosphérique,Pression atmosphérique,mm/j,1022.7
2025-12-14 04:00:00,Rayonnement solaire,Rayonnement solaire,W/m²,0.0
2025-12-14 04:00:00,Point de Rosée,Point de Rosée,°C,11.5
2025-12-14 04:00:00,Humidité relative,Humidité relative,%,97.0
2025-12-14 04:00:00,Température,Température,°C,12.0
2025-12-14 04:00:00,Direction du vent,Direction du vent,Deg,244.8
2025-12-14 04:00:00,Vitesse du vent,Vitesse du vent,m/s,0.56
2025-12-14 04:00:00,Évapotranspiration Horaire,Évapotranspiration Horaire,mm/h,1.42
2025-12-14 03:00:00,Humidité relative,Humidité relative,%,95.8
2025-12-14 03:00:00,Évapotranspiration Horaire,Évapotranspiration Horaire,mm/h,1.42
2025-12-14 03:00:00,Température,Température,°C,11.6
2025-12-14 03:00:00,Pression atmosphérique,Pression atmosphérique,mm/j,1023.1
2025-12-14 03:00:00,Point de Rosée,Point de Rosée,°C,11.0
2025-12-14 03:00:00,Direction du vent,Direction du vent,Deg,263.1
2025-12-14 03:00:00,Rayonnement solaire,Rayonnement solaire,W/m²,1.0
2025-12-14 03:00:00,Vitesse du vent,Vitesse du vent,m/s,0.63
2025-12-14 02:00:00,Température,Température,°C,11.4
2025-12-14 02:00:00,Évapotranspiration Horaire,Évapotranspiration Horaire,mm/h,1.42
2025-12-14 02:00:00,Pression atmosphérique,Pression atmosphérique,mm/j,1023.0
2025-12-14 02:00:00,Rayonnement solaire,Rayonnement solaire,W/m²,0.0
2025-12-14 02:00:00,Point de Rosée,Point de Rosée,°C,10.6
2025-12-14 02:00:00,Humidité relative,Humidité relative,%,94.7
2025-12-14 02:00:00,Direction du vent,Direction du vent,Deg,354.3
2025-12-14 02:00:00,Vitesse du vent,Vitesse du vent,m/s,0.4
2025-12-14 01:00:00,Évapotranspiration Horaire,Évapotranspiration Horaire,mm/h,1.42
2025-12-14 01:00:00,Humidité relative,Humidité relative,%,93.7
2025-12-14 01:00:00,Rayonnement solaire,Rayonnement solaire,W/m²,0.0
2025-12-14 01:00:00,Température,Température,°C,12.0
2025-12-14 01:00:00,Pression atmosphérique,Pression atmosphérique,mm/j,1023.0
2025-12-14 01:00:00,Direction du vent,Direction du vent,Deg,1.3
2025-12-14 01:00:00,Point de Rosée,Point de Rosée,°C,11.0
2025-12-14 01:00:00,Vitesse du vent,Vitesse du vent,m/s,0.24
2025-12-14 00:00:00,Point de Rosée,Point de Rosée,°C,10.7
2025-12-14 00:00:00,Évapotranspiration Horaire,Évapotranspiration Horaire,mm/h,1.33
2025-12-14 00:00:00,Pression atmosphérique,Pression atmosphérique,mm/j,1023.3
2025-12-14 00:00:00,Rayonnement solaire,Rayonnement solaire,W/m²,0.0
2025-12-14 00:00:00,Vitesse du vent,Vitesse du vent,m/s,0.22
2025-12-14 00:00:00,Humidité relative,Humidité relative,%,91.2
2025-12-14 00:00:00,Température,Température,°C,12.1
2025-12-14 00:00:00,Direction du vent,Direction du vent,Deg,297.9
2025-12-13 23:00:00,Point de Rosée,Point de Rosée,°C,10.9
2025-12-13 23:00:00,Évapotranspiration Horaire,Évapotranspiration Horaire,mm/h,1.33
2025-12-13 23:00:00,Direction du vent,Direction du vent,Deg,256.3
2025-12-13 23:00:00,Pression atmosphérique,Pression atmosphérique,mm/j,1023.5
2025-12-13 23:00:00,Température,Température,°C,12.9
2025-12-13 23:00:00,Rayonnement solaire,Rayonnement solaire,W/m²,0.0
2025-12-13 23:00:00,Humidité relative,Humidité relative,%,87.7
2025-12-13 23:00:00,Vitesse du vent,Vitesse du vent,m/s,0.27
2025-12-13 22:00:00,Point de Rosée,Point de Rosée,°C,12.0
2025-12-13 22:00:00,Évapotranspiration Horaire,Évapotranspiration Horaire,mm/h,1.33
2025-12-13 22:00:00,Pression atmosphérique,Pression atmosphérique,mm/j,1022.9
2025-12-13 22:00:00,Rayonnement solaire,Rayonnement solaire,W/m²,1.0
2025-12-13 22:00:00,Humidité relative,Humidité relative,%,78.6
2025-12-13 22:00:00,Température,Température,°C,15.8
2025-12-13 22:00:00,Direction du vent,Direction du vent,Deg,23.5
2025-12-13 22:00:00,Vitesse du vent,Vitesse du vent,m/s,0.3
2025-12-13 21:00:00,Évapotranspiration Horaire,Évapotranspiration Horaire,mm/h,1.33
2025-12-13 21:00:00,Humidité relative,Humidité relative,%,79.7
2025-12-13 21:00:00,Vitesse du vent,Vitesse du vent,m/s,0.8
2025-12-13 21:00:00,Température,Température,°C,15.7
2025-12-13 21:00:00,Direction du vent,Direction du vent,Deg,359.1
2025-12-13 21:00:00,Rayonnement solaire,Rayonnement solaire,W/m²,0.0
2025-12-13 21:00:00,Pression atmosphérique,Pression atmosphérique,mm/j,1022.6
2025-12-13 21:00:00,Point de Rosée,Point de Rosée,°C,12.2
2025-12-13 20:00:00,Température,Température,°C,16.2
2025-12-13 20:00:00,Rayonnement solaire,Rayonnement solaire,W/m²,0.0
2025-12-13 20:00:00,Point de Rosée,Point de Rosée,°C,12.0
2025-12-13 20:00:00,Humidité relative,Humidité relative,%,76.2
2025-12-13 20:00:00,Direction du vent,Direction du vent,Deg,120.2
2025-12-13 20:00:00,Vitesse du vent,Vitesse du vent,m/s,1.11
2025-12-13 20:00:00,Pression atmosphérique,Pression atmosphérique,mm/j,1022.7
2025-12-13 20:00:00,Évapotranspiration Horaire,Évapotranspiration Horaire,mm/h,1.33
2025-12-13 19:00:00,Rayonnement solaire,Rayonnement solaire,W/m²,0.0
2025-12-13 19:00:00,Évapotranspiration Horaire,Évapotranspiration Horaire,mm/h,1.33
2025-12-13 19:00:00,Humidité relative,Humidité relative,%,71.7
2025-12-13 19:00:00,Pression atmosphérique,Pression atmosphérique,mm/j,1022.4
2025-12-13 19:00:00,Direction du vent,Direction du vent,Deg,112.1
2025-12-13 19:00:00,Vitesse du vent,Vitesse du vent,m/s,1.34
2025-12-13 19:00:00,Point de Rosée,Point de Rosée,°C,11.2
2025-12-13 19:00:00,Température,Température,°C,16.4
2025-12-13 18:00:00,Température,Température,°C,16.4
2025-12-13 18:00:00,Évapotranspiration Horaire,Évapotranspiration Horaire,mm/h,1.33
2025-12-13 18:00:00,Pression atmosphérique,Pression atmosphérique,mm/j,1021.9
2025-12-13 18:00:00,Rayonnement solaire,Rayonnement solaire,W/m²,0.0
2025-12-13 18:00:00,Point de Rosée,Point de Rosée,°C,11.3
2025-12-13 18:00:00,Humidité relative,Humidité relative,%,72.1
2025-12-13 18:00:00,Direction du vent,Direction du vent,Deg,45.0
2025-12-13 18:00:00,Vitesse du vent,Vitesse du vent,m/s,0.93
2025-12-13 17:00:00,Évapotranspiration Horaire,Évapotranspiration Horaire,mm/h,1.33
2025-12-13 17:00:00,Humidité relative,Humidité relative,%,70.8
2025-12-13 17:00:00,Rayonnement solaire,Rayonnement solaire,W/m²,3.0
2025-12-13 17:00:00,Température,Température,°C,17.2
2025-12-13 17:00:00,Pression atmosphérique,Pression atmosphérique,mm/j,1021.6
2025-12-13 17:00:00,Direction du vent,Direction du vent,Deg,76.3
2025-12-13 17:00:00,Point de Rosée,Point de Rosée,°C,11.9
2025-12-13 17:00:00,Vitesse du vent,Vitesse du vent,m/s,1.1
2025-12-13 16:00:00,Point de Rosée,Point de Rosée,°C,12.3
2025-12-13 16:00:00,Évapotranspiration Horaire,Évapotranspiration Horaire,mm/h,1.33
2025-12-13 16:00:00,Pression atmosphérique,Pression atmosphérique,mm/j,1021.5
2025-12-13 16:00:00,Rayonnement solaire,Rayonnement solaire,W/m²,112.0
2025-12-13 16:00:00,Vitesse du vent,Vitesse du vent,m/s,2.52
2025-12-13 16:00:00,Humidité relative,Humidité relative,%,65.5
2025-12-13 16:00:00,Température,Température,°C,18.9
2025-12-13 16:00:00,Direction du vent,Direction du vent,Deg,64.8
2025-12-13 15:00:00,Vitesse du vent,Vitesse du vent,m/s,1.46
2025-12-13 15:00:00,Évapotranspiration Horaire,Évapotranspiration Horaire,mm/h,1.33
2025-12-13 15:00:00,Direction du vent,Direction du vent,Deg,127.8
2025-12-13 15:00:00,Pression atmosphérique,Pression atmosphérique,mm/j,1021.3
2025-12-13 15:00:00,Température,Température,°C,19.6
2025-12-13 15:00:00,Rayonnement solaire,Rayonnement solaire,W/m²,265.0
2025-12-13 15:00:00,Humidité relative,Humidité relative,%,63.2
2025-12-13 15:00:00,Point de Rosée,Point de Rosée,°C,12.4
2025-12-13 14:00:00,Point de Rosée,Point de Rosée,°C,13.6
2025-12-13 14:00:00,Évapotranspiration Horaire,Évapotranspiration Horaire,mm/h,1.33
2025-12-13 14:00:00,Pression atmosphérique,Pression atmosphérique,mm/j,1021.3
2025-12-13 14:00:00,Rayonnement solaire,Rayonnement solaire,W/m²,383.0
2025-12-13 14:00:00,Humidité relative,Humidité relative,%,70.6
2025-12-13 14:00:00,Température,Température,°C,19.1
2025-12-13 14:00:00,Direction du vent,Direction du vent,Deg,9.1
2025-12-13 14:00:00,Vitesse du vent,Vitesse du vent,m/s,1.32
2025-12-13 13:00:00,Pression atmosphérique,Pression atmosphérique,mm/j,1021.8
2025-12-13 13:00:00,Direction du vent,Direction du vent,Deg,37.8
2025-12-13 13:00:00,Rayonnement solaire,Rayonnement solaire,W/m²,451.0
2025-12-13 13:00:00,Évapotranspiration Horaire,Évapotranspiration Horaire,mm/h,1.33
2025-12-13 13:00:00,Humidité relative,Humidité relative,%,70.9
2025-12-13 13:00:00,Vitesse du vent,Vitesse du vent,m/s,3.27
2025-12-13 13:00:00,Point de Rosée,Point de Rosée,°C,14.0
2025-12-13 13:00:00,Température,Température,°C,19.4
2025-12-13 12:00:00,Vitesse du vent,Vitesse du vent,m/s,1.9
2025-12-13 12:00:00,Évapotranspiration Horaire,Évapotranspiration Horaire,mm/h,1.33
2025-12-13 12:00:00,Humidité relative,Humidité relative,%,75.0
2025-12-13 12:00:00,Pression atmosphérique,Pression atmosphérique,mm/j,1022.2
2025-12-13 12:00:00,Température,Température,°C,18.7
2025-12-13 12:00:00,Direction du vent,Direction du vent,Deg,1.8
2025-12-13 12:00:00,Rayonnement solaire,Rayonnement solaire,W/m²,465.0
2025-12-13 12:00:00,Point de Rosée,Point de Rosée,°C,14.1
2025-12-13 11:00:00,Vitesse du vent,Vitesse du vent,m/s,0.76
2025-12-13 11:00:00,Évapotranspiration Horaire,Évapotranspiration Horaire,mm/h,1.33
2025-12-13 11:00:00,Pression atmosphérique,Pression atmosphérique,mm/j,1022.8
2025-12-13 11:00:00,Rayonnement solaire,Rayonnement solaire,W/m²,117.0
2025-12-13 11:00:00,Point de Rosée,Point de Rosée,°C,14.3
2025-12-13 11:00:00,Humidité relative,Humidité relative,%,79.5
2025-12-13 11:00:00,Température,Température,°C,17.9
2025-12-13 11:00:00,Direction du vent,Direction du vent,Deg,26.0
2025-12-13 10:00:00,Humidité relative,Humidité relative,%,92.9
2025-12-13 10:00:00,Rayonnement solaire,Rayonnement solaire,W/m²,181.0
2025-12-13 10:00:00,Température,Température,°C,16.1
2025-12-13 10:00:00,Pression atmosphérique,Pression atmosphérique,mm/j,1022.8
2025-12-13 10:00:00,Point de Rosée,Point de Rosée,°C,15.0
2025-12-13 10:00:00,Direction du vent,Direction du vent,Deg,313.1
2025-12-13 10:00:00,Évapotranspiration Horaire,Évapotranspiration Horaire,mm/h,1.33
2025-12-13 10:00:00,Vitesse du vent,Vitesse du vent,m/s,0.26
2025-12-13 09:00:00,Rayonnement solaire,Rayonnement solaire,W/m²,95.0
2025-12-13 09:00:00,Température,Température,°C,14.7
2025-12-13 09:00:00,Évapotranspiration Horaire,Évapotranspiration Horaire,mm/h,1.33
2025-12-13 09:00:00,Pression atmosphérique,Pression atmosphérique,mm/j,1022.2
2025-12-13 09:00:00,Point de Rosée,Point de Rosée,°C,14.7
2025-12-13 09:00:00,Humidité relative,Humidité relative,%,100.0
2025-12-13 09:00:00,Vitesse du vent,Vitesse du vent,m/s,0.66
2025-12-13 09:00:00,Direction du vent,Direction du vent,Deg,276.5
2025-12-13 08:00:00,Évapotranspiration Horaire,Évapotranspiration Horaire,mm/h,1.33
2025-12-13 08:00:00,Vitesse du vent,Vitesse du vent,m/s,0.4
2025-12-13 08:00:00,Direction du vent,Direction du vent,Deg,227.3
2025-12-13 08:00:00,Pression atmosphérique,Pression atmosphérique,mm/j,1021.4
2025-12-13 08:00:00,Température,Température,°C,12.1
2025-12-13 08:00:00,Rayonnement solaire,Rayonnement solaire,W/m²,31.0
2025-12-13 08:00:00,Humidité relative,Humidité relative,%,100.0
2025-12-13 08:00:00,Point de Rosée,Point de Rosée,°C,12.1
2025-12-13 07:00:00,Évapotranspiration Horaire,Évapotranspiration Horaire,mm/h,1.33
2025-12-13 07:00:00,Pression atmosphérique,Pression atmosphérique,mm/j,1020.5
2025-12-13 07:00:00,Rayonnement solaire,Rayonnement solaire,W/m²,0.0
2025-12-13 07:00:00,Point de Rosée,Point de Rosée,°C,11.7
2025-12-13 07:00:00,Humidité relative,Humidité relative,%,100.0
2025-12-13 07:00:00,Température,Température,°C,11.7
2025-12-13 07:00:00,Direction du vent,Direction du vent,Deg,226.3
2025-12-13 07:00:00,Vitesse du vent,Vitesse du vent,m/s,0.71
2025-12-13 06:00:00,Évapotranspiration Horaire,Évapotranspiration Horaire,mm/h,1.33
2025-12-13 06:00:00,Humidité relative,Humidité relative,%,100.0
2025-12-13 06:00:00,Point de Rosée,Point de Rosée,°C,12.4
2025-12-13 06:00:00,Température,Température,°C,12.4
2025-12-13 06:00:00,Rayonnement solaire,Rayonnement solaire,W/m²,0.0
2025-12-13 06:00:00,Direction du vent,Direction du vent,Deg,307.7
2025-12-13 06:00:00,Pression atmosphérique,Pression atmosphérique,mm/j,1020.1
2025-12-13 06:00:00,Vitesse du vent,Vitesse du vent,m/s,0.53
2025-12-13 05:00:00,Direction du vent,Direction du vent,Deg,271.5
2025-12-13 05:00:00,Évapotranspiration Horaire,Évapotranspiration Horaire,mm/h,1.33
2025-12-13 05:00:00,Pression atmosphérique,Pression atmosphérique,mm/j,1020.0
2025-12-13 05:00:00,Rayonnement solaire,Rayonnement solaire,W/m²,1.0
2025-12-13 05:00:00,Point de Rosée,Point de Rosée,°C,12.4
2025-12-13 05:00:00,Humidité relative,Humidité relative,%,100.0
2025-12-13 05:00:00,Température,Température,°C,12.4
2025-12-13 05:00:00,Vitesse du vent,Vitesse du vent,m/s,0.18
2025-12-13 04:00:00,Humidité relative,Humidité relative,%,100.0
2025-12-13 04:00:00,Rayonnement solaire,Rayonnement solaire,W/m²,1.0
2025-12-13 04:00:00,Température,Température,°C,11.5
2025-12-13 04:00:00,Pression atmosphérique,Pression atmosphérique,mm/j,1019.6
2025-12-13 04:00:00,Évapotranspiration Horaire,Évapotranspiration Horaire,mm/h,1.33
2025-12-13 04:00:00,Direction du vent,Direction du vent,Deg,241.5
2025-12-13 04:00:00,Point de Rosée,Point de Rosée,°C,11.5
2025-12-13 04:00:00,Vitesse du vent,Vitesse du vent,m/s,0.81
2025-12-13 03:00:00,Rayonnement solaire,Rayonnement solaire,W/m²,0.0
2025-12-13 03:00:00,Vitesse du vent,Vitesse du vent,m/s,0.36
2025-12-13 03:00:00,Évapotranspiration Horaire,Évapotranspiration Horaire,mm/h,1.33
2025-12-13 03:00:00,Pression atmosphérique,Pression atmosphérique,mm/j,1019.9
2025-12-13 03:00:00,Point de Rosée,Point de Rosée,°C,10.6
2025-12-13 03:00:00,Humidité relative,Humidité relative,%,100.0
2025-12-13 03:00:00,Température,Température,°C,10.6
2025-12-13 03:00:00,Direction du vent,Direction du vent,Deg,110.9
2025-12-13 02:00:00,Évapotranspiration Horaire,Évapotranspiration Horaire,mm/h,1.33
2025-12-13 02:00:00,Humidité relative,Humidité relative,%,100.0
2025-12-13 02:00:00,Vitesse du vent,Vitesse du vent,m/s,0.47
2025-12-13 02:00:00,Pression atmosphérique,Pression atmosphérique,mm/j,1019.5
2025-12-13 02:00:00,Direction du vent,Direction du vent,Deg,266.5
2025-12-13 02:00:00,Rayonnement solaire,Rayonnement solaire,W/m²,0.0
2025-12-13 02:00:00,Température,Température,°C,11.4
2025-12-13 02:00:00,Point de Rosée,Point de Rosée,°C,11.4
2025-12-13 01:00:00,Rayonnement solaire,Rayonnement solaire,W/m²,0.0
2025-12-13 01:00:00,Évapotranspiration Horaire,Évapotranspiration Horaire,mm/h,1.33
2025-12-13 01:00:00,Pression atmosphérique,Pression atmosphérique,mm/j,1019.6
2025-12-13 01:00:00,Point de Rosée,Point de Rosée,°C,11.3
2025-12-13 01:00:00,Humidité relative,Humidité relative,%,100.0
2025-12-13 01:00:00,Température,Température,°C,11.3
2025-12-13 01:00:00,Direction du vent,Direction du vent,Deg,9.5
2025-12-13 01:00:00,Vitesse du vent,Vitesse du vent,m/s,0.18
2025-12-13 00:00:00,Humidité relative,Humidité relative,%,99.2
2025-12-13 00:00:00,Pression atmosphérique,Pression atmosphérique,mm/j,1019.7
2025-12-13 00:00:00,Point de Rosée,Point de Rosée,°C,11.6
2025-12-13 00:00:00,Température,Température,°C,11.7
2025-12-13 00:00:00,Rayonnement solaire,Rayonnement solaire,W/m²,0.0
2025-12-13 00:00:00,Direction du vent,Direction du vent,Deg,242.6
2025-12-13 00:00:00,Évapotranspiration Horaire,Évapotranspiration Horaire,mm/h,1.32
2025-12-13 00:00:00,Vitesse du vent,Vitesse du vent,m/s,0.35
2025-12-12 23:00:00,Direction du vent,Direction du vent,Deg,279.5
2025-12-12 23:00:00,Évapotranspiration Horaire,Évapotranspiration Horaire,mm/h,1.32
2025-12-12 23:00:00,Pression atmosphérique,Pression atmosphérique,mm/j,1019.7
2025-12-12 23:00:00,Rayonnement solaire,Rayonnement solaire,W/m²,0.0
2025-12-12 23:00:00,Point de Rosée,Point de Rosée,°C,12.0
2025-12-12 23:00:00,Humidité relative,Humidité relative,%,98.4
2025-12-12 23:00:00,Température,Température,°C,12.2
2025-12-12 23:00:00,Vitesse du vent,Vitesse du vent,m/s,0.18
2025-12-12 22:00:00,Point de Rosée,Point de Rosée,°C,11.7
2025-12-12 22:00:00,Évapotranspiration Horaire,Évapotranspiration Horaire,mm/h,1.32
2025-12-12 22:00:00,Température,Température,°C,12.3
2025-12-12 22:00:00,Pression atmosphérique,Pression atmosphérique,mm/j,1019.4
2025-12-12 22:00:00,Humidité relative,Humidité relative,%,96.4
2025-12-12 22:00:00,Direction du vent,Direction du vent,Deg,221.9
2025-12-12 22:00:00,Rayonnement solaire,Rayonnement solaire,W/m²,0.0
2025-12-12 22:00:00,Vitesse du vent,Vitesse du vent,m/s,0.46
2025-12-12 21:00:00,Rayonnement solaire,Rayonnement solaire,W/m²,0.0
2025-12-12 21:00:00,Direction du vent,Direction du vent,Deg,207.7
2025-12-12 21:00:00,Évapotranspiration Horaire,Évapotranspiration Horaire,mm/h,1.32
2025-12-12 21:00:00,Pression atmosphérique,Pression atmosphérique,mm/j,1019.3
2025-12-12 21:00:00,Vitesse du vent,Vitesse du vent,m/s,0.18
2025-12-12 21:00:00,Point de Rosée,Point de Rosée,°C,12.5
2025-12-12 21:00:00,Humidité relative,Humidité relative,%,95.0
2025-12-12 21:00:00,Température,Température,°C,13.3
2025-12-12 20:00:00,Vitesse du vent,Vitesse du vent,m/s,0.35
2025-12-12 20:00:00,Humidité relative,Humidité relative,%,93.1
2025-12-12 20:00:00,Température,Température,°C,13.3
2025-12-12 20:00:00,Pression atmosphérique,Pression atmosphérique,mm/j,1018.9
2025-12-12 20:00:00,Évapotranspiration Horaire,Évapotranspiration Horaire,mm/h,1.32
2025-12-12 20:00:00,Rayonnement solaire,Rayonnement solaire,W/m²,0.0
2025-12-12 20:00:00,Direction du vent,Direction du vent,Deg,226.4
2025-12-12 20:00:00,Point de Rosée,Point de Rosée,°C,12.2
2025-12-12 19:00:00,Rayonnement solaire,Rayonnement solaire,W/m²,0.0
2025-12-12 19:00:00,Évapotranspiration Horaire,Évapotranspiration Horaire,mm/h,1.32
2025-12-12 19:00:00,Pression atmosphérique,Pression atmosphérique,mm/j,1018.5
2025-12-12 19:00:00,Point de Rosée,Point de Rosée,°C,11.3
2025-12-12 19:00:00,Humidité relative,Humidité relative,%,89.8
2025-12-12 19:00:00,Température,Température,°C,13.0
2025-12-12 19:00:00,Direction du vent,Direction du vent,Deg,226.4
2025-12-12 19:00:00,Vitesse du vent,Vitesse du vent,m/s,0.35
2025-12-12 18:00:00,Pression atmosphérique,Pression atmosphérique,mm/j,1017.9
2025-12-12 18:00:00,Humidité relative,Humidité relative,%,83.7
2025-12-12 18:00:00,Point de Rosée,Point de Rosée,°C,11.9
2025-12-12 18:00:00,Température,Température,°C,14.6
2025-12-12 18:00:00,Rayonnement solaire,Rayonnement solaire,W/m²,0.0
2025-12-12 18:00:00,Direction du vent,Direction du vent,Deg,234.5
2025-12-12 18:00:00,Évapotranspiration Horaire,Évapotranspiration Horaire,mm/h,1.32
2025-12-12 18:00:00,Vitesse du vent,Vitesse du vent,m/s,0.7
2025-12-12 17:00:00,Direction du vent,Direction du vent,Deg,73.0
2025-12-12 17:00:00,Évapotranspiration Horaire,Évapotranspiration Horaire,mm/h,1.32
2025-12-12 17:00:00,Pression atmosphérique,Pression atmosphérique,mm/j,1017.4
2025-12-12 17:00:00,Rayonnement solaire,Rayonnement solaire,W/m²,4.0
2025-12-12 17:00:00,Point de Rosée,Point de Rosée,°C,12.8
2025-12-12 17:00:00,Humidité relative,Humidité relative,%,76.1
2025-12-12 17:00:00,Température,Température,°C,17.0
2025-12-12 17:00:00,Vitesse du vent,Vitesse du vent,m/s,0.48
2025-12-12 16:00:00,Humidité relative,Humidité relative,%,72.6
2025-12-12 16:00:00,Rayonnement solaire,Rayonnement solaire,W/m²,105.0
2025-12-12 16:00:00,Température,Température,°C,18.7
2025-12-12 16:00:00,Pression atmosphérique,Pression atmosphérique,mm/j,1017.4
2025-12-12 16:00:00,Évapotranspiration Horaire,Évapotranspiration Horaire,mm/h,1.32
2025-12-12 16:00:00,Direction du vent,Direction du vent,Deg,84.5
2025-12-12 16:00:00,Point de Rosée,Point de Rosée,°C,13.7
2025-12-12 16:00:00,Vitesse du vent,Vitesse du vent,m/s,1.87
2025-12-12 15:00:00,Rayonnement solaire,Rayonnement solaire,W/m²,251.0
2025-12-12 15:00:00,Vitesse du vent,Vitesse du vent,m/s,0.85
2025-12-12 15:00:00,Évapotranspiration Horaire,Évapotranspiration Horaire,mm/h,1.32
2025-12-12 15:00:00,Pression atmosphérique,Pression atmosphérique,mm/j,1017.4
2025-12-12 15:00:00,Point de Rosée,Point de Rosée,°C,13.8
2025-12-12 15:00:00,Humidité relative,Humidité relative,%,72.9
2025-12-12 15:00:00,Température,Température,°C,18.8
2025-12-12 15:00:00,Direction du vent,Direction du vent,Deg,40.1
2025-12-12 14:00:00,Évapotranspiration Horaire,Évapotranspiration Horaire,mm/h,1.32
2025-12-12 14:00:00,Humidité relative,Humidité relative,%,73.4
2025-12-12 14:00:00,Vitesse du vent,Vitesse du vent,m/s,1.06
2025-12-12 14:00:00,Pression atmosphérique,Pression atmosphérique,mm/j,1017.6
2025-12-12 14:00:00,Direction du vent,Direction du vent,Deg,68.2
2025-12-12 14:00:00,Rayonnement solaire,Rayonnement solaire,W/m²,377.0
2025-12-12 14:00:00,Température,Température,°C,18.9
2025-12-12 14:00:00,Point de Rosée,Point de Rosée,°C,14.0
2025-12-12 13:00:00,Rayonnement solaire,Rayonnement solaire,W/m²,451.0
2025-12-12 13:00:00,Évapotranspiration Horaire,Évapotranspiration Horaire,mm/h,1.32
2025-12-12 13:00:00,Pression atmosphérique,Pression atmosphérique,mm/j,1018.2
2025-12-12 13:00:00,Point de Rosée,Point de Rosée,°C,13.3
2025-12-12 13:00:00,Humidité relative,Humidité relative,%,71.1
2025-12-12 13:00:00,Température,Température,°C,18.7
2025-12-12 13:00:00,Direction du vent,Direction du vent,Deg,18.1
2025-12-12 13:00:00,Vitesse du vent,Vitesse du vent,m/s,2.06
2025-12-12 12:00:00,Humidité relative,Humidité relative,%,73.5
2025-12-12 12:00:00,Pression atmosphérique,Pression atmosphérique,mm/j,1018.9
2025-12-12 12:00:00,Point de Rosée,Point de Rosée,°C,12.8
2025-12-12 12:00:00,Température,Température,°C,17.6
2025-12-12 12:00:00,Évapotranspiration Horaire,Évapotranspiration Horaire,mm/h,1.32
2025-12-12 12:00:00,Direction du vent,Direction du vent,Deg,30.6
2025-12-12 12:00:00,Rayonnement solaire,Rayonnement solaire,W/m²,205.0
2025-12-12 12:00:00,Vitesse du vent,Vitesse du vent,m/s,1.39
2025-12-12 11:00:00,Direction du vent,Direction du vent,Deg,324.7
2025-12-12 11:00:00,Évapotranspiration Horaire,Évapotranspiration Horaire,mm/h,1.32
2025-12-12 11:00:00,Pression atmosphérique,Pression atmosphérique,mm/j,1019.4
2025-12-12 11:00:00,Rayonnement solaire,Rayonnement solaire,W/m²,459.0
2025-12-12 11:00:00,Point de Rosée,Point de Rosée,°C,13.0
2025-12-12 11:00:00,Humidité relative,Humidité relative,%,74.6
2025-12-12 11:00:00,Température,Température,°C,17.5
2025-12-12 11:00:00,Vitesse du vent,Vitesse du vent,m/s,0.31
2025-12-12 10:00:00,Point de Rosée,Point de Rosée,°C,13.2
2025-12-12 10:00:00,Évapotranspiration Horaire,Évapotranspiration Horaire,mm/h,1.32
2025-12-12 10:00:00,Température,Température,°C,16.0
2025-12-12 10:00:00,Pression atmosphérique,Pression atmosphérique,mm/j,1019.7
2025-12-12 10:00:00,Rayonnement solaire,Rayonnement solaire,W/m²,353.0
2025-12-12 10:00:00,Direction du vent,Direction du vent,Deg,298.3
2025-12-12 10:00:00,Humidité relative,Humidité relative,%,83.6
2025-12-12 10:00:00,Vitesse du vent,Vitesse du vent,m/s,1.71
2025-12-12 09:00:00,Rayonnement solaire,Rayonnement solaire,W/m²,90.0
2025-12-12 09:00:00,Vitesse du vent,Vitesse du vent,m/s,1.06
2025-12-12 09:00:00,Évapotranspiration Horaire,Évapotranspiration Horaire,mm/h,1.32
2025-12-12 09:00:00,Pression atmosphérique,Pression atmosphérique,mm/j,1019.5
2025-12-12 09:00:00,Point de Rosée,Point de Rosée,°C,13.4
2025-12-12 09:00:00,Humidité relative,Humidité relative,%,100.0
2025-12-12 09:00:00,Température,Température,°C,13.4
2025-12-12 09:00:00,Direction du vent,Direction du vent,Deg,287.1
2025-12-12 08:00:00,Vitesse du vent,Vitesse du vent,m/s,0.18
2025-12-12 08:00:00,Humidité relative,Humidité relative,%,100.0
2025-12-12 08:00:00,Température,Température,°C,11.6
2025-12-12 08:00:00,Pression atmosphérique,Pression atmosphérique,mm/j,1019.1
2025-12-12 08:00:00,Direction du vent,Direction du vent,Deg,32.7
2025-12-12 08:00:00,Rayonnement solaire,Rayonnement solaire,W/m²,33.0
2025-12-12 08:00:00,Évapotranspiration Horaire,Évapotranspiration Horaire,mm/h,1.32
2025-12-12 08:00:00,Point de Rosée,Point de Rosée,°C,11.6
2025-12-12 07:00:00,Direction du vent,Direction du vent,Deg,335.7
2025-12-12 07:00:00,Évapotranspiration Horaire,Évapotranspiration Horaire,mm/h,1.32
2025-12-12 07:00:00,Pression atmosphérique,Pression atmosphérique,mm/j,1018.9
2025-12-12 07:00:00,Rayonnement solaire,Rayonnement solaire,W/m²,0.0
2025-12-12 07:00:00,Point de Rosée,Point de Rosée,°C,10.3
2025-12-12 07:00:00,Humidité relative,Humidité relative,%,100.0
2025-12-12 07:00:00,Température,Température,°C,10.3
2025-12-12 07:00:00,Vitesse du vent,Vitesse du vent,m/s,0.25
2025-12-12 06:00:00,Humidité relative,Humidité relative,%,100.0
2025-12-12 06:00:00,Évapotranspiration Horaire,Évapotranspiration Horaire,mm/h,1.32
2025-12-12 06:00:00,Point de Rosée,Point de Rosée,°C,10.7
2025-12-12 06:00:00,Température,Température,°C,10.7
2025-12-12 06:00:00,Rayonnement solaire,Rayonnement solaire,W/m²,0.0
2025-12-12 06:00:00,Direction du vent,Direction du vent,Deg,27.9
2025-12-12 06:00:00,Pression atmosphérique,Pression atmosphérique,mm/j,1018.7
2025-12-12 06:00:00,Vitesse du vent,Vitesse du vent,m/s,0.09
2025-12-12 05:00:00,Direction du vent,Direction du vent,Deg,286.4
2025-12-12 05:00:00,Évapotranspiration Horaire,Évapotranspiration Horaire,mm/h,1.32
2025-12-12 05:00:00,Pression atmosphérique,Pression atmosphérique,mm/j,1018.5
2025-12-12 05:00:00,Rayonnement solaire,Rayonnement solaire,W/m²,0.0
2025-12-12 05:00:00,Point de Rosée,Point de Rosée,°C,11.7
2025-12-12 05:00:00,Humidité relative,Humidité relative,%,100.0
2025-12-12 05:00:00,Température,Température,°C,11.7
2025-12-12 05:00:00,Vitesse du vent,Vitesse du vent,m/s,0.87
2025-12-12 04:00:00,Humidité relative,Humidité relative,%,100.0
2025-12-12 04:00:00,Rayonnement solaire,Rayonnement solaire,W/m²,0.0
2025-12-12 04:00:00,Température,Température,°C,11.9
2025-12-12 04:00:00,Pression atmosphérique,Pression atmosphérique,mm/j,1019.0
2025-12-12 04:00:00,Évapotranspiration Horaire,Évapotranspiration Horaire,mm/h,1.32
2025-12-12 04:00:00,Direction du vent,Direction du vent,Deg,261.0
2025-12-12 04:00:00,Point de Rosée,Point de Rosée,°C,11.9
2025-12-12 04:00:00,Vitesse du vent,Vitesse du vent,m/s,0.67
2025-12-12 03:00:00,Rayonnement solaire,Rayonnement solaire,W/m²,0.0
2025-12-12 03:00:00,Vitesse du vent,Vitesse du vent,m/s,0.82
2025-12-12 03:00:00,Évapotranspiration Horaire,Évapotranspiration Horaire,mm/h,1.32
2025-12-12 03:00:00,Pression atmosphérique,Pression atmosphérique,mm/j,1019.3
2025-12-12 03:00:00,Point de Rosée,Point de Rosée,°C,11.4
2025-12-12 03:00:00,Humidité relative,Humidité relative,%,100.0
2025-12-12 03:00:00,Température,Température,°C,11.4
2025-12-12 03:00:00,Direction du vent,Direction du vent,Deg,264.2
2025-12-12 02:00:00,Évapotranspiration Horaire,Évapotranspiration Horaire,mm/h,1.32
2025-12-12 02:00:00,Humidité relative,Humidité relative,%,99.8
2025-12-12 02:00:00,Vitesse du vent,Vitesse du vent,m/s,0.69
2025-12-12 02:00:00,Pression atmosphérique,Pression atmosphérique,mm/j,1019.3
2025-12-12 02:00:00,Direction du vent,Direction du vent,Deg,341.6
2025-12-12 02:00:00,Rayonnement solaire,Rayonnement solaire,W/m²,0.0
2025-12-12 02:00:00,Température,Température,°C,10.5
2025-12-12 02:00:00,Point de Rosée,Point de Rosée,°C,10.4
2025-12-12 01:00:00,Rayonnement solaire,Rayonnement solaire,W/m²,0.0
2025-12-12 01:00:00,Évapotranspiration Horaire,Évapotranspiration Horaire,mm/h,1.32
2025-12-12 01:00:00,Pression atmosphérique,Pression atmosphérique,mm/j,1019.4
2025-12-12 01:00:00,Point de Rosée,Point de Rosée,°C,10.8
2025-12-12 01:00:00,Humidité relative,Humidité relative,%,98.7
2025-12-12 01:00:00,Température,Température,°C,11.0
2025-12-12 01:00:00,Direction du vent,Direction du vent,Deg,310.5
2025-12-12 01:00:00,Vitesse du vent,Vitesse du vent,m/s,0.06
2025-12-12 00:00:00,Humidité relative,Humidité relative,%,96.2
2025-12-12 00:00:00,Pression atmosphérique,Pression atmosphérique,mm/j,1019.7
2025-12-12 00:00:00,Point de Rosée,Point de Rosée,°C,9.8
2025-12-12 00:00:00,Température,Température,°C,10.4
2025-12-12 00:00:00,Rayonnement solaire,Rayonnement solaire,W/m²,0.0
2025-12-12 00:00:00,Direction du vent,Direction du vent,Deg,297.9
2025-12-12 00:00:00,Évapotranspiration Horaire,Évapotranspiration Horaire,mm/h,1.36
2025-12-12 00:00:00,Vitesse du vent,Vitesse du vent,m/s,0.22
2025-12-11 23:00:00,Direction du vent,Direction du vent,Deg,248.5
2025-12-11 23:00:00,Évapotranspiration Horaire,Évapotranspiration Horaire,mm/h,1.36
2025-12-11 23:00:00,Pression atmosphérique,Pression atmosphérique,mm/j,1020.2
2025-12-11 23:00:00,Rayonnement solaire,Rayonnement solaire,W/m²,0.0
2025-12-11 23:00:00,Point de Rosée,Point de Rosée,°C,10.1
2025-12-11 23:00:00,Humidité relative,Humidité relative,%,93.7
2025-12-11 23:00:00,Température,Température,°C,11.1
2025-12-11 23:00:00,Vitesse du vent,Vitesse du vent,m/s,0.14
2025-12-11 22:00:00,Point de Rosée,Point de Rosée,°C,11.5
2025-12-11 22:00:00,Évapotranspiration Horaire,Évapotranspiration Horaire,mm/h,1.36
2025-12-11 22:00:00,Température,Température,°C,13.0
2025-12-11 22:00:00,Pression atmosphérique,Pression atmosphérique,mm/j,1020.3
2025-12-11 22:00:00,Humidité relative,Humidité relative,%,90.5
2025-12-11 22:00:00,Direction du vent,Direction du vent,Deg,213.9
2025-12-11 22:00:00,Rayonnement solaire,Rayonnement solaire,W/m²,0.0
2025-12-11 22:00:00,Vitesse du vent,Vitesse du vent,m/s,0.43
2025-12-11 21:00:00,Rayonnement solaire,Rayonnement solaire,W/m²,0.0
2025-12-11 21:00:00,Direction du vent,Direction du vent,Deg,224.8
2025-12-11 21:00:00,Évapotranspiration Horaire,Évapotranspiration Horaire,mm/h,1.36
2025-12-11 21:00:00,Pression atmosphérique,Pression atmosphérique,mm/j,1020.5
2025-12-11 21:00:00,Vitesse du vent,Vitesse du vent,m/s,0.62
2025-12-11 21:00:00,Point de Rosée,Point de Rosée,°C,12.3
2025-12-11 21:00:00,Humidité relative,Humidité relative,%,84.1
2025-12-11 21:00:00,Température,Température,°C,15.0
2025-12-11 20:00:00,Vitesse du vent,Vitesse du vent,m/s,0.29
2025-12-11 20:00:00,Humidité relative,Humidité relative,%,89.1
2025-12-11 20:00:00,Température,Température,°C,13.7
2025-12-11 20:00:00,Pression atmosphérique,Pression atmosphérique,mm/j,1020.4
2025-12-11 20:00:00,Évapotranspiration Horaire,Évapotranspiration Horaire,mm/h,1.36
2025-12-11 20:00:00,Rayonnement solaire,Rayonnement solaire,W/m²,1.0
2025-12-11 20:00:00,Direction du vent,Direction du vent,Deg,265.5
2025-12-11 20:00:00,Point de Rosée,Point de Rosée,°C,11.9
2025-12-11 19:00:00,Direction du vent,Direction du vent,Deg,223.1
2025-12-11 19:00:00,Évapotranspiration Horaire,Évapotranspiration Horaire,mm/h,1.36
2025-12-11 19:00:00,Pression atmosphérique,Pression atmosphérique,mm/j,1020.0
2025-12-11 19:00:00,Rayonnement solaire,Rayonnement solaire,W/m²,0.0
2025-12-11 19:00:00,Point de Rosée,Point de Rosée,°C,11.4
2025-12-11 19:00:00,Humidité relative,Humidité relative,%,89.0
2025-12-11 19:00:00,Température,Température,°C,13.2
2025-12-11 19:00:00,Vitesse du vent,Vitesse du vent,m/s,0.77
2025-12-11 18:00:00,Évapotranspiration Horaire,Évapotranspiration Horaire,mm/h,1.36
2025-12-11 18:00:00,Humidité relative,Humidité relative,%,79.3
2025-12-11 18:00:00,Point de Rosée,Point de Rosée,°C,12.2
2025-12-11 18:00:00,Température,Température,°C,15.8
2025-12-11 18:00:00,Rayonnement solaire,Rayonnement solaire,W/m²,0.0
2025-12-11 18:00:00,Direction du vent,Direction du vent,Deg,170.9
2025-12-11 18:00:00,Pression atmosphérique,Pression atmosphérique,mm/j,1019.6
2025-12-11 18:00:00,Vitesse du vent,Vitesse du vent,m/s,0.34
2025-12-11 17:00:00,Direction du vent,Direction du vent,Deg,35.9
2025-12-11 17:00:00,Évapotranspiration Horaire,Évapotranspiration Horaire,mm/h,1.36
2025-12-11 17:00:00,Pression atmosphérique,Pression atmosphérique,mm/j,1019.0
2025-12-11 17:00:00,Rayonnement solaire,Rayonnement solaire,W/m²,5.0
2025-12-11 17:00:00,Point de Rosée,Point de Rosée,°C,12.5
2025-12-11 17:00:00,Humidité relative,Humidité relative,%,77.3
2025-12-11 17:00:00,Température,Température,°C,16.5
2025-12-11 17:00:00,Vitesse du vent,Vitesse du vent,m/s,0.32
2025-12-11 16:00:00,Humidité relative,Humidité relative,%,72.1
2025-12-11 16:00:00,Rayonnement solaire,Rayonnement solaire,W/m²,63.0
2025-12-11 16:00:00,Température,Température,°C,18.0
2025-12-11 16:00:00,Pression atmosphérique,Pression atmosphérique,mm/j,1019.0
2025-12-11 16:00:00,Évapotranspiration Horaire,Évapotranspiration Horaire,mm/h,1.36
2025-12-11 16:00:00,Direction du vent,Direction du vent,Deg,76.7
2025-12-11 16:00:00,Point de Rosée,Point de Rosée,°C,12.9
2025-12-11 16:00:00,Vitesse du vent,Vitesse du vent,m/s,1.21
2025-12-11 15:00:00,Rayonnement solaire,Rayonnement solaire,W/m²,262.0
2025-12-11 15:00:00,Vitesse du vent,Vitesse du vent,m/s,0.91
2025-12-11 15:00:00,Évapotranspiration Horaire,Évapotranspiration Horaire,mm/h,1.36
2025-12-11 15:00:00,Pression atmosphérique,Pression atmosphérique,mm/j,1019.0
2025-12-11 15:00:00,Point de Rosée,Point de Rosée,°C,12.0
2025-12-11 15:00:00,Humidité relative,Humidité relative,%,65.7
2025-12-11 15:00:00,Température,Température,°C,18.6
2025-12-11 15:00:00,Direction du vent,Direction du vent,Deg,103.5
2025-12-11 14:00:00,Évapotranspiration Horaire,Évapotranspiration Horaire,mm/h,1.36
2025-12-11 14:00:00,Humidité relative,Humidité relative,%,65.2
2025-12-11 14:00:00,Vitesse du vent,Vitesse du vent,m/s,1.72
2025-12-11 14:00:00,Pression atmosphérique,Pression atmosphérique,mm/j,1019.2
2025-12-11 14:00:00,Direction du vent,Direction du vent,Deg,92.2
2025-12-11 14:00:00,Rayonnement solaire,Rayonnement solaire,W/m²,285.0
2025-12-11 14:00:00,Température,Température,°C,18.8
2025-12-11 14:00:00,Point de Rosée,Point de Rosée,°C,12.1
2025-12-11 13:00:00,Direction du vent,Direction du vent,Deg,122.4
2025-12-11 13:00:00,Évapotranspiration Horaire,Évapotranspiration Horaire,mm/h,1.36
2025-12-11 13:00:00,Pression atmosphérique,Pression atmosphérique,mm/j,1019.8
2025-12-11 13:00:00,Rayonnement solaire,Rayonnement solaire,W/m²,365.0
2025-12-11 13:00:00,Point de Rosée,Point de Rosée,°C,12.1
2025-12-11 13:00:00,Humidité relative,Humidité relative,%,71.7
2025-12-11 13:00:00,Température,Température,°C,17.3
2025-12-11 13:00:00,Vitesse du vent,Vitesse du vent,m/s,0.55
2025-12-11 12:00:00,Évapotranspiration Horaire,Évapotranspiration Horaire,mm/h,1.36
2025-12-11 12:00:00,Humidité relative,Humidité relative,%,68.5
2025-12-11 12:00:00,Point de Rosée,Point de Rosée,°C,11.9
2025-12-11 12:00:00,Température,Température,°C,17.8
2025-12-11 12:00:00,Rayonnement solaire,Rayonnement solaire,W/m²,260.0
2025-12-11 12:00:00,Direction du vent,Direction du vent,Deg,7.8
2025-12-11 12:00:00,Pression atmosphérique,Pression atmosphérique,mm/j,1020.4
2025-12-11 12:00:00,Vitesse du vent,Vitesse du vent,m/s,1.29
2025-12-11 11:00:00,Rayonnement solaire,Rayonnement solaire,W/m²,434.0
2025-12-11 11:00:00,Évapotranspiration Horaire,Évapotranspiration Horaire,mm/h,1.36
2025-12-11 11:00:00,Pression atmosphérique,Pression atmosphérique,mm/j,1020.9
2025-12-11 11:00:00,Point de Rosée,Point de Rosée,°C,12.2
2025-12-11 11:00:00,Humidité relative,Humidité relative,%,75.1
2025-12-11 11:00:00,Température,Température,°C,16.7
2025-12-11 11:00:00,Direction du vent,Direction du vent,Deg,297.1
2025-12-11 11:00:00,Vitesse du vent,Vitesse du vent,m/s,1.21
2025-12-11 10:00:00,Vitesse du vent,Vitesse du vent,m/s,1.35
2025-12-11 10:00:00,Humidité relative,Humidité relative,%,99.1
2025-12-11 10:00:00,Direction du vent,Direction du vent,Deg,284.2
2025-12-11 10:00:00,Pression atmosphérique,Pression atmosphérique,mm/j,1021.2
2025-12-11 10:00:00,Évapotranspiration Horaire,Évapotranspiration Horaire,mm/h,1.36
2025-12-11 10:00:00,Rayonnement solaire,Rayonnement solaire,W/m²,334.0
2025-12-11 10:00:00,Température,Température,°C,14.4
2025-12-11 10:00:00,Point de Rosée,Point de Rosée,°C,14.2
2025-12-11 09:00:00,Rayonnement solaire,Rayonnement solaire,W/m²,202.0
2025-12-11 09:00:00,Évapotranspiration Horaire,Évapotranspiration Horaire,mm/h,1.36
2025-12-11 09:00:00,Pression atmosphérique,Pression atmosphérique,mm/j,1021.1
2025-12-11 09:00:00,Point de Rosée,Point de Rosée,°C,11.7
2025-12-11 09:00:00,Humidité relative,Humidité relative,%,100.0
2025-12-11 09:00:00,Température,Température,°C,11.7
2025-12-11 09:00:00,Direction du vent,Direction du vent,Deg,268.6
2025-12-11 09:00:00,Vitesse du vent,Vitesse du vent,m/s,1.09
2025-12-11 08:00:00,Humidité relative,Humidité relative,%,100.0
2025-12-11 08:00:00,Pression atmosphérique,Pression atmosphérique,mm/j,1021.0
2025-12-11 08:00:00,Température,Température,°C,9.8
2025-12-11 08:00:00,Évapotranspiration Horaire,Évapotranspiration Horaire,mm/h,1.36
2025-12-11 08:00:00,Point de Rosée,Point de Rosée,°C,9.8
2025-12-11 08:00:00,Direction du vent,Direction du vent,Deg,220.4
2025-12-11 08:00:00,Rayonnement solaire,Rayonnement solaire,W/m²,37.0
2025-12-11 08:00:00,Vitesse du vent,Vitesse du vent,m/s,0.11
2025-12-11 07:00:00,Rayonnement solaire,Rayonnement solaire,W/m²,0.0
2025-12-11 07:00:00,Direction du vent,Direction du vent,Deg,310.5
2025-12-11 07:00:00,Évapotranspiration Horaire,Évapotranspiration Horaire,mm/h,1.36
2025-12-11 07:00:00,Pression atmosphérique,Pression atmosphérique,mm/j,1020.7
2025-12-11 07:00:00,Point de Rosée,Point de Rosée,°C,10.1
2025-12-11 07:00:00,Humidité relative,Humidité relative,%,100.0
2025-12-11 07:00:00,Vitesse du vent,Vitesse du vent,m/s,0.15
2025-12-11 07:00:00,Température,Température,°C,10.1
2025-12-11 06:00:00,Vitesse du vent,Vitesse du vent,m/s,1.12
2025-12-11 06:00:00,Pression atmosphérique,Pression atmosphérique,mm/j,1020.3
2025-12-11 06:00:00,Humidité relative,Humidité relative,%,100.0
2025-12-11 06:00:00,Évapotranspiration Horaire,Évapotranspiration Horaire,mm/h,1.36
2025-12-11 06:00:00,Température,Température,°C,10.6
2025-12-11 06:00:00,Rayonnement solaire,Rayonnement solaire,W/m²,0.0
2025-12-11 06:00:00,Direction du vent,Direction du vent,Deg,255.4
2025-12-11 06:00:00,Point de Rosée,Point de Rosée,°C,10.6
2025-12-11 05:00:00,Humidité relative,Humidité relative,%,100.0
2025-12-11 05:00:00,Évapotranspiration Horaire,Évapotranspiration Horaire,mm/h,1.36
2025-12-11 05:00:00,Pression atmosphérique,Pression atmosphérique,mm/j,1020.3
2025-12-11 05:00:00,Rayonnement solaire,Rayonnement solaire,W/m²,0.0
2025-12-11 05:00:00,Point de Rosée,Point de Rosée,°C,11.0
2025-12-11 05:00:00,Température,Température,°C,11.0
2025-12-11 05:00:00,Direction du vent,Direction du vent,Deg,273.2
2025-12-11 05:00:00,Vitesse du vent,Vitesse du vent,m/s,0.62
2025-12-11 04:00:00,Point de Rosée,Point de Rosée,°C,9.1
2025-12-11 04:00:00,Température,Température,°C,9.1
2025-12-11 04:00:00,Rayonnement solaire,Rayonnement solaire,W/m²,0.0
2025-12-11 04:00:00,Évapotranspiration Horaire,Évapotranspiration Horaire,mm/h,1.36
2025-12-11 04:00:00,Humidité relative,Humidité relative,%,100.0
2025-12-11 04:00:00,Direction du vent,Direction du vent,Deg,298.0
2025-12-11 04:00:00,Pression atmosphérique,Pression atmosphérique,mm/j,1020.4
2025-12-11 04:00:00,Vitesse du vent,Vitesse du vent,m/s,0.22
2025-12-11 03:00:00,Rayonnement solaire,Rayonnement solaire,W/m²,0.0
2025-12-11 03:00:00,Évapotranspiration Horaire,Évapotranspiration Horaire,mm/h,1.36
2025-12-11 03:00:00,Pression atmosphérique,Pression atmosphérique,mm/j,1020.8
2025-12-11 03:00:00,Point de Rosée,Point de Rosée,°C,10.4
2025-12-11 03:00:00,Humidité relative,Humidité relative,%,100.0
2025-12-11 03:00:00,Température,Température,°C,10.4
2025-12-11 03:00:00,Direction du vent,Direction du vent,Deg,275.1
2025-12-11 03:00:00,Vitesse du vent,Vitesse du vent,m/s,0.44
2025-12-11 02:00:00,Vitesse du vent,Vitesse du vent,m/s,0.29
2025-12-11 02:00:00,Humidité relative,Humidité relative,%,100.0
2025-12-11 02:00:00,Direction du vent,Direction du vent,Deg,23.4
2025-12-11 02:00:00,Pression atmosphérique,Pression atmosphérique,mm/j,1020.9
2025-12-11 02:00:00,Évapotranspiration Horaire,Évapotranspiration Horaire,mm/h,1.36
2025-12-11 02:00:00,Rayonnement solaire,Rayonnement solaire,W/m²,0.0
2025-12-11 02:00:00,Température,Température,°C,10.0
2025-12-11 02:00:00,Point de Rosée,Point de Rosée,°C,10.0
2025-12-11 01:00:00,Point de Rosée,Point de Rosée,°C,10.7
2025-12-11 01:00:00,Évapotranspiration Horaire,Évapotranspiration Horaire,mm/h,1.36
2025-12-11 01:00:00,Pression atmosphérique,Pression atmosphérique,mm/j,1021.2
2025-12-11 01:00:00,Rayonnement solaire,Rayonnement solaire,W/m²,0.0
2025-12-11 01:00:00,Humidité relative,Humidité relative,%,100.0
2025-12-11 01:00:00,Température,Température,°C,10.7
2025-12-11 01:00:00,Direction du vent,Direction du vent,Deg,234.4
2025-12-11 01:00:00,Vitesse du vent,Vitesse du vent,m/s,0.39
2025-12-11 00:00:00,Humidité relative,Humidité relative,%,99.3
2025-12-11 00:00:00,Direction du vent,Direction du vent,Deg,324.4
2025-12-11 00:00:00,Température,Température,°C,10.3
2025-12-11 00:00:00,Pression atmosphérique,Pression atmosphérique,mm/j,1021.6
2025-12-11 00:00:00,Vitesse du vent,Vitesse du vent,m/s,0.25
2025-12-11 00:00:00,Rayonnement solaire,Rayonnement solaire,W/m²,1.0
2025-12-11 00:00:00,Évapotranspiration Horaire,Évapotranspiration Horaire,mm/h,1.39
2025-12-11 00:00:00,Point de Rosée,Point de Rosée,°C,10.2
2025-12-10 23:00:00,Vitesse du vent,Vitesse du vent,m/s,0.2
2025-12-10 23:00:00,Rayonnement solaire,Rayonnement solaire,W/m²,1.0
2025-12-10 23:00:00,Pression atmosphérique,Pression atmosphérique,mm/j,1021.6
2025-12-10 23:00:00,Évapotranspiration Horaire,Évapotranspiration Horaire,mm/h,1.39
2025-12-10 23:00:00,Point de Rosée,Point de Rosée,°C,10.6
2025-12-10 23:00:00,Direction du vent,Direction du vent,Deg,189.4
2025-12-10 23:00:00,Température,Température,°C,10.9
2025-12-10 23:00:00,Humidité relative,Humidité relative,%,98.4
2025-12-10 22:00:00,Vitesse du vent,Vitesse du vent,m/s,0.22
2025-12-10 22:00:00,Direction du vent,Direction du vent,Deg,261.1
2025-12-10 22:00:00,Température,Température,°C,11.6
2025-12-10 22:00:00,Humidité relative,Humidité relative,%,96.7
2025-12-10 22:00:00,Point de Rosée,Point de Rosée,°C,11.1
2025-12-10 22:00:00,Rayonnement solaire,Rayonnement solaire,W/m²,0.0
2025-12-10 22:00:00,Pression atmosphérique,Pression atmosphérique,mm/j,1021.8
2025-12-10 22:00:00,Évapotranspiration Horaire,Évapotranspiration Horaire,mm/h,1.39
2025-12-10 21:00:00,Vitesse du vent,Vitesse du vent,m/s,0.35
2025-12-10 21:00:00,Direction du vent,Direction du vent,Deg,242.6
2025-12-10 21:00:00,Température,Température,°C,13.4
2025-12-10 21:00:00,Humidité relative,Humidité relative,%,95.2
2025-12-10 21:00:00,Point de Rosée,Point de Rosée,°C,12.6
2025-12-10 21:00:00,Rayonnement solaire,Rayonnement solaire,W/m²,0.0
2025-12-10 21:00:00,Pression atmosphérique,Pression atmosphérique,mm/j,1021.6
2025-12-10 21:00:00,Évapotranspiration Horaire,Évapotranspiration Horaire,mm/h,1.39
2025-12-10 20:00:00,Vitesse du vent,Vitesse du vent,m/s,0.43
2025-12-10 20:00:00,Direction du vent,Direction du vent,Deg,165.0
2025-12-10 20:00:00,Température,Température,°C,14.8
2025-12-10 20:00:00,Humidité relative,Humidité relative,%,91.8
2025-12-10 20:00:00,Point de Rosée,Point de Rosée,°C,13.5
2025-12-10 20:00:00,Rayonnement solaire,Rayonnement solaire,W/m²,0.0
2025-12-10 20:00:00,Pression atmosphérique,Pression atmosphérique,mm/j,1021.6
2025-12-10 20:00:00,Évapotranspiration Horaire,Évapotranspiration Horaire,mm/h,1.39
2025-12-10 19:00:00,Vitesse du vent,Vitesse du vent,m/s,0.51
2025-12-10 19:00:00,Direction du vent,Direction du vent,Deg,144.4
2025-12-10 19:00:00,Température,Température,°C,16.0
2025-12-10 19:00:00,Humidité relative,Humidité relative,%,87.2
2025-12-10 19:00:00,Point de Rosée,Point de Rosée,°C,13.9
2025-12-10 19:00:00,Rayonnement solaire,Rayonnement solaire,W/m²,0.0
2025-12-10 19:00:00,Pression atmosphérique,Pression atmosphérique,mm/j,1021.1
2025-12-10 19:00:00,Évapotranspiration Horaire,Évapotranspiration Horaire,mm/h,1.39
2025-12-10 18:00:00,Vitesse du vent,Vitesse du vent,m/s,0.31
2025-12-10 18:00:00,Direction du vent,Direction du vent,Deg,64.0
2025-12-10 18:00:00,Température,Température,°C,16.4
2025-12-10 18:00:00,Humidité relative,Humidité relative,%,82.4
2025-12-10 18:00:00,Point de Rosée,Point de Rosée,°C,13.4
2025-12-10 18:00:00,Rayonnement solaire,Rayonnement solaire,W/m²,0.0
2025-12-10 18:00:00,Pression atmosphérique,Pression atmosphérique,mm/j,1020.6
2025-12-10 18:00:00,Évapotranspiration Horaire,Évapotranspiration Horaire,mm/h,1.39
2025-12-10 17:00:00,Vitesse du vent,Vitesse du vent,m/s,0.31
2025-12-10 17:00:00,Direction du vent,Direction du vent,Deg,144.5
2025-12-10 17:00:00,Température,Température,°C,16.9
2025-12-10 17:00:00,Humidité relative,Humidité relative,%,76.2
2025-12-10 17:00:00,Point de Rosée,Point de Rosée,°C,12.7
2025-12-10 17:00:00,Rayonnement solaire,Rayonnement solaire,W/m²,5.0
2025-12-10 17:00:00,Pression atmosphérique,Pression atmosphérique,mm/j,1020.2
2025-12-10 17:00:00,Évapotranspiration Horaire,Évapotranspiration Horaire,mm/h,1.39
2025-12-10 16:00:00,Point de Rosée,Point de Rosée,°C,12.1
2025-12-10 16:00:00,Vitesse du vent,Vitesse du vent,m/s,1.12
2025-12-10 16:00:00,Direction du vent,Direction du vent,Deg,130.9
2025-12-10 16:00:00,Température,Température,°C,18.1
2025-12-10 16:00:00,Humidité relative,Humidité relative,%,68.1
2025-12-10 16:00:00,Rayonnement solaire,Rayonnement solaire,W/m²,83.0
2025-12-10 16:00:00,Pression atmosphérique,Pression atmosphérique,mm/j,1020.1
2025-12-10 16:00:00,Évapotranspiration Horaire,Évapotranspiration Horaire,mm/h,1.39
2025-12-10 15:00:00,Vitesse du vent,Vitesse du vent,m/s,2.92
2025-12-10 15:00:00,Direction du vent,Direction du vent,Deg,107.0
2025-12-10 15:00:00,Température,Température,°C,18.9
2025-12-10 15:00:00,Humidité relative,Humidité relative,%,62.3
2025-12-10 15:00:00,Point de Rosée,Point de Rosée,°C,11.5
2025-12-10 15:00:00,Rayonnement solaire,Rayonnement solaire,W/m²,156.0
2025-12-10 15:00:00,Pression atmosphérique,Pression atmosphérique,mm/j,1020.0
2025-12-10 15:00:00,Évapotranspiration Horaire,Évapotranspiration Horaire,mm/h,1.39
2025-12-10 14:00:00,Vitesse du vent,Vitesse du vent,m/s,0.59
2025-12-10 14:00:00,Direction du vent,Direction du vent,Deg,69.5
2025-12-10 14:00:00,Température,Température,°C,18.6
2025-12-10 14:00:00,Humidité relative,Humidité relative,%,61.6
2025-12-10 14:00:00,Point de Rosée,Point de Rosée,°C,11.0
2025-12-10 14:00:00,Rayonnement solaire,Rayonnement solaire,W/m²,376.0
2025-12-10 14:00:00,Pression atmosphérique,Pression atmosphérique,mm/j,1019.8
2025-12-10 14:00:00,Évapotranspiration Horaire,Évapotranspiration Horaire,mm/h,1.39
2025-12-10 13:00:00,Vitesse du vent,Vitesse du vent,m/s,1.48
2025-12-10 13:00:00,Direction du vent,Direction du vent,Deg,68.3
2025-12-10 13:00:00,Température,Température,°C,17.8
2025-12-10 13:00:00,Humidité relative,Humidité relative,%,65.8
2025-12-10 13:00:00,Point de Rosée,Point de Rosée,°C,11.3
2025-12-10 13:00:00,Rayonnement solaire,Rayonnement solaire,W/m²,461.0
2025-12-10 13:00:00,Pression atmosphérique,Pression atmosphérique,mm/j,1020.3
2025-12-10 13:00:00,Évapotranspiration Horaire,Évapotranspiration Horaire,mm/h,1.39
2025-12-10 12:00:00,Vitesse du vent,Vitesse du vent,m/s,1.18
2025-12-10 12:00:00,Direction du vent,Direction du vent,Deg,12.7
2025-12-10 12:00:00,Température,Température,°C,17.1
2025-12-10 12:00:00,Humidité relative,Humidité relative,%,69.8
2025-12-10 12:00:00,Point de Rosée,Point de Rosée,°C,11.5
2025-12-10 12:00:00,Rayonnement solaire,Rayonnement solaire,W/m²,451.0
2025-12-10 12:00:00,Pression atmosphérique,Pression atmosphérique,mm/j,1020.9
2025-12-10 12:00:00,Évapotranspiration Horaire,Évapotranspiration Horaire,mm/h,1.39
2025-12-10 11:00:00,Vitesse du vent,Vitesse du vent,m/s,0.45
2025-12-10 11:00:00,Direction du vent,Direction du vent,Deg,103.8
2025-12-10 11:00:00,Température,Température,°C,17.3
2025-12-10 11:00:00,Humidité relative,Humidité relative,%,65.7
2025-12-10 11:00:00,Point de Rosée,Point de Rosée,°C,10.8
2025-12-10 11:00:00,Rayonnement solaire,Rayonnement solaire,W/m²,430.0
2025-12-10 11:00:00,Pression atmosphérique,Pression atmosphérique,mm/j,1021.3
2025-12-10 11:00:00,Évapotranspiration Horaire,Évapotranspiration Horaire,mm/h,1.39
2025-12-10 10:00:00,Vitesse du vent,Vitesse du vent,m/s,0.49
2025-12-10 10:00:00,Direction du vent,Direction du vent,Deg,210.6
2025-12-10 10:00:00,Température,Température,°C,15.5
2025-12-10 10:00:00,Humidité relative,Humidité relative,%,69.8
2025-12-10 10:00:00,Point de Rosée,Point de Rosée,°C,10.0
2025-12-10 10:00:00,Rayonnement solaire,Rayonnement solaire,W/m²,346.0
2025-12-10 10:00:00,Pression atmosphérique,Pression atmosphérique,mm/j,1021.4
2025-12-10 10:00:00,Évapotranspiration Horaire,Évapotranspiration Horaire,mm/h,1.39
2025-12-10 09:00:00,Vitesse du vent,Vitesse du vent,m/s,0.63
2025-12-10 09:00:00,Direction du vent,Direction du vent,Deg,216.2
2025-12-10 09:00:00,Température,Température,°C,10.9
2025-12-10 09:00:00,Humidité relative,Humidité relative,%,98.4
2025-12-10 09:00:00,Point de Rosée,Point de Rosée,°C,10.6
2025-12-10 09:00:00,Rayonnement solaire,Rayonnement solaire,W/m²,109.0
2025-12-10 09:00:00,Pression atmosphérique,Pression atmosphérique,mm/j,1021.4
2025-12-10 09:00:00,Évapotranspiration Horaire,Évapotranspiration Horaire,mm/h,1.39
2025-12-10 08:00:00,Vitesse du vent,Vitesse du vent,m/s,0.2
2025-12-10 08:00:00,Direction du vent,Direction du vent,Deg,189.5
2025-12-10 08:00:00,Température,Température,°C,7.5
2025-12-10 08:00:00,Humidité relative,Humidité relative,%,99.2
2025-12-10 08:00:00,Point de Rosée,Point de Rosée,°C,7.4
2025-12-10 08:00:00,Rayonnement solaire,Rayonnement solaire,W/m²,45.0
2025-12-10 08:00:00,Pression atmosphérique,Pression atmosphérique,mm/j,1021.0
2025-12-10 08:00:00,Évapotranspiration Horaire,Évapotranspiration Horaire,mm/h,1.39
2025-12-10 07:00:00,Vitesse du vent,Vitesse du vent,m/s,0.24
2025-12-10 07:00:00,Direction du vent,Direction du vent,Deg,181.4
2025-12-10 07:00:00,Température,Température,°C,6.4
2025-12-10 07:00:00,Humidité relative,Humidité relative,%,97.2
2025-12-10 07:00:00,Point de Rosée,Point de Rosée,°C,6.0
2025-12-10 07:00:00,Rayonnement solaire,Rayonnement solaire,W/m²,1.0
2025-12-10 07:00:00,Pression atmosphérique,Pression atmosphérique,mm/j,1020.7
2025-12-10 07:00:00,Évapotranspiration Horaire,Évapotranspiration Horaire,mm/h,1.39
2025-12-10 06:00:00,Vitesse du vent,Vitesse du vent,m/s,0.26
2025-12-10 06:00:00,Direction du vent,Direction du vent,Deg,302.7
2025-12-10 06:00:00,Température,Température,°C,7.0
2025-12-10 06:00:00,Humidité relative,Humidité relative,%,96.3
2025-12-10 06:00:00,Point de Rosée,Point de Rosée,°C,6.4
2025-12-10 06:00:00,Rayonnement solaire,Rayonnement solaire,W/m²,0.0
2025-12-10 06:00:00,Pression atmosphérique,Pression atmosphérique,mm/j,1020.4
2025-12-10 06:00:00,Évapotranspiration Horaire,Évapotranspiration Horaire,mm/h,1.39
2025-12-10 05:00:00,Vitesse du vent,Vitesse du vent,m/s,0.68
2025-12-10 05:00:00,Direction du vent,Direction du vent,Deg,273.8
2025-12-10 05:00:00,Température,Température,°C,7.7
2025-12-10 05:00:00,Humidité relative,Humidité relative,%,96.9
2025-12-10 05:00:00,Point de Rosée,Point de Rosée,°C,7.2
2025-12-10 05:00:00,Rayonnement solaire,Rayonnement solaire,W/m²,0.0
2025-12-10 05:00:00,Pression atmosphérique,Pression atmosphérique,mm/j,1020.2
2025-12-10 05:00:00,Évapotranspiration Horaire,Évapotranspiration Horaire,mm/h,1.39
2025-12-10 04:00:00,Vitesse du vent,Vitesse du vent,m/s,0.09
2025-12-10 04:00:00,Direction du vent,Direction du vent,Deg,310.5
2025-12-10 04:00:00,Température,Température,°C,7.4
2025-12-10 04:00:00,Humidité relative,Humidité relative,%,95.3
2025-12-10 04:00:00,Point de Rosée,Point de Rosée,°C,6.7
2025-12-10 04:00:00,Rayonnement solaire,Rayonnement solaire,W/m²,0.0
2025-12-10 04:00:00,Pression atmosphérique,Pression atmosphérique,mm/j,1020.2
2025-12-10 04:00:00,Évapotranspiration Horaire,Évapotranspiration Horaire,mm/h,1.39
2025-12-10 03:00:00,Vitesse du vent,Vitesse du vent,m/s,0.25
2025-12-10 03:00:00,Direction du vent,Direction du vent,Deg,223.1
2025-12-10 03:00:00,Température,Température,°C,8.2
2025-12-10 03:00:00,Humidité relative,Humidité relative,%,94.7
2025-12-10 03:00:00,Point de Rosée,Point de Rosée,°C,7.4
2025-12-10 03:00:00,Rayonnement solaire,Rayonnement solaire,W/m²,0.0
2025-12-10 03:00:00,Pression atmosphérique,Pression atmosphérique,mm/j,1020.6
2025-12-10 03:00:00,Évapotranspiration Horaire,Évapotranspiration Horaire,mm/h,1.39
2025-12-10 02:00:00,Vitesse du vent,Vitesse du vent,m/s,0.82
2025-12-10 02:00:00,Direction du vent,Direction du vent,Deg,220.4
2025-12-10 02:00:00,Température,Température,°C,9.1
2025-12-10 02:00:00,Humidité relative,Humidité relative,%,93.4
2025-12-10 02:00:00,Point de Rosée,Point de Rosée,°C,8.0
2025-12-10 02:00:00,Rayonnement solaire,Rayonnement solaire,W/m²,0.0
2025-12-10 02:00:00,Pression atmosphérique,Pression atmosphérique,mm/j,1021.1
2025-12-10 02:00:00,Évapotranspiration Horaire,Évapotranspiration Horaire,mm/h,1.39
2025-12-10 01:00:00,Vitesse du vent,Vitesse du vent,m/s,0.64
2025-12-10 01:00:00,Direction du vent,Direction du vent,Deg,230.1
2025-12-10 01:00:00,Température,Température,°C,10.6
2025-12-10 01:00:00,Humidité relative,Humidité relative,%,87.8
2025-12-10 01:00:00,Point de Rosée,Point de Rosée,°C,8.7
2025-12-10 01:00:00,Rayonnement solaire,Rayonnement solaire,W/m²,0.0
2025-12-10 01:00:00,Pression atmosphérique,Pression atmosphérique,mm/j,1021.0
2025-12-10 01:00:00,Évapotranspiration Horaire,Évapotranspiration Horaire,mm/h,1.39
2025-12-10 00:00:00,Vitesse du vent,Vitesse du vent,m/s,0.14
2025-12-10 00:00:00,Direction du vent,Direction du vent,Deg,248.6
2025-12-10 00:00:00,Température,Température,°C,10.7
2025-12-10 00:00:00,Humidité relative,Humidité relative,%,92.0
2025-12-10 00:00:00,Point de Rosée,Point de Rosée,°C,9.4
2025-12-10 00:00:00,Rayonnement solaire,Rayonnement solaire,W/m²,0.0
2025-12-10 00:00:00,Pression atmosphérique,Pression atmosphérique,mm/j,1021.2
2025-12-10 00:00:00,Évapotranspiration Horaire,Évapotranspiration Horaire,mm/h,1.79
2025-12-09 23:00:00,Vitesse du vent,Vitesse du vent,m/s,0.13
2025-12-09 23:00:00,Direction du vent,Direction du vent,Deg,130.6
2025-12-09 23:00:00,Température,Température,°C,10.7
2025-12-09 23:00:00,Humidité relative,Humidité relative,%,93.9
2025-12-09 23:00:00,Point de Rosée,Point de Rosée,°C,9.8
2025-12-09 23:00:00,Rayonnement solaire,Rayonnement solaire,W/m²,0.0
2025-12-09 23:00:00,Pression atmosphérique,Pression atmosphérique,mm/j,1021.3
2025-12-09 23:00:00,Évapotranspiration Horaire,Évapotranspiration Horaire,mm/h,1.79
2025-12-09 22:00:00,Vitesse du vent,Vitesse du vent,m/s,0.46
2025-12-09 22:00:00,Direction du vent,Direction du vent,Deg,247.1
2025-12-09 22:00:00,Température,Température,°C,11.6
2025-12-09 22:00:00,Humidité relative,Humidité relative,%,92.8
2025-12-09 22:00:00,Point de Rosée,Point de Rosée,°C,10.5
2025-12-09 22:00:00,Rayonnement solaire,Rayonnement solaire,W/m²,0.0
2025-12-09 22:00:00,Pression atmosphérique,Pression atmosphérique,mm/j,1021.5
2025-12-09 22:00:00,Évapotranspiration Horaire,Évapotranspiration Horaire,mm/h,1.79
2025-12-09 21:00:00,Vitesse du vent,Vitesse du vent,m/s,0.57
2025-12-09 21:00:00,Direction du vent,Direction du vent,Deg,219.3
2025-12-09 21:00:00,Température,Température,°C,12.9
2025-12-09 21:00:00,Humidité relative,Humidité relative,%,89.3
2025-12-09 21:00:00,Point de Rosée,Point de Rosée,°C,11.1
2025-12-09 21:00:00,Rayonnement solaire,Rayonnement solaire,W/m²,0.0
2025-12-09 21:00:00,Pression atmosphérique,Pression atmosphérique,mm/j,1021.8
2025-12-09 21:00:00,Évapotranspiration Horaire,Évapotranspiration Horaire,mm/h,1.79
2025-12-09 20:00:00,Vitesse du vent,Vitesse du vent,m/s,0.0
2025-12-09 20:00:00,Direction du vent,Direction du vent,Deg,40.4
2025-12-09 20:00:00,Température,Température,°C,15.1
2025-12-09 20:00:00,Humidité relative,Humidité relative,%,85.8
2025-12-09 20:00:00,Point de Rosée,Point de Rosée,°C,12.7
2025-12-09 20:00:00,Rayonnement solaire,Rayonnement solaire,W/m²,0.0
2025-12-09 20:00:00,Pression atmosphérique,Pression atmosphérique,mm/j,1021.9
2025-12-09 20:00:00,Évapotranspiration Horaire,Évapotranspiration Horaire,mm/h,1.79
2025-12-09 19:00:00,Vitesse du vent,Vitesse du vent,m/s,0.68
2025-12-09 19:00:00,Direction du vent,Direction du vent,Deg,135.8
2025-12-09 19:00:00,Température,Température,°C,16.4
2025-12-09 19:00:00,Humidité relative,Humidité relative,%,80.6
2025-12-09 19:00:00,Point de Rosée,Point de Rosée,°C,13.0
2025-12-09 19:00:00,Rayonnement solaire,Rayonnement solaire,W/m²,0.0
2025-12-09 19:00:00,Pression atmosphérique,Pression atmosphérique,mm/j,1021.7
2025-12-09 19:00:00,Évapotranspiration Horaire,Évapotranspiration Horaire,mm/h,1.79
2025-12-09 18:00:00,Vitesse du vent,Vitesse du vent,m/s,0.64
2025-12-09 18:00:00,Direction du vent,Direction du vent,Deg,83.2
2025-12-09 18:00:00,Température,Température,°C,17.0
2025-12-09 18:00:00,Humidité relative,Humidité relative,%,81.2
2025-12-09 18:00:00,Point de Rosée,Point de Rosée,°C,13.7
2025-12-09 18:00:00,Rayonnement solaire,Rayonnement solaire,W/m²,0.0
2025-12-09 18:00:00,Pression atmosphérique,Pression atmosphérique,mm/j,1021.5
2025-12-09 18:00:00,Évapotranspiration Horaire,Évapotranspiration Horaire,mm/h,1.79
2025-12-09 17:00:00,Vitesse du vent,Vitesse du vent,m/s,0.85
2025-12-09 17:00:00,Direction du vent,Direction du vent,Deg,111.9
2025-12-09 17:00:00,Température,Température,°C,17.4
2025-12-09 17:00:00,Humidité relative,Humidité relative,%,81.5
2025-12-09 17:00:00,Point de Rosée,Point de Rosée,°C,14.2
2025-12-09 17:00:00,Rayonnement solaire,Rayonnement solaire,W/m²,4.0
2025-12-09 17:00:00,Pression atmosphérique,Pression atmosphérique,mm/j,1021.2
2025-12-09 17:00:00,Évapotranspiration Horaire,Évapotranspiration Horaire,mm/h,1.79
2025-12-09 16:00:00,Vitesse du vent,Vitesse du vent,m/s,2.06
2025-12-09 16:00:00,Direction du vent,Direction du vent,Deg,67.6
2025-12-09 16:00:00,Température,Température,°C,18.2
2025-12-09 16:00:00,Humidité relative,Humidité relative,%,78.7
2025-12-09 16:00:00,Point de Rosée,Point de Rosée,°C,14.4
2025-12-09 16:00:00,Rayonnement solaire,Rayonnement solaire,W/m²,80.0
2025-12-09 16:00:00,Pression atmosphérique,Pression atmosphérique,mm/j,1021.1
2025-12-09 16:00:00,Évapotranspiration Horaire,Évapotranspiration Horaire,mm/h,1.79
2025-12-09 15:00:00,Vitesse du vent,Vitesse du vent,m/s,3.34
2025-12-09 15:00:00,Direction du vent,Direction du vent,Deg,125.4
2025-12-09 15:00:00,Température,Température,°C,18.3
2025-12-09 15:00:00,Humidité relative,Humidité relative,%,77.5
2025-12-09 15:00:00,Point de Rosée,Point de Rosée,°C,14.3
2025-12-09 15:00:00,Rayonnement solaire,Rayonnement solaire,W/m²,154.0
2025-12-09 15:00:00,Pression atmosphérique,Pression atmosphérique,mm/j,1021.0
2025-12-09 15:00:00,Évapotranspiration Horaire,Évapotranspiration Horaire,mm/h,1.79
2025-12-09 14:00:00,Vitesse du vent,Vitesse du vent,m/s,1.76
2025-12-09 14:00:00,Direction du vent,Direction du vent,Deg,140.9
2025-12-09 14:00:00,Température,Température,°C,19.1
2025-12-09 14:00:00,Humidité relative,Humidité relative,%,72.2
2025-12-09 14:00:00,Point de Rosée,Point de Rosée,°C,14.0
2025-12-09 14:00:00,Rayonnement solaire,Rayonnement solaire,W/m²,231.0
2025-12-09 14:00:00,Pression atmosphérique,Pression atmosphérique,mm/j,1021.2
2025-12-09 14:00:00,Évapotranspiration Horaire,Évapotranspiration Horaire,mm/h,1.79
2025-12-09 13:00:00,Vitesse du vent,Vitesse du vent,m/s,0.6
2025-12-09 13:00:00,Direction du vent,Direction du vent,Deg,74.3
2025-12-09 13:00:00,Température,Température,°C,19.4
2025-12-09 13:00:00,Humidité relative,Humidité relative,%,65.4
2025-12-09 13:00:00,Point de Rosée,Point de Rosée,°C,12.7
2025-12-09 13:00:00,Rayonnement solaire,Rayonnement solaire,W/m²,332.0
2025-12-09 13:00:00,Pression atmosphérique,Pression atmosphérique,mm/j,1021.6
2025-12-09 13:00:00,Évapotranspiration Horaire,Évapotranspiration Horaire,mm/h,1.79
2025-12-09 12:00:00,Vitesse du vent,Vitesse du vent,m/s,1.28
2025-12-09 12:00:00,Direction du vent,Direction du vent,Deg,156.2
2025-12-09 12:00:00,Température,Température,°C,19.6
2025-12-09 12:00:00,Humidité relative,Humidité relative,%,62.7
2025-12-09 12:00:00,Point de Rosée,Point de Rosée,°C,12.3
2025-12-09 12:00:00,Rayonnement solaire,Rayonnement solaire,W/m²,300.0
2025-12-09 12:00:00,Pression atmosphérique,Pression atmosphérique,mm/j,1022.2
2025-12-09 12:00:00,Évapotranspiration Horaire,Évapotranspiration Horaire,mm/h,1.79
2025-12-09 11:00:00,Vitesse du vent,Vitesse du vent,m/s,1.29
2025-12-09 11:00:00,Direction du vent,Direction du vent,Deg,227.8
2025-12-09 11:00:00,Température,Température,°C,19.2
2025-12-09 11:00:00,Humidité relative,Humidité relative,%,62.8
2025-12-09 11:00:00,Point de Rosée,Point de Rosée,°C,12.0
2025-12-09 11:00:00,Rayonnement solaire,Rayonnement solaire,W/m²,451.0
2025-12-09 11:00:00,Pression atmosphérique,Pression atmosphérique,mm/j,1023.1
2025-12-09 11:00:00,Évapotranspiration Horaire,Évapotranspiration Horaire,mm/h,1.79
2025-12-09 10:00:00,Vitesse du vent,Vitesse du vent,m/s,0.81
2025-12-09 10:00:00,Direction du vent,Direction du vent,Deg,253.1
2025-12-09 10:00:00,Température,Température,°C,18.5
2025-12-09 10:00:00,Humidité relative,Humidité relative,%,69.8
2025-12-09 10:00:00,Point de Rosée,Point de Rosée,°C,12.9
2025-12-09 10:00:00,Rayonnement solaire,Rayonnement solaire,W/m²,322.0
2025-12-09 10:00:00,Pression atmosphérique,Pression atmosphérique,mm/j,1023.2
2025-12-09 10:00:00,Évapotranspiration Horaire,Évapotranspiration Horaire,mm/h,1.79
2025-12-09 09:00:00,Vitesse du vent,Vitesse du vent,m/s,0.41
2025-12-09 09:00:00,Direction du vent,Direction du vent,Deg,242.0
2025-12-09 09:00:00,Température,Température,°C,15.9
2025-12-09 09:00:00,Humidité relative,Humidité relative,%,72.9
2025-12-09 09:00:00,Point de Rosée,Point de Rosée,°C,11.0
2025-12-09 09:00:00,Rayonnement solaire,Rayonnement solaire,W/m²,210.0
2025-12-09 09:00:00,Pression atmosphérique,Pression atmosphérique,mm/j,1022.8
2025-12-09 09:00:00,Évapotranspiration Horaire,Évapotranspiration Horaire,mm/h,1.79
2025-12-09 08:00:00,Vitesse du vent,Vitesse du vent,m/s,0.3
2025-12-09 08:00:00,Direction du vent,Direction du vent,Deg,225.1
2025-12-09 08:00:00,Température,Température,°C,10.2
2025-12-09 08:00:00,Humidité relative,Humidité relative,%,94.1
2025-12-09 08:00:00,Point de Rosée,Point de Rosée,°C,9.3
2025-12-09 08:00:00,Rayonnement solaire,Rayonnement solaire,W/m²,43.0
2025-12-09 08:00:00,Pression atmosphérique,Pression atmosphérique,mm/j,1022.8
2025-12-09 08:00:00,Évapotranspiration Horaire,Évapotranspiration Horaire,mm/h,1.79
2025-12-09 07:00:00,Vitesse du vent,Vitesse du vent,m/s,0.3
2025-12-09 07:00:00,Direction du vent,Direction du vent,Deg,225.1
2025-12-09 07:00:00,Température,Température,°C,9.7
2025-12-09 07:00:00,Humidité relative,Humidité relative,%,91.7
2025-12-09 07:00:00,Point de Rosée,Point de Rosée,°C,8.4
2025-12-09 07:00:00,Rayonnement solaire,Rayonnement solaire,W/m²,1.0
2025-12-09 07:00:00,Pression atmosphérique,Pression atmosphérique,mm/j,1022.7
2025-12-09 07:00:00,Évapotranspiration Horaire,Évapotranspiration Horaire,mm/h,1.79
2025-12-09 06:00:00,Vitesse du vent,Vitesse du vent,m/s,0.18
2025-12-09 06:00:00,Direction du vent,Direction du vent,Deg,197.6
2025-12-09 06:00:00,Température,Température,°C,10.7
2025-12-09 06:00:00,Humidité relative,Humidité relative,%,87.2
2025-12-09 06:00:00,Point de Rosée,Point de Rosée,°C,8.7
2025-12-09 06:00:00,Rayonnement solaire,Rayonnement solaire,W/m²,0.0
2025-12-09 06:00:00,Pression atmosphérique,Pression atmosphérique,mm/j,1022.7
2025-12-09 06:00:00,Évapotranspiration Horaire,Évapotranspiration Horaire,mm/h,1.79
2025-12-09 05:00:00,Vitesse du vent,Vitesse du vent,m/s,0.72
2025-12-09 05:00:00,Direction du vent,Direction du vent,Deg,268.2
2025-12-09 05:00:00,Température,Température,°C,12.0
2025-12-09 05:00:00,Humidité relative,Humidité relative,%,85.8
2025-12-09 05:00:00,Point de Rosée,Point de Rosée,°C,9.7
2025-12-09 05:00:00,Rayonnement solaire,Rayonnement solaire,W/m²,0.0
2025-12-09 05:00:00,Pression atmosphérique,Pression atmosphérique,mm/j,1022.3
2025-12-09 05:00:00,Évapotranspiration Horaire,Évapotranspiration Horaire,mm/h,1.79
2025-12-09 04:00:00,Vitesse du vent,Vitesse du vent,m/s,0.34
2025-12-09 04:00:00,Direction du vent,Direction du vent,Deg,279.5
2025-12-09 04:00:00,Température,Température,°C,11.8
2025-12-09 04:00:00,Humidité relative,Humidité relative,%,85.0
2025-12-09 04:00:00,Point de Rosée,Point de Rosée,°C,9.3
2025-12-09 04:00:00,Rayonnement solaire,Rayonnement solaire,W/m²,0.0
2025-12-09 04:00:00,Pression atmosphérique,Pression atmosphérique,mm/j,1022.4
2025-12-09 04:00:00,Évapotranspiration Horaire,Évapotranspiration Horaire,mm/h,1.79
2025-12-09 03:00:00,Vitesse du vent,Vitesse du vent,m/s,0.11
2025-12-09 03:00:00,Direction du vent,Direction du vent,Deg,279.5
2025-12-09 03:00:00,Température,Température,°C,11.2
2025-12-09 03:00:00,Humidité relative,Humidité relative,%,91.2
2025-12-09 03:00:00,Point de Rosée,Point de Rosée,°C,9.8
2025-12-09 03:00:00,Rayonnement solaire,Rayonnement solaire,W/m²,0.0
2025-12-09 03:00:00,Pression atmosphérique,Pression atmosphérique,mm/j,1022.5
2025-12-09 03:00:00,Évapotranspiration Horaire,Évapotranspiration Horaire,mm/h,1.79
2025-12-09 02:00:00,Point de Rosée,Point de Rosée,°C,10.5
2025-12-09 02:00:00,Vitesse du vent,Vitesse du vent,m/s,0.16
2025-12-09 02:00:00,Direction du vent,Direction du vent,Deg,171.0
2025-12-09 02:00:00,Température,Température,°C,12.2
2025-12-09 02:00:00,Humidité relative,Humidité relative,%,89.5
2025-12-09 02:00:00,Rayonnement solaire,Rayonnement solaire,W/m²,0.0
2025-12-09 02:00:00,Pression atmosphérique,Pression atmosphérique,mm/j,1022.7
2025-12-09 02:00:00,Évapotranspiration Horaire,Évapotranspiration Horaire,mm/h,1.79
2025-12-09 01:00:00,Vitesse du vent,Vitesse du vent,m/s,0.54
2025-12-09 01:00:00,Direction du vent,Direction du vent,Deg,346.3
2025-12-09 01:00:00,Température,Température,°C,13.3
2025-12-09 01:00:00,Humidité relative,Humidité relative,%,86.8
2025-12-09 01:00:00,Point de Rosée,Point de Rosée,°C,11.1
2025-12-09 01:00:00,Rayonnement solaire,Rayonnement solaire,W/m²,0.0
2025-12-09 01:00:00,Pression atmosphérique,Pression atmosphérique,mm/j,1022.4
2025-12-09 01:00:00,Évapotranspiration Horaire,Évapotranspiration Horaire,mm/h,1.79
2025-12-09 00:00:00,Vitesse du vent,Vitesse du vent,m/s,0.33
2025-12-09 00:00:00,Direction du vent,Direction du vent,Deg,351.0
2025-12-09 00:00:00,Température,Température,°C,13.9
2025-12-09 00:00:00,Humidité relative,Humidité relative,%,84.4
2025-12-09 00:00:00,Point de Rosée,Point de Rosée,°C,11.3
2025-12-09 00:00:00,Rayonnement solaire,Rayonnement solaire,W/m²,1.0
2025-12-09 00:00:00,Pression atmosphérique,Pression atmosphérique,mm/j,1022.5
2025-12-09 00:00:00,Évapotranspiration Horaire,Évapotranspiration Horaire,mm/h,2.51
2025-12-08 23:00:00,Vitesse du vent,Vitesse du vent,m/s,0.21
2025-12-08 23:00:00,Direction du vent,Direction du vent,Deg,248.5
2025-12-08 23:00:00,Température,Température,°C,14.7
2025-12-08 23:00:00,Humidité relative,Humidité relative,%,81.7
2025-12-08 23:00:00,Point de Rosée,Point de Rosée,°C,11.6
2025-12-08 23:00:00,Rayonnement solaire,Rayonnement solaire,W/m²,0.0
2025-12-08 23:00:00,Pression atmosphérique,Pression atmosphérique,mm/j,1022.5
2025-12-08 23:00:00,Évapotranspiration Horaire,Évapotranspiration Horaire,mm/h,2.51
2025-12-08 22:00:00,Vitesse du vent,Vitesse du vent,m/s,0.2
2025-12-08 22:00:00,Direction du vent,Direction du vent,Deg,234.5
2025-12-08 22:00:00,Température,Température,°C,13.8
2025-12-08 22:00:00,Humidité relative,Humidité relative,%,92.6
2025-12-08 22:00:00,Point de Rosée,Point de Rosée,°C,12.6
2025-12-08 22:00:00,Rayonnement solaire,Rayonnement solaire,W/m²,0.0
2025-12-08 22:00:00,Pression atmosphérique,Pression atmosphérique,mm/j,1022.1
2025-12-08 22:00:00,Évapotranspiration Horaire,Évapotranspiration Horaire,mm/h,2.51
2025-12-08 21:00:00,Vitesse du vent,Vitesse du vent,m/s,0.36
2025-12-08 21:00:00,Direction du vent,Direction du vent,Deg,358.1
2025-12-08 21:00:00,Température,Température,°C,13.0
2025-12-08 21:00:00,Humidité relative,Humidité relative,%,94.5
2025-12-08 21:00:00,Point de Rosée,Point de Rosée,°C,12.1
2025-12-08 21:00:00,Rayonnement solaire,Rayonnement solaire,W/m²,0.0
2025-12-08 21:00:00,Pression atmosphérique,Pression atmosphérique,mm/j,1022.0
2025-12-08 21:00:00,Évapotranspiration Horaire,Évapotranspiration Horaire,mm/h,2.51
2025-12-08 20:00:00,Vitesse du vent,Vitesse du vent,m/s,0.1
2025-12-08 20:00:00,Direction du vent,Direction du vent,Deg,189.4
2025-12-08 20:00:00,Température,Température,°C,13.4
2025-12-08 20:00:00,Humidité relative,Humidité relative,%,92.0
2025-12-08 20:00:00,Point de Rosée,Point de Rosée,°C,12.1
2025-12-08 20:00:00,Rayonnement solaire,Rayonnement solaire,W/m²,0.0
2025-12-08 20:00:00,Pression atmosphérique,Pression atmosphérique,mm/j,1021.5
2025-12-08 20:00:00,Évapotranspiration Horaire,Évapotranspiration Horaire,mm/h,2.51
2025-12-08 19:00:00,Vitesse du vent,Vitesse du vent,m/s,0.15
2025-12-08 19:00:00,Direction du vent,Direction du vent,Deg,220.4
2025-12-08 19:00:00,Température,Température,°C,14.8
2025-12-08 19:00:00,Humidité relative,Humidité relative,%,89.5
2025-12-08 19:00:00,Point de Rosée,Point de Rosée,°C,13.0
2025-12-08 19:00:00,Rayonnement solaire,Rayonnement solaire,W/m²,0.0
2025-12-08 19:00:00,Pression atmosphérique,Pression atmosphérique,mm/j,1021.6
2025-12-08 19:00:00,Évapotranspiration Horaire,Évapotranspiration Horaire,mm/h,2.51
2025-12-08 18:00:00,Vitesse du vent,Vitesse du vent,m/s,0.2
2025-12-08 18:00:00,Direction du vent,Direction du vent,Deg,189.4
2025-12-08 18:00:00,Température,Température,°C,15.9
2025-12-08 18:00:00,Humidité relative,Humidité relative,%,82.2
2025-12-08 18:00:00,Point de Rosée,Point de Rosée,°C,12.9
2025-12-08 18:00:00,Rayonnement solaire,Rayonnement solaire,W/m²,0.0
2025-12-08 18:00:00,Pression atmosphérique,Pression atmosphérique,mm/j,1021.1
2025-12-08 18:00:00,Évapotranspiration Horaire,Évapotranspiration Horaire,mm/h,2.51
2025-12-08 17:00:00,Vitesse du vent,Vitesse du vent,m/s,0.16
2025-12-08 17:00:00,Direction du vent,Direction du vent,Deg,158.5
2025-12-08 17:00:00,Température,Température,°C,18.9
2025-12-08 17:00:00,Humidité relative,Humidité relative,%,70.1
2025-12-08 17:00:00,Point de Rosée,Point de Rosée,°C,13.3
2025-12-08 17:00:00,Rayonnement solaire,Rayonnement solaire,W/m²,3.0
2025-12-08 17:00:00,Pression atmosphérique,Pression atmosphérique,mm/j,1020.5
2025-12-08 17:00:00,Évapotranspiration Horaire,Évapotranspiration Horaire,mm/h,2.51
2025-12-08 16:00:00,Vitesse du vent,Vitesse du vent,m/s,0.59
2025-12-08 16:00:00,Direction du vent,Direction du vent,Deg,69.5
2025-12-08 16:00:00,Température,Température,°C,21.2
2025-12-08 16:00:00,Humidité relative,Humidité relative,%,60.9
2025-12-08 16:00:00,Point de Rosée,Point de Rosée,°C,13.3
2025-12-08 16:00:00,Rayonnement solaire,Rayonnement solaire,W/m²,110.0
2025-12-08 16:00:00,Pression atmosphérique,Pression atmosphérique,mm/j,1019.9
2025-12-08 16:00:00,Évapotranspiration Horaire,Évapotranspiration Horaire,mm/h,2.51
2025-12-08 15:00:00,Vitesse du vent,Vitesse du vent,m/s,1.86
2025-12-08 15:00:00,Direction du vent,Direction du vent,Deg,8.0
2025-12-08 15:00:00,Température,Température,°C,21.5
2025-12-08 15:00:00,Humidité relative,Humidité relative,%,57.7
2025-12-08 15:00:00,Point de Rosée,Point de Rosée,°C,12.8
2025-12-08 15:00:00,Rayonnement solaire,Rayonnement solaire,W/m²,267.0
2025-12-08 15:00:00,Pression atmosphérique,Pression atmosphérique,mm/j,1019.6
2025-12-08 15:00:00,Évapotranspiration Horaire,Évapotranspiration Horaire,mm/h,2.51
2025-12-08 14:00:00,Vitesse du vent,Vitesse du vent,m/s,0.39
2025-12-08 14:00:00,Direction du vent,Direction du vent,Deg,347.5
2025-12-08 14:00:00,Température,Température,°C,21.4
2025-12-08 14:00:00,Humidité relative,Humidité relative,%,59.5
2025-12-08 14:00:00,Point de Rosée,Point de Rosée,°C,13.2
2025-12-08 14:00:00,Rayonnement solaire,Rayonnement solaire,W/m²,391.0
2025-12-08 14:00:00,Pression atmosphérique,Pression atmosphérique,mm/j,1019.6
2025-12-08 14:00:00,Évapotranspiration Horaire,Évapotranspiration Horaire,mm/h,2.51
2025-12-08 13:00:00,Vitesse du vent,Vitesse du vent,m/s,0.81
2025-12-08 13:00:00,Direction du vent,Direction du vent,Deg,27.8
2025-12-08 13:00:00,Température,Température,°C,22.3
2025-12-08 13:00:00,Humidité relative,Humidité relative,%,44.8
2025-12-08 13:00:00,Point de Rosée,Point de Rosée,°C,9.7
2025-12-08 13:00:00,Rayonnement solaire,Rayonnement solaire,W/m²,461.0
2025-12-08 13:00:00,Pression atmosphérique,Pression atmosphérique,mm/j,1020.1
2025-12-08 13:00:00,Évapotranspiration Horaire,Évapotranspiration Horaire,mm/h,2.51
2025-12-08 12:00:00,Vitesse du vent,Vitesse du vent,m/s,3.52
2025-12-08 12:00:00,Direction du vent,Direction du vent,Deg,267.6
2025-12-08 12:00:00,Température,Température,°C,21.4
2025-12-08 12:00:00,Humidité relative,Humidité relative,%,49.3
2025-12-08 12:00:00,Point de Rosée,Point de Rosée,°C,10.3
2025-12-08 12:00:00,Rayonnement solaire,Rayonnement solaire,W/m²,485.0
2025-12-08 12:00:00,Pression atmosphérique,Pression atmosphérique,mm/j,1021.0
2025-12-08 12:00:00,Évapotranspiration Horaire,Évapotranspiration Horaire,mm/h,2.51
2025-12-08 11:00:00,Vitesse du vent,Vitesse du vent,m/s,2.56
2025-12-08 11:00:00,Direction du vent,Direction du vent,Deg,287.1
2025-12-08 11:00:00,Température,Température,°C,19.9
2025-12-08 11:00:00,Humidité relative,Humidité relative,%,54.3
2025-12-08 11:00:00,Point de Rosée,Point de Rosée,°C,10.4
2025-12-08 11:00:00,Rayonnement solaire,Rayonnement solaire,W/m²,446.0
2025-12-08 11:00:00,Pression atmosphérique,Pression atmosphérique,mm/j,1021.5
2025-12-08 11:00:00,Évapotranspiration Horaire,Évapotranspiration Horaire,mm/h,2.51
2025-12-08 10:00:00,Vitesse du vent,Vitesse du vent,m/s,0.85
2025-12-08 10:00:00,Direction du vent,Direction du vent,Deg,310.7
2025-12-08 10:00:00,Température,Température,°C,18.5
2025-12-08 10:00:00,Humidité relative,Humidité relative,%,59.2
2025-12-08 10:00:00,Point de Rosée,Point de Rosée,°C,10.4
2025-12-08 10:00:00,Rayonnement solaire,Rayonnement solaire,W/m²,341.0
2025-12-08 10:00:00,Pression atmosphérique,Pression atmosphérique,mm/j,1021.8
2025-12-08 10:00:00,Évapotranspiration Horaire,Évapotranspiration Horaire,mm/h,2.51
2025-12-08 09:00:00,Vitesse du vent,Vitesse du vent,m/s,0.53
2025-12-08 09:00:00,Direction du vent,Direction du vent,Deg,308.3
2025-12-08 09:00:00,Température,Température,°C,16.3
2025-12-08 09:00:00,Humidité relative,Humidité relative,%,64.5
2025-12-08 09:00:00,Point de Rosée,Point de Rosée,°C,9.6
2025-12-08 09:00:00,Rayonnement solaire,Rayonnement solaire,W/m²,209.0
2025-12-08 09:00:00,Pression atmosphérique,Pression atmosphérique,mm/j,1021.3
2025-12-08 09:00:00,Évapotranspiration Horaire,Évapotranspiration Horaire,mm/h,2.51
2025-12-08 08:00:00,Vitesse du vent,Vitesse du vent,m/s,0.36
2025-12-08 08:00:00,Direction du vent,Direction du vent,Deg,316.5
2025-12-08 08:00:00,Température,Température,°C,11.9
2025-12-08 08:00:00,Humidité relative,Humidité relative,%,80.1
2025-12-08 08:00:00,Point de Rosée,Point de Rosée,°C,8.6
2025-12-08 08:00:00,Rayonnement solaire,Rayonnement solaire,W/m²,29.0
2025-12-08 08:00:00,Pression atmosphérique,Pression atmosphérique,mm/j,1020.6
2025-12-08 08:00:00,Évapotranspiration Horaire,Évapotranspiration Horaire,mm/h,2.51
2025-12-08 07:00:00,Vitesse du vent,Vitesse du vent,m/s,0.48
2025-12-08 07:00:00,Direction du vent,Direction du vent,Deg,126.1
2025-12-08 07:00:00,Température,Température,°C,12.5
2025-12-08 07:00:00,Humidité relative,Humidité relative,%,77.3
2025-12-08 07:00:00,Point de Rosée,Point de Rosée,°C,8.6
2025-12-08 07:00:00,Rayonnement solaire,Rayonnement solaire,W/m²,0.0
2025-12-08 07:00:00,Pression atmosphérique,Pression atmosphérique,mm/j,1020.1
2025-12-08 07:00:00,Évapotranspiration Horaire,Évapotranspiration Horaire,mm/h,2.51
2025-12-08 06:00:00,Vitesse du vent,Vitesse du vent,m/s,0.98
2025-12-08 06:00:00,Direction du vent,Direction du vent,Deg,258.4
2025-12-08 06:00:00,Température,Température,°C,12.6
2025-12-08 06:00:00,Humidité relative,Humidité relative,%,80.7
2025-12-08 06:00:00,Point de Rosée,Point de Rosée,°C,9.3
2025-12-08 06:00:00,Rayonnement solaire,Rayonnement solaire,W/m²,1.0
2025-12-08 06:00:00,Pression atmosphérique,Pression atmosphérique,mm/j,1019.1
2025-12-08 06:00:00,Évapotranspiration Horaire,Évapotranspiration Horaire,mm/h,2.51
2025-12-08 05:00:00,Vitesse du vent,Vitesse du vent,m/s,0.64
2025-12-08 05:00:00,Direction du vent,Direction du vent,Deg,216.1
2025-12-08 05:00:00,Température,Température,°C,12.9
2025-12-08 05:00:00,Humidité relative,Humidité relative,%,79.9
2025-12-08 05:00:00,Point de Rosée,Point de Rosée,°C,9.5
2025-12-08 05:00:00,Rayonnement solaire,Rayonnement solaire,W/m²,1.0
2025-12-08 05:00:00,Pression atmosphérique,Pression atmosphérique,mm/j,1018.8
2025-12-08 05:00:00,Évapotranspiration Horaire,Évapotranspiration Horaire,mm/h,2.51
2025-12-08 04:00:00,Vitesse du vent,Vitesse du vent,m/s,0.49
2025-12-08 04:00:00,Direction du vent,Direction du vent,Deg,168.5
2025-12-08 04:00:00,Température,Température,°C,11.9
2025-12-08 04:00:00,Humidité relative,Humidité relative,%,82.6
2025-12-08 04:00:00,Point de Rosée,Point de Rosée,°C,9.0
2025-12-08 04:00:00,Rayonnement solaire,Rayonnement solaire,W/m²,1.0
2025-12-08 04:00:00,Pression atmosphérique,Pression atmosphérique,mm/j,1018.9
2025-12-08 04:00:00,Évapotranspiration Horaire,Évapotranspiration Horaire,mm/h,2.51
2025-12-08 03:00:00,Vitesse du vent,Vitesse du vent,m/s,0.44
2025-12-08 03:00:00,Direction du vent,Direction du vent,Deg,104.0
2025-12-08 03:00:00,Température,Température,°C,13.2
2025-12-08 03:00:00,Humidité relative,Humidité relative,%,76.4
2025-12-08 03:00:00,Point de Rosée,Point de Rosée,°C,9.1
2025-12-08 03:00:00,Rayonnement solaire,Rayonnement solaire,W/m²,0.0
2025-12-08 03:00:00,Pression atmosphérique,Pression atmosphérique,mm/j,1019.2
2025-12-08 03:00:00,Évapotranspiration Horaire,Évapotranspiration Horaire,mm/h,2.51
2025-12-08 02:00:00,Vitesse du vent,Vitesse du vent,m/s,0.68
2025-12-08 02:00:00,Direction du vent,Direction du vent,Deg,337.4
2025-12-08 02:00:00,Température,Température,°C,12.3
2025-12-08 02:00:00,Humidité relative,Humidité relative,%,83.6
2025-12-08 02:00:00,Point de Rosée,Point de Rosée,°C,9.6
2025-12-08 02:00:00,Rayonnement solaire,Rayonnement solaire,W/m²,1.0
2025-12-08 02:00:00,Pression atmosphérique,Pression atmosphérique,mm/j,1019.0
2025-12-08 02:00:00,Évapotranspiration Horaire,Évapotranspiration Horaire,mm/h,2.51
2025-12-08 01:00:00,Vitesse du vent,Vitesse du vent,m/s,0.63
2025-12-08 01:00:00,Direction du vent,Direction du vent,Deg,130.5
2025-12-08 01:00:00,Température,Température,°C,13.4
2025-12-08 01:00:00,Humidité relative,Humidité relative,%,76.5
2025-12-08 01:00:00,Point de Rosée,Point de Rosée,°C,9.3
2025-12-08 01:00:00,Rayonnement solaire,Rayonnement solaire,W/m²,0.0
2025-12-08 01:00:00,Pression atmosphérique,Pression atmosphérique,mm/j,1018.7
2025-12-08 01:00:00,Évapotranspiration Horaire,Évapotranspiration Horaire,mm/h,2.51
2025-12-08 00:00:00,Vitesse du vent,Vitesse du vent,m/s,0.27
2025-12-08 00:00:00,Direction du vent,Direction du vent,Deg,212.7
2025-12-08 00:00:00,Température,Température,°C,14.0
2025-12-08 00:00:00,Humidité relative,Humidité relative,%,75.3
2025-12-08 00:00:00,Point de Rosée,Point de Rosée,°C,9.7
2025-12-08 00:00:00,Rayonnement solaire,Rayonnement solaire,W/m²,0.0
2025-12-08 00:00:00,Pression atmosphérique,Pression atmosphérique,mm/j,1019.1
2025-12-08 00:00:00,Évapotranspiration Horaire,Évapotranspiration Horaire,mm/h,2.44
2025-12-07 23:00:00,Vitesse du vent,Vitesse du vent,m/s,0.78
2025-12-07 23:00:00,Direction du vent,Direction du vent,Deg,175.9
2025-12-07 23:00:00,Température,Température,°C,15.4
2025-12-07 23:00:00,Humidité relative,Humidité relative,%,70.3
2025-12-07 23:00:00,Point de Rosée,Point de Rosée,°C,10.0
2025-12-07 23:00:00,Rayonnement solaire,Rayonnement solaire,W/m²,0.0
2025-12-07 23:00:00,Pression atmosphérique,Pression atmosphérique,mm/j,1019.0
2025-12-07 23:00:00,Évapotranspiration Horaire,Évapotranspiration Horaire,mm/h,2.44
2025-12-07 22:00:00,Vitesse du vent,Vitesse du vent,m/s,0.38
2025-12-07 22:00:00,Direction du vent,Direction du vent,Deg,184.2
2025-12-07 22:00:00,Température,Température,°C,16.4
2025-12-07 22:00:00,Humidité relative,Humidité relative,%,66.1
2025-12-07 22:00:00,Point de Rosée,Point de Rosée,°C,10.0
2025-12-07 22:00:00,Rayonnement solaire,Rayonnement solaire,W/m²,1.0
2025-12-07 22:00:00,Pression atmosphérique,Pression atmosphérique,mm/j,1018.9
2025-12-07 22:00:00,Évapotranspiration Horaire,Évapotranspiration Horaire,mm/h,2.44
2025-12-07 21:00:00,Vitesse du vent,Vitesse du vent,m/s,1.45
2025-12-07 21:00:00,Direction du vent,Direction du vent,Deg,266.5
2025-12-07 21:00:00,Température,Température,°C,17.0
2025-12-07 21:00:00,Humidité relative,Humidité relative,%,64.3
2025-12-07 21:00:00,Point de Rosée,Point de Rosée,°C,10.2
2025-12-07 21:00:00,Rayonnement solaire,Rayonnement solaire,W/m²,0.0
2025-12-07 21:00:00,Pression atmosphérique,Pression atmosphérique,mm/j,1018.9
2025-12-07 21:00:00,Évapotranspiration Horaire,Évapotranspiration Horaire,mm/h,2.44
2025-12-07 20:00:00,Vitesse du vent,Vitesse du vent,m/s,1.21
2025-12-07 20:00:00,Direction du vent,Direction du vent,Deg,314.6
2025-12-07 20:00:00,Température,Température,°C,17.4
2025-12-07 20:00:00,Humidité relative,Humidité relative,%,61.3
2025-12-07 20:00:00,Point de Rosée,Point de Rosée,°C,9.9
2025-12-07 20:00:00,Rayonnement solaire,Rayonnement solaire,W/m²,0.0
2025-12-07 20:00:00,Pression atmosphérique,Pression atmosphérique,mm/j,1018.6
2025-12-07 20:00:00,Évapotranspiration Horaire,Évapotranspiration Horaire,mm/h,2.44
2025-12-07 19:00:00,Vitesse du vent,Vitesse du vent,m/s,2.0
2025-12-07 19:00:00,Direction du vent,Direction du vent,Deg,265.6
2025-12-07 19:00:00,Température,Température,°C,18.0
2025-12-07 19:00:00,Humidité relative,Humidité relative,%,58.2
2025-12-07 19:00:00,Point de Rosée,Point de Rosée,°C,9.7
2025-12-07 19:00:00,Rayonnement solaire,Rayonnement solaire,W/m²,0.0
2025-12-07 19:00:00,Pression atmosphérique,Pression atmosphérique,mm/j,1018.0
2025-12-07 19:00:00,Évapotranspiration Horaire,Évapotranspiration Horaire,mm/h,2.44
2025-12-07 18:00:00,Vitesse du vent,Vitesse du vent,m/s,2.89
2025-12-07 18:00:00,Direction du vent,Direction du vent,Deg,337.9
2025-12-07 18:00:00,Température,Température,°C,18.5
2025-12-07 18:00:00,Humidité relative,Humidité relative,%,55.5
2025-12-07 18:00:00,Point de Rosée,Point de Rosée,°C,9.4
2025-12-07 18:00:00,Rayonnement solaire,Rayonnement solaire,W/m²,0.0
2025-12-07 18:00:00,Pression atmosphérique,Pression atmosphérique,mm/j,1017.6
2025-12-07 18:00:00,Évapotranspiration Horaire,Évapotranspiration Horaire,mm/h,2.44
2025-12-07 17:00:00,Vitesse du vent,Vitesse du vent,m/s,1.44
2025-12-07 17:00:00,Direction du vent,Direction du vent,Deg,257.3
2025-12-07 17:00:00,Température,Température,°C,19.6
2025-12-07 17:00:00,Humidité relative,Humidité relative,%,52.7
2025-12-07 17:00:00,Point de Rosée,Point de Rosée,°C,9.7
2025-12-07 17:00:00,Rayonnement solaire,Rayonnement solaire,W/m²,4.0
2025-12-07 17:00:00,Pression atmosphérique,Pression atmosphérique,mm/j,1016.9
2025-12-07 17:00:00,Évapotranspiration Horaire,Évapotranspiration Horaire,mm/h,2.44
2025-12-07 16:00:00,Vitesse du vent,Vitesse du vent,m/s,3.32
2025-12-07 16:00:00,Direction du vent,Direction du vent,Deg,283.0
2025-12-07 16:00:00,Température,Température,°C,20.9
2025-12-07 16:00:00,Humidité relative,Humidité relative,%,48.5
2025-12-07 16:00:00,Point de Rosée,Point de Rosée,°C,9.6
2025-12-07 16:00:00,Rayonnement solaire,Rayonnement solaire,W/m²,119.0
2025-12-07 16:00:00,Pression atmosphérique,Pression atmosphérique,mm/j,1016.4
2025-12-07 16:00:00,Évapotranspiration Horaire,Évapotranspiration Horaire,mm/h,2.44
2025-12-07 15:00:00,Vitesse du vent,Vitesse du vent,m/s,1.69
2025-12-07 15:00:00,Direction du vent,Direction du vent,Deg,259.5
2025-12-07 15:00:00,Température,Température,°C,21.9
2025-12-07 15:00:00,Humidité relative,Humidité relative,%,46.4
2025-12-07 15:00:00,Point de Rosée,Point de Rosée,°C,9.9
2025-12-07 15:00:00,Rayonnement solaire,Rayonnement solaire,W/m²,286.0
2025-12-07 15:00:00,Pression atmosphérique,Pression atmosphérique,mm/j,1016.0
2025-12-07 15:00:00,Évapotranspiration Horaire,Évapotranspiration Horaire,mm/h,2.44
2025-12-07 14:00:00,Vitesse du vent,Vitesse du vent,m/s,0.99
2025-12-07 14:00:00,Direction du vent,Direction du vent,Deg,321.4
2025-12-07 14:00:00,Température,Température,°C,21.5
2025-12-07 14:00:00,Humidité relative,Humidité relative,%,48.8
2025-12-07 14:00:00,Point de Rosée,Point de Rosée,°C,10.3
2025-12-07 14:00:00,Rayonnement solaire,Rayonnement solaire,W/m²,423.0
2025-12-07 14:00:00,Pression atmosphérique,Pression atmosphérique,mm/j,1016.3
2025-12-07 14:00:00,Évapotranspiration Horaire,Évapotranspiration Horaire,mm/h,2.44
2025-12-07 13:00:00,Vitesse du vent,Vitesse du vent,m/s,6.31
2025-12-07 13:00:00,Direction du vent,Direction du vent,Deg,271.8
2025-12-07 13:00:00,Température,Température,°C,20.9
2025-12-07 13:00:00,Humidité relative,Humidité relative,%,50.2
2025-12-07 13:00:00,Point de Rosée,Point de Rosée,°C,10.1
2025-12-07 13:00:00,Rayonnement solaire,Rayonnement solaire,W/m²,335.0
2025-12-07 13:00:00,Pression atmosphérique,Pression atmosphérique,mm/j,1016.5
2025-12-07 13:00:00,Évapotranspiration Horaire,Évapotranspiration Horaire,mm/h,2.44
2025-12-07 12:00:00,Vitesse du vent,Vitesse du vent,m/s,2.6
2025-12-07 12:00:00,Direction du vent,Direction du vent,Deg,322.1
2025-12-07 12:00:00,Température,Température,°C,20.3
2025-12-07 12:00:00,Humidité relative,Humidité relative,%,52.5
2025-12-07 12:00:00,Point de Rosée,Point de Rosée,°C,10.2
2025-12-07 12:00:00,Rayonnement solaire,Rayonnement solaire,W/m²,161.0
2025-12-07 12:00:00,Pression atmosphérique,Pression atmosphérique,mm/j,1017.3
2025-12-07 12:00:00,Évapotranspiration Horaire,Évapotranspiration Horaire,mm/h,2.44
2025-12-07 11:00:00,Vitesse du vent,Vitesse du vent,m/s,1.66
2025-12-07 11:00:00,Direction du vent,Direction du vent,Deg,292.6
2025-12-07 11:00:00,Température,Température,°C,20.5
2025-12-07 11:00:00,Humidité relative,Humidité relative,%,51.6
2025-12-07 11:00:00,Point de Rosée,Point de Rosée,°C,10.2
2025-12-07 11:00:00,Rayonnement solaire,Rayonnement solaire,W/m²,473.0
2025-12-07 11:00:00,Pression atmosphérique,Pression atmosphérique,mm/j,1018.1
2025-12-07 11:00:00,Évapotranspiration Horaire,Évapotranspiration Horaire,mm/h,2.44
2025-12-07 10:00:00,Vitesse du vent,Vitesse du vent,m/s,4.5
2025-12-07 10:00:00,Direction du vent,Direction du vent,Deg,261.9
2025-12-07 10:00:00,Température,Température,°C,18.4
2025-12-07 10:00:00,Humidité relative,Humidité relative,%,55.6
2025-12-07 10:00:00,Point de Rosée,Point de Rosée,°C,9.3
2025-12-07 10:00:00,Rayonnement solaire,Rayonnement solaire,W/m²,396.0
2025-12-07 10:00:00,Pression atmosphérique,Pression atmosphérique,mm/j,1017.9
2025-12-07 10:00:00,Évapotranspiration Horaire,Évapotranspiration Horaire,mm/h,2.44
2025-12-07 09:00:00,Vitesse du vent,Vitesse du vent,m/s,4.2
2025-12-07 09:00:00,Direction du vent,Direction du vent,Deg,281.0
2025-12-07 09:00:00,Température,Température,°C,16.9
2025-12-07 09:00:00,Humidité relative,Humidité relative,%,59.5
2025-12-07 09:00:00,Point de Rosée,Point de Rosée,°C,9.0
2025-12-07 09:00:00,Rayonnement solaire,Rayonnement solaire,W/m²,212.0
2025-12-07 09:00:00,Pression atmosphérique,Pression atmosphérique,mm/j,1017.6
2025-12-07 09:00:00,Évapotranspiration Horaire,Évapotranspiration Horaire,mm/h,2.44
2025-12-07 08:00:00,Vitesse du vent,Vitesse du vent,m/s,2.79
2025-12-07 08:00:00,Direction du vent,Direction du vent,Deg,286.0
2025-12-07 08:00:00,Température,Température,°C,16.0
2025-12-07 08:00:00,Humidité relative,Humidité relative,%,62.5
2025-12-07 08:00:00,Point de Rosée,Point de Rosée,°C,8.8
2025-12-07 08:00:00,Rayonnement solaire,Rayonnement solaire,W/m²,65.0
2025-12-07 08:00:00,Pression atmosphérique,Pression atmosphérique,mm/j,1017.6
2025-12-07 08:00:00,Évapotranspiration Horaire,Évapotranspiration Horaire,mm/h,2.44
2025-12-07 07:00:00,Vitesse du vent,Vitesse du vent,m/s,3.31
2025-12-07 07:00:00,Direction du vent,Direction du vent,Deg,255.9
2025-12-07 07:00:00,Température,Température,°C,15.0
2025-12-07 07:00:00,Humidité relative,Humidité relative,%,66.2
2025-12-07 07:00:00,Point de Rosée,Point de Rosée,°C,8.7
2025-12-07 07:00:00,Rayonnement solaire,Rayonnement solaire,W/m²,0.0
2025-12-07 07:00:00,Pression atmosphérique,Pression atmosphérique,mm/j,1017.4
2025-12-07 07:00:00,Évapotranspiration Horaire,Évapotranspiration Horaire,mm/h,2.44
2025-12-07 06:00:00,Vitesse du vent,Vitesse du vent,m/s,1.41
2025-12-07 06:00:00,Direction du vent,Direction du vent,Deg,278.1
2025-12-07 06:00:00,Température,Température,°C,14.1
2025-12-07 06:00:00,Humidité relative,Humidité relative,%,69.5
2025-12-07 06:00:00,Point de Rosée,Point de Rosée,°C,8.6
2025-12-07 06:00:00,Rayonnement solaire,Rayonnement solaire,W/m²,0.0
2025-12-07 06:00:00,Pression atmosphérique,Pression atmosphérique,mm/j,1017.1
2025-12-07 06:00:00,Évapotranspiration Horaire,Évapotranspiration Horaire,mm/h,2.44
2025-12-07 05:00:00,Vitesse du vent,Vitesse du vent,m/s,0.97
2025-12-07 05:00:00,Direction du vent,Direction du vent,Deg,318.5
2025-12-07 05:00:00,Température,Température,°C,12.4
2025-12-07 05:00:00,Humidité relative,Humidité relative,%,77.4
2025-12-07 05:00:00,Point de Rosée,Point de Rosée,°C,8.5
2025-12-07 05:00:00,Rayonnement solaire,Rayonnement solaire,W/m²,1.0
2025-12-07 05:00:00,Pression atmosphérique,Pression atmosphérique,mm/j,1017.2
2025-12-07 05:00:00,Évapotranspiration Horaire,Évapotranspiration Horaire,mm/h,2.44
2025-12-07 04:00:00,Vitesse du vent,Vitesse du vent,m/s,0.15
2025-12-07 04:00:00,Direction du vent,Direction du vent,Deg,68.6
2025-12-07 04:00:00,Température,Température,°C,11.8
2025-12-07 04:00:00,Humidité relative,Humidité relative,%,75.6
2025-12-07 04:00:00,Point de Rosée,Point de Rosée,°C,7.6
2025-12-07 04:00:00,Rayonnement solaire,Rayonnement solaire,W/m²,0.0
2025-12-07 04:00:00,Pression atmosphérique,Pression atmosphérique,mm/j,1017.2
2025-12-07 04:00:00,Évapotranspiration Horaire,Évapotranspiration Horaire,mm/h,2.44
2025-12-07 03:00:00,Vitesse du vent,Vitesse du vent,m/s,0.15
2025-12-07 03:00:00,Direction du vent,Direction du vent,Deg,246.6
2025-12-07 03:00:00,Température,Température,°C,14.1
2025-12-07 03:00:00,Humidité relative,Humidité relative,%,66.6
2025-12-07 03:00:00,Point de Rosée,Point de Rosée,°C,8.0
2025-12-07 03:00:00,Rayonnement solaire,Rayonnement solaire,W/m²,0.0
2025-12-07 03:00:00,Pression atmosphérique,Pression atmosphérique,mm/j,1017.1
2025-12-07 03:00:00,Évapotranspiration Horaire,Évapotranspiration Horaire,mm/h,2.44
2025-12-07 02:00:00,Vitesse du vent,Vitesse du vent,m/s,1.55
2025-12-07 02:00:00,Direction du vent,Direction du vent,Deg,275.7
2025-12-07 02:00:00,Température,Température,°C,13.4
2025-12-07 02:00:00,Humidité relative,Humidité relative,%,65.0
2025-12-07 02:00:00,Point de Rosée,Point de Rosée,°C,7.0
2025-12-07 02:00:00,Rayonnement solaire,Rayonnement solaire,W/m²,0.0
2025-12-07 02:00:00,Pression atmosphérique,Pression atmosphérique,mm/j,1017.5
2025-12-07 02:00:00,Évapotranspiration Horaire,Évapotranspiration Horaire,mm/h,2.44
2025-12-07 01:00:00,Vitesse du vent,Vitesse du vent,m/s,2.16
2025-12-07 01:00:00,Direction du vent,Direction du vent,Deg,270.0
2025-12-07 01:00:00,Température,Température,°C,15.0
2025-12-07 01:00:00,Humidité relative,Humidité relative,%,60.9
2025-12-07 01:00:00,Point de Rosée,Point de Rosée,°C,7.5
2025-12-07 01:00:00,Rayonnement solaire,Rayonnement solaire,W/m²,0.0
2025-12-07 01:00:00,Pression atmosphérique,Pression atmosphérique,mm/j,1017.4
2025-12-07 01:00:00,Évapotranspiration Horaire,Évapotranspiration Horaire,mm/h,2.44
2025-12-07 00:00:00,Vitesse du vent,Vitesse du vent,m/s,2.17
2025-12-07 00:00:00,Évapotranspiration Horaire,Évapotranspiration Horaire,mm/h,2.13
2025-12-07 00:00:00,Pression atmosphérique,Pression atmosphérique,mm/j,1017.2
2025-12-07 00:00:00,Direction du vent,Direction du vent,Deg,256.3
2025-12-07 00:00:00,Rayonnement solaire,Rayonnement solaire,W/m²,0.0
2025-12-07 00:00:00,Température,Température,°C,13.9
2025-12-07 00:00:00,Point de Rosée,Point de Rosée,°C,7.4
2025-12-07 00:00:00,Humidité relative,Humidité relative,%,65.1
