datetime,date,year,month,day,hour,time_period,season,city,wind_speed,NA,solar_radiation,dew_point,humidity,temperature,wind_direction,quality_flag
2025-12-19T07:00:02Z,2025-12-19,2025,December,19,7,Morning,Winter,Bizerte,4.72,339.53333333333336,0,15.7,100,15.7,135.1,ok
2025-12-19T05:00:02Z,2025-12-19,2025,December,19,5,Night,Winter,Bizerte,1.09,339.56666666666666,0,15.3,100,15.3,329.5,ok
2025-12-19T03:00:02Z,2025-12-19,2025,December,19,3,Night,Winter,Bizerte,0.77,339.8666666666667,0,15.3,100,15.3,98.7,ok
2025-12-18T23:00:02Z,2025-12-18,2025,December,18,23,Evening,Winter,Bizerte,0.21,340.03333333333336,0,15.3,93.8,16.3,45.9,ok
2025-12-18T21:00:02Z,2025-12-18,2025,December,18,21,Evening,Winter,Bizerte,0.8,339.90000000000003,0,15.4,88.2,17.4,74.4,ok
2025-12-18T19:00:02Z,2025-12-18,2025,December,18,19,Evening,Winter,Bizerte,0.66,339.8333333333333,0,15.9,92.8,17.1,9.3,ok
2025-12-18T17:00:02Z,2025-12-18,2025,December,18,17,Afternoon,Winter,Bizerte,0.26,339.7,0,16.3,87.8,18.4,20.6,ok
2025-12-18T15:00:02Z,2025-12-18,2025,December,18,15,Afternoon,Winter,Bizerte,2.98,339.59999999999997,62,15.8,76.8,20,111.8,ok
2025-12-18T13:00:02Z,2025-12-18,2025,December,18,13,Afternoon,Winter,Bizerte,0.52,339.7,233,18.1,100,18.1,260.7,ok
2025-12-18T11:00:02Z,2025-12-18,2025,December,18,11,Morning,Winter,Bizerte,1.48,340.06666666666666,131,16.4,100,16.4,185.2,ok
2025-12-18T09:00:02Z,2025-12-18,2025,December,18,9,Morning,Winter,Bizerte,0.83,339.90000000000003,97,15.1,100,15.1,222.5,ok
2025-12-18T07:00:02Z,2025-12-18,2025,December,18,7,Morning,Winter,Bizerte,0.78,339.76666666666665,0,14.2,100,14.2,313.1,ok
2025-12-18T05:00:02Z,2025-12-18,2025,December,18,5,Night,Winter,Bizerte,1.61,339.43333333333334,0,15.1,100,15.1,242.5,ok
2025-12-18T03:00:02Z,2025-12-18,2025,December,18,3,Night,Winter,Bizerte,0.82,339.59999999999997,0,14.8,100,14.8,308.9,ok
2025-12-18T01:00:02Z,2025-12-18,2025,December,18,1,Night,Winter,Bizerte,0.47,339.53333333333336,0,14.8,100,14.8,224.3,ok
2025-12-17T23:00:02Z,2025-12-17,2025,December,17,23,Evening,Winter,Bizerte,1.24,339.5,0,14.3,100,14.3,311.1,ok
2025-12-17T21:00:02Z,2025-12-17,2025,December,17,21,Evening,Winter,Bizerte,0.66,339.23333333333335,0,14.4,100,14.4,297.3,ok
2025-12-17T19:00:02Z,2025-12-17,2025,December,17,19,Evening,Winter,Bizerte,0.68,339.03333333333336,0,13.2,85.4,15.7,148.4,ok
2025-12-17T17:00:02Z,2025-12-17,2025,December,17,17,Afternoon,Winter,Bizerte,0.45,338.59999999999997,3,13.8,80.6,17.2,58.5,ok
2025-12-17T15:00:02Z,2025-12-17,2025,December,17,15,Afternoon,Winter,Bizerte,3.13,338.26666666666665,220,12.7,62.4,20.1,140.3,ok
2025-12-17T13:00:02Z,2025-12-17,2025,December,17,13,Afternoon,Winter,Bizerte,1.73,338.43333333333334,362,11.5,64.5,18.3,71.2,ok
2025-12-17T11:00:02Z,2025-12-17,2025,December,17,11,Morning,Winter,Bizerte,0.53,338.76666666666665,282,10.3,66.4,16.6,318.5,ok
2025-12-17T09:00:02Z,2025-12-17,2025,December,17,9,Morning,Winter,Bizerte,0.87,338.53333333333336,123,10,90.3,11.6,221.7,ok
2025-12-17T07:00:02Z,2025-12-17,2025,December,17,7,Morning,Winter,Bizerte,0.52,337.96666666666664,0,9,94.7,9.8,285.1,ok
2025-12-17T05:00:02Z,2025-12-17,2025,December,17,5,Night,Winter,Bizerte,0.65,337.53333333333336,0,9.5,93.2,10.6,334.2,ok
2025-12-17T03:00:02Z,2025-12-17,2025,December,17,3,Night,Winter,Bizerte,0.46,337.40000000000003,0,8.4,83.2,11.2,289.3,ok
2025-12-17T01:00:02Z,2025-12-17,2025,December,17,1,Night,Winter,Bizerte,1.61,337.23333333333335,1,9.6,82.1,12.6,198.9,ok
2025-12-16T23:00:02Z,2025-12-16,2025,December,16,23,Evening,Winter,Bizerte,0.82,337.09999999999997,0,10.2,88.3,12.1,171.4,ok
2025-12-16T21:00:02Z,2025-12-16,2025,December,16,21,Evening,Winter,Bizerte,0.86,336.8,0,10.4,81.2,13.6,266.3,ok
2025-12-16T19:00:02Z,2025-12-16,2025,December,16,19,Evening,Winter,Bizerte,2.01,336.59999999999997,1,10,77.3,13.9,287,ok
2025-12-16T17:00:02Z,2025-12-16,2025,December,16,17,Afternoon,Winter,Bizerte,1.69,336.23333333333335,4,10.7,69.5,16.3,289.5,ok
2025-12-16T15:00:02Z,2025-12-16,2025,December,16,15,Afternoon,Winter,Bizerte,0.62,335.93333333333334,232,8.7,41.7,22.3,117.2,ok
2025-12-16T13:00:02Z,2025-12-16,2025,December,16,13,Afternoon,Winter,Bizerte,2.37,336.06666666666666,430,11.1,52.3,21.3,294.5,ok
2025-12-16T11:00:02Z,2025-12-16,2025,December,16,11,Morning,Winter,Bizerte,1.68,336.53333333333336,369,11.9,70.4,17.3,171.6,ok
2025-12-16T10:00:02Z,2025-12-16,2025,December,16,10,Morning,Winter,Bizerte,1.11,336.56666666666666,137,13.9,96.3,14.5,227.8,ok
2025-12-16T09:00:02Z,2025-12-16,2025,December,16,9,Morning,Winter,Bizerte,0.38,336.43333333333334,17,14.1,100,14.1,171.9,ok
2025-12-16T07:00:02Z,2025-12-16,2025,December,16,7,Morning,Winter,Bizerte,1.71,336.3333333333333,0,14,99.1,14.2,310.3,ok
2025-12-16T05:00:02Z,2025-12-16,2025,December,16,5,Night,Winter,Bizerte,0.26,336.40000000000003,0,14.9,100,14.9,20.5,ok
2025-12-16T03:00:02Z,2025-12-16,2025,December,16,3,Night,Winter,Bizerte,0.84,336.73333333333335,0,14.8,100,14.8,225.9,ok
2025-12-16T02:00:02Z,2025-12-16,2025,December,16,2,Night,Winter,Bizerte,0.56,336.96666666666664,0,15,98.2,15.3,238.4,ok
2025-12-16T01:00:02Z,2025-12-16,2025,December,16,1,Night,Winter,Bizerte,0.58,337.09999999999997,0,15.1,100,15.1,16.4,ok
2025-12-15T23:00:02Z,2025-12-15,2025,December,15,23,Evening,Winter,Bizerte,1.39,337.6333333333333,0,15.6,100,15.6,228.9,ok
2025-12-15T21:00:02Z,2025-12-15,2025,December,15,21,Evening,Winter,Bizerte,1.99,337.76666666666665,0,15.4,98.2,15.7,187.8,ok
2025-12-15T19:00:02Z,2025-12-15,2025,December,15,19,Evening,Winter,Bizerte,0.72,337.8333333333333,0,15.2,93.8,16.2,187,ok
2025-12-15T17:00:02Z,2025-12-15,2025,December,15,17,Afternoon,Winter,Bizerte,1.04,337.7,0,14,83.4,16.8,189,ok
2025-12-15T15:00:02Z,2025-12-15,2025,December,15,15,Afternoon,Winter,Bizerte,1.37,337.8666666666667,30,12.8,70.9,18.2,141.7,ok
2025-12-15T13:00:02Z,2025-12-15,2025,December,15,13,Afternoon,Winter,Bizerte,2.07,338.1666666666667,67,14,76.2,18.2,146.6,ok
2025-12-15T12:00:02Z,2025-12-15,2025,December,15,12,Afternoon,Winter,Bizerte,0.11,338.46666666666664,33,13.6,75.5,18,174.9,ok
2025-12-15T11:00:02Z,2025-12-15,2025,December,15,11,Morning,Winter,Bizerte,2.19,338.8,40,14.5,86,16.9,334.4,ok
2025-12-15T09:00:02Z,2025-12-15,2025,December,15,9,Morning,Winter,Bizerte,1.03,338.93333333333334,43,14.6,100,14.6,20.5,ok
2025-12-15T07:00:02Z,2025-12-15,2025,December,15,7,Morning,Winter,Bizerte,1.25,339,0,13.5,100,13.5,280.4,ok
2025-12-15T05:00:02Z,2025-12-15,2025,December,15,5,Night,Winter,Bizerte,0.45,339.2,0,13.4,100,13.4,301.8,ok
2025-12-15T03:00:02Z,2025-12-15,2025,December,15,3,Night,Winter,Bizerte,1.5,339.46666666666664,0,13.7,100,13.7,309.6,ok
2025-12-15T01:00:02Z,2025-12-15,2025,December,15,1,Night,Winter,Bizerte,0.84,339.56666666666666,0,13.9,100,13.9,269.1,ok
2025-12-14T23:00:02Z,2025-12-14,2025,December,14,23,Evening,Winter,Bizerte,1.04,339.7,0,13.5,100,13.5,290.4,ok
2025-12-14T21:00:02Z,2025-12-14,2025,December,14,21,Evening,Winter,Bizerte,0.59,339.76666666666665,0,14.1,100,14.1,141.7,ok
2025-12-14T19:00:02Z,2025-12-14,2025,December,14,19,Evening,Winter,Bizerte,1.09,339.6333333333333,0,14.5,100,14.5,279.9,ok
2025-12-14T17:00:02Z,2025-12-14,2025,December,14,17,Afternoon,Winter,Bizerte,1.04,339.40000000000003,2,14.4,83.9,17.2,80.7,ok
2025-12-14T15:00:02Z,2025-12-14,2025,December,14,15,Afternoon,Winter,Bizerte,3.56,339.56666666666666,236,12.9,62.6,20.3,136.3,ok
2025-12-14T13:00:02Z,2025-12-14,2025,December,14,13,Afternoon,Winter,Bizerte,2.43,339.8333333333333,410,12.7,64.8,19.5,146.9,ok
2025-12-14T11:00:02Z,2025-12-14,2025,December,14,11,Morning,Winter,Bizerte,1.72,340.3333333333333,403,13.3,75.4,17.7,113.3,ok
2025-12-14T09:00:02Z,2025-12-14,2025,December,14,9,Morning,Winter,Bizerte,0.71,340.26666666666665,172,13.4,100,13.4,203.8,ok
2025-12-14T07:00:02Z,2025-12-14,2025,December,14,7,Morning,Winter,Bizerte,0.31,340.23333333333335,0,10.5,100,10.5,230.1,ok
2025-12-14T05:00:02Z,2025-12-14,2025,December,14,5,Night,Winter,Bizerte,1.19,340.1666666666667,0,12,100,12,255.2,ok
2025-12-14T03:00:02Z,2025-12-14,2025,December,14,3,Night,Winter,Bizerte,0.76,340.2,0,11.8,100,11.8,305.6,ok
2025-12-14T01:00:02Z,2025-12-14,2025,December,14,1,Night,Winter,Bizerte,1.43,340.26666666666665,0,12.1,100,12.1,277,ok
2025-12-13T23:00:02Z,2025-12-13,2025,December,13,23,Evening,Winter,Bizerte,0.73,340.3666666666667,0,13.6,100,13.6,289.6,ok
2025-12-13T21:00:02Z,2025-12-13,2025,December,13,21,Evening,Winter,Bizerte,0.82,340.2,0,14.6,100,14.6,272.1,ok
2025-12-13T19:00:02Z,2025-12-13,2025,December,13,19,Evening,Winter,Bizerte,0.52,339.93333333333334,0,13.8,87.9,15.8,342.9,ok
2025-12-13T17:00:02Z,2025-12-13,2025,December,13,17,Afternoon,Winter,Bizerte,1.68,339.6666666666667,4,13.4,79.5,17,81.6,ok
2025-12-13T15:00:02Z,2025-12-13,2025,December,13,15,Afternoon,Winter,Bizerte,1.16,339.46666666666664,232,12.8,61.9,20.3,142.7,ok
2025-12-13T14:00:02Z,2025-12-13,2025,December,13,14,Afternoon,Winter,Bizerte,2.76,339.5,354,12.7,65.8,19.3,59.9,ok
2025-12-13T13:00:02Z,2025-12-13,2025,December,13,13,Afternoon,Winter,Bizerte,1.82,339.6666666666667,430,13.9,70.8,19.3,40.1,ok
2025-12-13T11:00:02Z,2025-12-13,2025,December,13,11,Morning,Winter,Bizerte,0.62,340.09999999999997,395,15.2,93.2,16.3,156.9,ok
2025-12-13T09:00:02Z,2025-12-13,2025,December,13,9,Morning,Winter,Bizerte,0.15,339.90000000000003,180,12.5,100,12.5,45.8,ok
2025-12-13T08:00:02Z,2025-12-13,2025,December,13,8,Morning,Winter,Bizerte,0.42,339.73333333333335,36,9.2,100,9.2,11.1,ok
2025-12-13T07:00:02Z,2025-12-13,2025,December,13,7,Morning,Winter,Bizerte,1.83,339.46666666666664,0,11.2,100,11.2,288.9,ok
2025-12-13T05:00:02Z,2025-12-13,2025,December,13,5,Night,Winter,Bizerte,1.69,339.1666666666667,0,11.4,100,11.4,279,ok
2025-12-13T04:00:02Z,2025-12-13,2025,December,13,4,Night,Winter,Bizerte,0.7,339.1666666666667,0,10.2,100,10.2,181.4,ok
2025-12-13T03:00:02Z,2025-12-13,2025,December,13,3,Night,Winter,Bizerte,0.4,339.1666666666667,0,11.2,100,11.2,256.7,ok
2025-12-13T01:00:02Z,2025-12-13,2025,December,13,1,Night,Winter,Bizerte,1.52,339.06666666666666,0,11.5,100,11.5,274.2,ok
2025-12-12T23:00:02Z,2025-12-12,2025,December,12,23,Evening,Winter,Bizerte,1.68,339.1666666666667,0,12.6,100,12.6,296.5,ok
2025-12-12T21:00:02Z,2025-12-12,2025,December,12,21,Evening,Winter,Bizerte,1.94,338.93333333333334,0,12.9,100,12.9,295.7,ok
2025-12-12T20:00:02Z,2025-12-12,2025,December,12,20,Evening,Winter,Bizerte,1.81,338.8333333333333,0,13.2,100,13.2,293.7,ok
2025-12-12T19:00:02Z,2025-12-12,2025,December,12,19,Evening,Winter,Bizerte,1.18,338.7,0,14.7,98.6,14.9,68.3,ok
2025-12-12T18:00:02Z,2025-12-12,2025,December,12,18,Evening,Winter,Bizerte,1.12,338.5,0,13.2,88.8,15.1,50.3,ok
2025-12-12T17:00:02Z,2025-12-12,2025,December,12,17,Afternoon,Winter,Bizerte,3.9,338.3666666666667,5,13.4,82.9,16.3,54.1,ok
2025-12-12T15:00:02Z,2025-12-12,2025,December,12,15,Afternoon,Winter,Bizerte,1.66,338.23333333333335,185,12.7,66.4,19.1,116.5,ok
2025-12-12T13:00:02Z,2025-12-12,2025,December,12,13,Afternoon,Winter,Bizerte,3.31,338.5,351,13.5,76.7,17.7,62.1,ok
2025-12-12T11:00:02Z,2025-12-12,2025,December,12,11,Morning,Winter,Bizerte,0.32,339.09999999999997,443,15.3,100,15.3,103.5,ok
2025-12-12T09:00:02Z,2025-12-12,2025,December,12,9,Morning,Winter,Bizerte,0.49,339.09999999999997,217,12.5,100,12.5,158.6,ok
2025-12-12T08:00:02Z,2025-12-12,2025,December,12,8,Morning,Winter,Bizerte,0.3,338.93333333333334,17,11.8,100,11.8,301.8,ok
2025-12-12T07:00:02Z,2025-12-12,2025,December,12,7,Morning,Winter,Bizerte,0.33,338.8666666666667,0,9.9,100,9.9,238.2,ok
2025-12-12T06:00:02Z,2025-12-12,2025,December,12,6,Morning,Winter,Bizerte,0.42,338.8333333333333,0,9.6,100,9.6,232.3,ok
2025-12-12T05:00:02Z,2025-12-12,2025,December,12,5,Night,Winter,Bizerte,0.49,338.76666666666665,0,11.5,100,11.5,97.8,ok
2025-12-12T03:00:02Z,2025-12-12,2025,December,12,3,Night,Winter,Bizerte,0.22,338.96666666666664,0,12.3,100,12.3,275.1,ok
2025-12-12T01:00:02Z,2025-12-12,2025,December,12,1,Night,Winter,Bizerte,0.65,339.09999999999997,0,13.2,100,13.2,211.7,ok
2025-12-12T00:00:02Z,2025-12-12,2025,December,12,0,Night,Winter,Bizerte,0.94,339.23333333333335,0,12.5,100,12.5,289.2,ok
2025-12-11T23:00:02Z,2025-12-11,2025,December,11,23,Evening,Winter,Bizerte,0.49,339.3333333333333,0,13,100,13,264.9,ok
2025-12-11T21:00:02Z,2025-12-11,2025,December,11,21,Evening,Winter,Bizerte,1.02,339.3666666666667,0,13.4,100,13.4,296,ok
2025-12-11T19:00:02Z,2025-12-11,2025,December,11,19,Evening,Winter,Bizerte,1.46,339.3,0,13.7,89.6,15.4,33.8,ok
2025-12-11T18:00:02Z,2025-12-11,2025,December,11,18,Evening,Winter,Bizerte,1.26,339.2,0,13.7,88.4,15.6,63.6,ok
2025-12-11T17:00:02Z,2025-12-11,2025,December,11,17,Afternoon,Winter,Bizerte,1.91,338.96666666666664,3,13.6,85,16.1,47.4,ok
2025-12-11T15:00:02Z,2025-12-11,2025,December,11,15,Afternoon,Winter,Bizerte,2.65,338.8666666666667,234,14.2,80.3,17.7,50,ok
2025-12-11T14:00:02Z,2025-12-11,2025,December,11,14,Afternoon,Winter,Bizerte,0.88,338.93333333333334,469,17.2,100,17.2,8.2,ok
2025-12-11T13:00:02Z,2025-12-11,2025,December,11,13,Afternoon,Winter,Bizerte,1.52,339.1333333333333,465,16.3,100,16.3,60.2,ok
2025-12-11T11:00:02Z,2025-12-11,2025,December,11,11,Morning,Winter,Bizerte,0.55,339.6333333333333,372,12.9,100,12.9,36.9,ok
2025-12-11T09:00:02Z,2025-12-11,2025,December,11,9,Morning,Winter,Bizerte,0.29,339.73333333333335,88,10.6,100,10.6,211.6,ok
2025-12-11T08:00:02Z,2025-12-11,2025,December,11,8,Morning,Winter,Bizerte,0.48,339.6666666666667,26,9.8,100,9.8,277.7,ok
2025-12-11T07:00:02Z,2025-12-11,2025,December,11,7,Morning,Winter,Bizerte,0.5,339.6333333333333,0,9.8,100,9.8,127.4,ok
2025-12-11T05:00:02Z,2025-12-11,2025,December,11,5,Night,Winter,Bizerte,0.2,339.40000000000003,1,8.6,100,8.6,287.7,ok
2025-12-11T03:00:02Z,2025-12-11,2025,December,11,3,Night,Winter,Bizerte,0.71,339.5,0,9.9,100,9.9,43.7,ok
2025-12-11T01:00:02Z,2025-12-11,2025,December,11,1,Night,Winter,Bizerte,0.27,339.6666666666667,0,10.7,100,10.7,346.6,ok
2025-12-10T23:00:02Z,2025-12-10,2025,December,10,23,Evening,Winter,Bizerte,0.32,339.8,0,12.1,100,12.1,283.2,ok
2025-12-10T21:00:02Z,2025-12-10,2025,December,10,21,Evening,Winter,Bizerte,0.7,339.8,0,12.7,100,12.7,52.9,ok
2025-12-10T19:00:02Z,2025-12-10,2025,December,10,19,Evening,Winter,Bizerte,1.18,339.6666666666667,0,13,100,13,281.8,ok
2025-12-10T18:00:02Z,2025-12-10,2025,December,10,18,Evening,Winter,Bizerte,0.92,339.5,0,14.1,100,14.1,295.5,ok
2025-12-10T17:00:02Z,2025-12-10,2025,December,10,17,Afternoon,Winter,Bizerte,0.77,339.3666666666667,4,13.8,84.8,16.4,305.7,ok
2025-12-10T16:00:02Z,2025-12-10,2025,December,10,16,Afternoon,Winter,Bizerte,1.75,339.23333333333335,93,14,78.8,17.7,72.3,ok
2025-12-10T15:00:02Z,2025-12-10,2025,December,10,15,Afternoon,Winter,Bizerte,2.35,339.09999999999997,228,14,77.3,18,84.7,ok
2025-12-10T13:00:02Z,2025-12-10,2025,December,10,13,Afternoon,Winter,Bizerte,0.91,339.3333333333333,429,16.5,96.5,17.1,58.5,ok
2025-12-10T12:00:02Z,2025-12-10,2025,December,10,12,Afternoon,Winter,Bizerte,1.17,339.53333333333336,450,14.7,100,14.7,147.3,ok
2025-12-10T11:00:02Z,2025-12-10,2025,December,10,11,Morning,Winter,Bizerte,1.3,339.73333333333335,377,12,100,12,133.1,ok
2025-12-10T09:00:02Z,2025-12-10,2025,December,10,9,Morning,Winter,Bizerte,0.92,339.6333333333333,157,9.2,100,9.2,182.3,ok
2025-12-10T07:00:02Z,2025-12-10,2025,December,10,7,Morning,Winter,Bizerte,0.05,339.5,0,8.8,100,8.8,166.7,ok
2025-12-10T05:00:02Z,2025-12-10,2025,December,10,5,Night,Winter,Bizerte,0.45,339.40000000000003,0,10,100,10,121.7,ok
2025-12-10T04:00:02Z,2025-12-10,2025,December,10,4,Night,Winter,Bizerte,0.7,339.43333333333334,0,8.4,100,8.4,236.5,ok
2025-12-10T03:00:02Z,2025-12-10,2025,December,10,3,Night,Winter,Bizerte,0.58,339.43333333333334,0,9.8,100,9.8,270.7,ok
2025-12-10T01:00:02Z,2025-12-10,2025,December,10,1,Night,Winter,Bizerte,0.36,339.53333333333336,0,11.1,100,11.1,88.1,ok
2025-12-09T23:00:02Z,2025-12-09,2025,December,9,23,Evening,Winter,Bizerte,1.07,339.59999999999997,0,13.9,100,13.9,307.2,ok
2025-12-09T22:00:02Z,2025-12-09,2025,December,9,22,Evening,Winter,Bizerte,1.28,339.73333333333335,0,14.2,100,14.2,285.5,ok
2025-12-09T21:00:02Z,2025-12-09,2025,December,9,21,Evening,Winter,Bizerte,1.37,339.76666666666665,0,13.9,100,13.9,299.6,ok
2025-12-09T19:00:02Z,2025-12-09,2025,December,9,19,Evening,Winter,Bizerte,0.97,339.76666666666665,0,12.8,89.2,14.6,298.8,ok
2025-12-09T17:00:02Z,2025-12-09,2025,December,9,17,Afternoon,Winter,Bizerte,0.67,339.59999999999997,3,12.6,77.4,16.6,359.4,ok
2025-12-09T15:00:02Z,2025-12-09,2025,December,9,15,Afternoon,Winter,Bizerte,2.15,339.5,299,13.2,70.4,18.7,65.2,ok
2025-12-09T13:00:02Z,2025-12-09,2025,December,9,13,Afternoon,Winter,Bizerte,0.48,339.7,259,12.4,74.4,17,333.8,ok
2025-12-09T11:00:02Z,2025-12-09,2025,December,9,11,Morning,Winter,Bizerte,0.2,340.09999999999997,453,14.9,100,14.9,76.8,ok
2025-12-09T09:00:02Z,2025-12-09,2025,December,9,9,Morning,Winter,Bizerte,0.61,340.1333333333333,133,12.3,100,12.3,86.8,ok
2025-12-09T07:00:02Z,2025-12-09,2025,December,9,7,Morning,Winter,Bizerte,0.68,340.1666666666667,0,9.2,100,9.2,284.6,ok
2025-12-09T05:00:02Z,2025-12-09,2025,December,9,5,Night,Winter,Bizerte,0.73,340.03333333333336,0,9.9,100,9.9,264.9,ok
2025-12-09T03:00:02Z,2025-12-09,2025,December,9,3,Night,Winter,Bizerte,0.35,340.03333333333336,0,10.3,100,10.3,357.9,ok
2025-12-09T02:00:02Z,2025-12-09,2025,December,9,2,Night,Winter,Bizerte,0.31,340.06666666666666,0,11,100,11,70.5,ok
2025-12-09T01:00:02Z,2025-12-09,2025,December,9,1,Night,Winter,Bizerte,0.63,340.03333333333336,0,12.5,100,12.5,273.2,ok
2025-12-08T23:00:02Z,2025-12-08,2025,December,8,23,Evening,Winter,Bizerte,0.38,339.93333333333334,0,12.6,100,12.6,341.6,ok
2025-12-08T21:00:02Z,2025-12-08,2025,December,8,21,Evening,Winter,Bizerte,1.75,339.8666666666667,0,12.4,87.8,14.4,85,ok
2025-12-08T19:00:02Z,2025-12-08,2025,December,8,19,Evening,Winter,Bizerte,2.73,339.6666666666667,0,12.9,78.5,16.6,195.4,ok
2025-12-08T17:00:02Z,2025-12-08,2025,December,8,17,Afternoon,Winter,Bizerte,1.94,339.3666666666667,3,13.3,78.2,17.2,175.2,ok
2025-12-08T15:00:02Z,2025-12-08,2025,December,8,15,Afternoon,Winter,Bizerte,3.94,339.23333333333335,237,13.5,68.2,19.5,262.6,ok
2025-12-08T13:00:02Z,2025-12-08,2025,December,8,13,Afternoon,Winter,Bizerte,4.4,339.5,358,13.3,71.1,18.7,256,ok
2025-12-08T11:00:02Z,2025-12-08,2025,December,8,11,Morning,Winter,Bizerte,3.33,339.73333333333335,182,13.3,71.2,18.6,228.1,ok
2025-12-08T09:00:02Z,2025-12-08,2025,December,8,9,Morning,Winter,Bizerte,1.81,339.6333333333333,241,13.7,78.6,17.5,247.9,ok
2025-12-08T07:00:02Z,2025-12-08,2025,December,8,7,Morning,Winter,Bizerte,1.93,339.06666666666666,0,13.7,84.4,16.3,240.5,ok
2025-12-08T05:00:02Z,2025-12-08,2025,December,8,5,Night,Winter,Bizerte,4.46,338.6333333333333,0,13.7,83.8,16.5,265.6,ok
2025-12-08T03:00:02Z,2025-12-08,2025,December,8,3,Night,Winter,Bizerte,8.9,338.5,0,14,85.1,16.6,291.9,ok
2025-12-08T01:00:02Z,2025-12-08,2025,December,8,1,Night,Winter,Bizerte,10.55,338.40000000000003,0,13.6,81.8,16.7,289.6,ok
2025-12-07T23:00:02Z,2025-12-07,2025,December,7,23,Evening,Winter,Bizerte,7.18,338.6333333333333,0,13.7,82.4,16.7,257.2,ok
2025-12-07T21:00:02Z,2025-12-07,2025,December,7,21,Evening,Winter,Bizerte,3.14,338.8666666666667,0,13.6,81.7,16.8,288.5,ok
2025-12-07T20:00:02Z,2025-12-07,2025,December,7,20,Evening,Winter,Bizerte,4.32,338.76666666666665,0,13.7,81.2,17,266.5,ok
2025-12-07T19:00:02Z,2025-12-07,2025,December,7,19,Evening,Winter,Bizerte,4.07,338.7,0,13.7,80.1,17.2,284.2,ok
2025-12-07T17:00:02Z,2025-12-07,2025,December,7,17,Afternoon,Winter,Bizerte,4.75,338.3333333333333,3,13.6,80,17.1,285.4,ok
2025-12-07T15:00:02Z,2025-12-07,2025,December,7,15,Afternoon,Winter,Bizerte,12.44,337.93333333333334,241,13.5,74.4,18.1,298.1,ok
2025-12-07T13:00:02Z,2025-12-07,2025,December,7,13,Afternoon,Winter,Bizerte,5.16,338.2,511,14.2,75.1,18.7,285.5,ok
2025-12-07T11:00:02Z,2025-12-07,2025,December,7,11,Morning,Winter,Bizerte,6.36,338.59999999999997,225,14.3,77.3,18.4,277.3,ok
2025-12-07T09:00:02Z,2025-12-07,2025,December,7,9,Morning,Winter,Bizerte,4.66,338.3333333333333,252,14.9,84.1,17.6,256.9,ok
2025-12-07T07:00:02Z,2025-12-07,2025,December,7,7,Morning,Winter,Bizerte,3.75,338.2,0,13.7,86.9,15.9,266.3,ok
2025-12-07T05:00:02Z,2025-12-07,2025,December,7,5,Night,Winter,Bizerte,4.97,338.09999999999997,0,14,83.4,16.8,258.1,ok
2025-12-07T03:00:02Z,2025-12-07,2025,December,7,3,Night,Winter,Bizerte,4.26,338.26666666666665,0,13.7,82.8,16.6,266.1,ok
2025-12-07T01:00:02Z,2025-12-07,2025,December,7,1,Night,Winter,Bizerte,3.12,338.1666666666667,0,13,84.1,15.7,260.7,ok
2026-01-06T14:00:00Z,2026-01-06,2026,January,6,14,Afternoon,Winter,Sousse,1.06,502.59499999999997,437,8.5,50.3,19.1,28.9,ok
2026-01-06T13:00:00Z,2026-01-06,2026,January,6,13,Afternoon,Winter,Sousse,2.94,502.695,479,8.2,48.7,19.3,286.5,ok
2026-01-06T12:00:00Z,2026-01-06,2026,January,6,12,Afternoon,Winter,Sousse,1.58,502.995,478,8,49.7,18.7,315.2,ok
2026-01-06T11:00:00Z,2026-01-06,2026,January,6,11,Morning,Winter,Sousse,0.61,503.145,417,8.2,52.5,18.1,234.7,ok
2026-01-06T10:00:00Z,2026-01-06,2026,January,6,10,Morning,Winter,Sousse,3.08,502.995,319,8.7,58.6,16.9,271.8,ok
2026-01-06T09:00:00Z,2026-01-06,2026,January,6,9,Morning,Winter,Sousse,1.61,502.545,177,8.5,67,14.6,232.8,ok
2026-01-06T08:00:00Z,2026-01-06,2026,January,6,8,Morning,Winter,Sousse,2.05,502.195,32,8,71.4,13,197.3,ok
2026-01-06T07:00:00Z,2026-01-06,2026,January,6,7,Morning,Winter,Sousse,2.18,501.745,0,8,72.4,12.8,226.5,ok
2026-01-06T06:00:00Z,2026-01-06,2026,January,6,6,Morning,Winter,Sousse,0.34,501.695,0,8,73.2,12.7,234.4,ok
2026-01-06T05:00:00Z,2026-01-06,2026,January,6,5,Night,Winter,Sousse,1.72,501.445,0,8.1,69.8,13.5,220.7,ok
2026-01-06T04:00:00Z,2026-01-06,2026,January,6,4,Night,Winter,Sousse,0.85,501.59499999999997,0,8.1,67.1,14.1,217.1,ok
2026-01-06T03:00:00Z,2026-01-06,2026,January,6,3,Night,Winter,Sousse,1.13,501.745,0,8,65.6,14.4,196.4,ok
2026-01-06T02:00:00Z,2026-01-06,2026,January,6,2,Night,Winter,Sousse,0.71,501.84499999999997,0,8,70.2,13.4,226.2,ok
2026-01-06T01:00:00Z,2026-01-06,2026,January,6,1,Night,Winter,Sousse,2.15,501.84499999999997,0,8.1,63.9,14.9,242.4,ok
NA,NA,NA,NA,NA,NA,Night,NA,Sousse,0.9786206896551723,508.3548275862069,0.10344827586206896,9.244827586206897,81.3896551724138,12.60344827586207,240.47931034482758,ok
2026-01-05T23:00:00Z,2026-01-05,2026,January,5,23,Evening,Winter,Sousse,2.1,502.03000000000003,0,7.4,59.8,15.2,220.3,ok
2026-01-05T22:00:00Z,2026-01-05,2026,January,5,22,Evening,Winter,Sousse,2.23,502.03000000000003,0,7.6,58.1,15.8,198.5,ok
2026-01-05T21:00:00Z,2026-01-05,2026,January,5,21,Evening,Winter,Sousse,0,501.83,0,7.5,58.2,15.7,114.7,ok
2026-01-05T20:00:00Z,2026-01-05,2026,January,5,20,Evening,Winter,Sousse,0.15,501.88,2,8.7,65.4,15.1,220.3,ok
2026-01-05T19:00:00Z,2026-01-05,2026,January,5,19,Evening,Winter,Sousse,2.03,501.83,0,12.7,78.3,16.5,151.7,ok
2026-01-05T18:00:00Z,2026-01-05,2026,January,5,18,Evening,Winter,Sousse,0.63,501.63,0,12.6,76.3,16.8,134.8,ok
2026-01-05T17:00:00Z,2026-01-05,2026,January,5,17,Afternoon,Winter,Sousse,0.15,501.53000000000003,14,9.6,53.4,19.3,144.3,ok
2026-01-05T16:00:00Z,2026-01-05,2026,January,5,16,Afternoon,Winter,Sousse,1.08,501.43,139,9.6,48.4,20.9,37.4,ok
2026-01-05T15:00:00Z,2026-01-05,2026,January,5,15,Afternoon,Winter,Sousse,1.55,501.38,294,7.1,36.6,22.7,255.8,ok
2026-01-05T14:00:00Z,2026-01-05,2026,January,5,14,Afternoon,Winter,Sousse,1.52,501.43,412,7,37.3,22.3,265.3,ok
2026-01-05T13:00:00Z,2026-01-05,2026,January,5,13,Afternoon,Winter,Sousse,2.07,501.78000000000003,466,7.6,40.6,21.6,205.8,ok
2026-01-05T12:00:00Z,2026-01-05,2026,January,5,12,Afternoon,Winter,Sousse,1.47,502.18,463,6.9,40.2,20.9,216,ok
2026-01-05T11:00:00Z,2026-01-05,2026,January,5,11,Morning,Winter,Sousse,2.5,502.53000000000003,412,5.8,42.5,18.8,253.8,ok
2026-01-05T10:00:00Z,2026-01-05,2026,January,5,10,Morning,Winter,Sousse,0.81,502.53000000000003,310,5.5,46.7,17,234.7,ok
2026-01-05T09:00:00Z,2026-01-05,2026,January,5,9,Morning,Winter,Sousse,3.12,502.33,182,4.5,51.3,14.4,206.3,ok
2026-01-05T08:00:00Z,2026-01-05,2026,January,5,8,Morning,Winter,Sousse,0.87,502.03000000000003,32,3.8,53.2,13.1,224.5,ok
2026-01-05T07:00:00Z,2026-01-05,2026,January,5,7,Morning,Winter,Sousse,1.49,501.83,0,3.3,52.8,12.7,246.1,ok
2026-01-05T06:00:00Z,2026-01-05,2026,January,5,6,Morning,Winter,Sousse,1.92,501.63,0,3.1,53.1,12.4,214.5,ok
2026-01-05T05:00:00Z,2026-01-05,2026,January,5,5,Night,Winter,Sousse,1.71,501.38,0,3.3,53.2,12.6,191.6,ok
2026-01-05T04:00:00Z,2026-01-05,2026,January,5,4,Night,Winter,Sousse,1.19,501.43,0,4.3,57.6,12.5,7.7,ok
2026-01-05T03:00:00Z,2026-01-05,2026,January,5,3,Night,Winter,Sousse,0.56,501.53000000000003,2,5.5,67.5,11.3,297.8,ok
2026-01-05T02:00:00Z,2026-01-05,2026,January,5,2,Night,Winter,Sousse,0.33,501.73,0,7.1,72.9,11.8,351,ok
2026-01-05T01:00:00Z,2026-01-05,2026,January,5,1,Night,Winter,Sousse,0.85,501.83,0,6.9,66.3,13,307,ok
2026-01-04T23:00:00Z,2026-01-04,2026,January,4,23,Evening,Winter,Sousse,0.11,502.60499999999996,0,6.2,58.8,14.2,279.4,ok
2026-01-04T22:00:00Z,2026-01-04,2026,January,4,22,Evening,Winter,Sousse,0.79,502.905,0,4.4,51.9,14.2,81,ok
2026-01-04T21:00:00Z,2026-01-04,2026,January,4,21,Evening,Winter,Sousse,2.43,503.35499999999996,0,3.8,49,14.4,274.6,ok
2026-01-04T20:00:00Z,2026-01-04,2026,January,4,20,Evening,Winter,Sousse,1.85,503.005,0,5.2,50.2,15.5,139.6,ok
2026-01-04T19:00:00Z,2026-01-04,2026,January,4,19,Evening,Winter,Sousse,0.61,503.35499999999996,0,5.3,55.4,14.1,199.4,ok
2026-01-04T18:00:00Z,2026-01-04,2026,January,4,18,Evening,Winter,Sousse,0.89,503.505,0,5.1,53.6,14.4,189.3,ok
2026-01-04T17:00:00Z,2026-01-04,2026,January,4,17,Afternoon,Winter,Sousse,0.31,503.35499999999996,5,4.9,49.5,15.4,183,ok
2026-01-04T16:00:00Z,2026-01-04,2026,January,4,16,Afternoon,Winter,Sousse,1,503.405,38,3,40.5,16.5,191.3,ok
2026-01-04T15:00:00Z,2026-01-04,2026,January,4,15,Afternoon,Winter,Sousse,0.3,503.35499999999996,85,3,38.9,17.1,203.3,ok
2026-01-04T14:00:00Z,2026-01-04,2026,January,4,14,Afternoon,Winter,Sousse,3.5,503.555,161,2.5,36.7,17.5,186.5,ok
2026-01-04T13:00:00Z,2026-01-04,2026,January,4,13,Afternoon,Winter,Sousse,1.39,503.805,185,2.2,34.4,18.2,282.2,ok
2026-01-04T12:00:00Z,2026-01-04,2026,January,4,12,Afternoon,Winter,Sousse,2.02,504.405,340,2.9,37.5,17.5,234.4,ok
2026-01-04T11:00:00Z,2026-01-04,2026,January,4,11,Morning,Winter,Sousse,1.2,504.655,372,2.6,40.1,16.2,256.9,ok
2026-01-04T10:00:00Z,2026-01-04,2026,January,4,10,Morning,Winter,Sousse,2.03,504.805,98,2,42.5,14.6,215.3,ok
2026-01-04T09:00:00Z,2026-01-04,2026,January,4,9,Morning,Winter,Sousse,1.88,504.60499999999996,157,1.6,42,14.3,213.9,ok
2026-01-04T08:00:00Z,2026-01-04,2026,January,4,8,Morning,Winter,Sousse,3.73,504.255,29,1.7,45.7,13.1,218.7,ok
2026-01-04T07:00:00Z,2026-01-04,2026,January,4,7,Morning,Winter,Sousse,0.4,504.35499999999996,0,3,51.7,12.7,189.2,ok
2026-01-04T06:00:00Z,2026-01-04,2026,January,4,6,Morning,Winter,Sousse,1.66,504.205,0,3.7,53.9,12.8,220.4,ok
2026-01-04T05:00:00Z,2026-01-04,2026,January,4,5,Night,Winter,Sousse,2.56,504.35499999999996,0,3.8,54.3,12.8,249.3,ok
2026-01-04T04:00:00Z,2026-01-04,2026,January,4,4,Night,Winter,Sousse,5.73,504.60499999999996,0,3.5,51.2,13.4,216.4,ok
2026-01-04T03:00:00Z,2026-01-04,2026,January,4,3,Night,Winter,Sousse,1.96,504.805,0,3.3,48.5,14,230,ok
2026-01-04T02:00:00Z,2026-01-04,2026,January,4,2,Night,Winter,Sousse,3.56,504.805,0,3.2,46.8,14.5,232,ok
2026-01-04T01:00:00Z,2026-01-04,2026,January,4,1,Night,Winter,Sousse,2.62,505.005,0,3.2,47.3,14.3,197,ok
2026-01-03T23:00:00Z,2026-01-03,2026,January,3,23,Evening,Winter,Sousse,1.12,504.87,0,3.4,46.1,14.9,160.3,ok
2026-01-03T22:00:00Z,2026-01-03,2026,January,3,22,Evening,Winter,Sousse,1.53,505.07,0,3.6,47.2,14.7,150,ok
2026-01-03T21:00:00Z,2026-01-03,2026,January,3,21,Evening,Winter,Sousse,1.95,505.02,0,3.6,46.3,15,219.2,ok
2026-01-03T20:00:00Z,2026-01-03,2026,January,3,20,Evening,Winter,Sousse,3.25,505.12,0,3.9,43.6,16.3,150.6,ok
2026-01-03T19:00:00Z,2026-01-03,2026,January,3,19,Evening,Winter,Sousse,1.32,505.07,0,3.9,40.6,17.4,211.7,ok
2026-01-03T18:00:00Z,2026-01-03,2026,January,3,18,Evening,Winter,Sousse,2.55,505.02,0,3.7,37.2,18.6,225.2,ok
2026-01-03T17:00:00Z,2026-01-03,2026,January,3,17,Afternoon,Winter,Sousse,0.66,504.77,13,4,34.4,20.2,167,ok
2026-01-03T16:00:00Z,2026-01-03,2026,January,3,16,Afternoon,Winter,Sousse,0.74,504.82,141,4.6,31.4,22.4,152.2,ok
2026-01-03T15:00:00Z,2026-01-03,2026,January,3,15,Afternoon,Winter,Sousse,3.07,504.92,322,3.9,28.9,22.9,219.5,ok
2026-01-03T14:00:00Z,2026-01-03,2026,January,3,14,Afternoon,Winter,Sousse,1.04,505.07,458,4.2,30.2,22.6,161.8,ok
2026-01-03T13:00:00Z,2026-01-03,2026,January,3,13,Afternoon,Winter,Sousse,5.03,505.46999999999997,410,5,35.8,20.7,212.8,ok
2026-01-03T12:00:00Z,2026-01-03,2026,January,3,12,Afternoon,Winter,Sousse,3.94,506.07,435,4.8,40.1,18.6,219.4,ok
2026-01-03T11:00:00Z,2026-01-03,2026,January,3,11,Morning,Winter,Sousse,0.96,506.46999999999997,327,4.3,46,15.9,228.4,ok
2026-01-03T10:00:00Z,2026-01-03,2026,January,3,10,Morning,Winter,Sousse,2.06,506.62,223,4.1,52.4,13.7,272.7,ok
2026-01-03T09:00:00Z,2026-01-03,2026,January,3,9,Morning,Winter,Sousse,2.48,506.46999999999997,143,3.6,53.8,12.7,196.7,ok
2026-01-03T08:00:00Z,2026-01-03,2026,January,3,8,Morning,Winter,Sousse,2.16,506.32,41,3,52.1,12.5,216.8,ok
2026-01-03T07:00:00Z,2026-01-03,2026,January,3,7,Morning,Winter,Sousse,1.86,506.12,0,3.1,56.4,11.5,196.8,ok
2026-01-03T06:00:00Z,2026-01-03,2026,January,3,6,Morning,Winter,Sousse,2.52,506.12,0,3,55.2,11.7,200.6,ok
2026-01-03T05:00:00Z,2026-01-03,2026,January,3,5,Night,Winter,Sousse,4.3,506.07,0,3.2,55.1,12,269,ok
2026-01-03T04:00:00Z,2026-01-03,2026,January,3,4,Night,Winter,Sousse,2.93,506.27,0,3.4,54.6,12.3,250.4,ok
2026-01-03T03:00:00Z,2026-01-03,2026,January,3,3,Night,Winter,Sousse,2.28,506.52,0,3.7,54.1,12.7,206.6,ok
2026-01-03T02:00:00Z,2026-01-03,2026,January,3,2,Night,Winter,Sousse,2.28,506.62,0,3.8,54,12.9,216.3,ok
2026-01-03T01:00:00Z,2026-01-03,2026,January,3,1,Night,Winter,Sousse,1,506.62,0,3.9,52.9,13.3,234.4,ok
2026-01-02T23:00:00Z,2026-01-02,2026,January,2,23,Evening,Winter,Sousse,1.46,506.465,0,3.9,53.7,13.1,220.3,ok
2026-01-02T22:00:00Z,2026-01-02,2026,January,2,22,Evening,Winter,Sousse,3.45,506.465,0,3.9,51.8,13.6,236.8,ok
2026-01-02T21:00:00Z,2026-01-02,2026,January,2,21,Evening,Winter,Sousse,2.23,506.615,0,3.9,50.1,14.1,192,ok
2026-01-02T20:00:00Z,2026-01-02,2026,January,2,20,Evening,Winter,Sousse,3.07,506.565,0,4,47.8,14.9,231.4,ok
2026-01-02T19:00:00Z,2026-01-02,2026,January,2,19,Evening,Winter,Sousse,2.03,506.615,0,4.2,47.1,15.4,216.9,ok
2026-01-02T18:00:00Z,2026-01-02,2026,January,2,18,Evening,Winter,Sousse,0.55,506.565,0,4.5,45.3,16.4,239.5,ok
2026-01-02T17:00:00Z,2026-01-02,2026,January,2,17,Afternoon,Winter,Sousse,0.65,506.465,9,4.8,42,17.9,126,ok
2026-01-02T16:00:00Z,2026-01-02,2026,January,2,16,Afternoon,Winter,Sousse,1.35,506.465,140,5.4,38.9,19.8,176.7,ok
2026-01-02T15:00:00Z,2026-01-02,2026,January,2,15,Afternoon,Winter,Sousse,3.56,506.565,300,5,37.4,20,220.9,ok
2026-01-02T14:00:00Z,2026-01-02,2026,January,2,14,Afternoon,Winter,Sousse,4.47,506.915,415,5,38.5,19.5,212.1,ok
2026-01-02T13:00:00Z,2026-01-02,2026,January,2,13,Afternoon,Winter,Sousse,3.65,507.465,465,5,41.1,18.5,220.5,ok
2026-01-02T12:00:00Z,2026-01-02,2026,January,2,12,Afternoon,Winter,Sousse,2.85,508.015,473,4.8,45.9,16.5,215.9,ok
2026-01-02T11:00:00Z,2026-01-02,2026,January,2,11,Morning,Winter,Sousse,1.95,508.615,429,5.2,52.9,14.7,225.6,ok
2026-01-02T10:00:00Z,2026-01-02,2026,January,2,10,Morning,Winter,Sousse,1.4,508.765,330,4.7,59.9,12.3,230.5,ok
2026-01-02T09:00:00Z,2026-01-02,2026,January,2,9,Morning,Winter,Sousse,1.01,508.715,198,4.3,66,10.4,189.6,ok
2026-01-02T08:00:00Z,2026-01-02,2026,January,2,8,Morning,Winter,Sousse,0.88,508.715,22,3.8,70.7,8.8,237.8,ok
2026-01-02T07:00:00Z,2026-01-02,2026,January,2,7,Morning,Winter,Sousse,1.95,508.665,0,3.7,70.3,8.8,205.2,ok
2026-01-02T06:00:00Z,2026-01-02,2026,January,2,6,Morning,Winter,Sousse,2.17,508.765,0,4,68.3,9.5,185.8,ok
2026-01-02T05:00:00Z,2026-01-02,2026,January,2,5,Night,Winter,Sousse,1.66,508.865,0,4.1,72.7,8.8,250.2,ok
2026-01-02T04:00:00Z,2026-01-02,2026,January,2,4,Night,Winter,Sousse,0.9,509.065,0,4.1,72.8,8.7,138.1,ok
2026-01-02T03:00:00Z,2026-01-02,2026,January,2,3,Night,Winter,Sousse,2.1,509.565,0,4.2,72.6,8.9,200,ok
2026-01-02T02:00:00Z,2026-01-02,2026,January,2,2,Night,Winter,Sousse,1.22,509.565,0,4.6,71,9.6,213,ok
2026-01-02T01:00:00Z,2026-01-02,2026,January,2,1,Night,Winter,Sousse,0.51,509.665,0,5.2,72.9,9.9,193.2,ok
2026-01-01T23:00:00Z,2026-01-01,2026,January,1,23,Evening,Winter,Sousse,0.77,510.185,0,6.8,76,10.9,223.1,ok
2026-01-01T22:00:00Z,2026-01-01,2026,January,1,22,Evening,Winter,Sousse,0.89,510.185,0,7.5,77.6,11.3,170.9,ok
2026-01-01T21:00:00Z,2026-01-01,2026,January,1,21,Evening,Winter,Sousse,0.42,510.13500000000005,0,7.8,77.4,11.6,130.5,ok
2026-01-01T20:00:00Z,2026-01-01,2026,January,1,20,Evening,Winter,Sousse,0.72,509.935,0,7.4,78.6,11,178.2,ok
2026-01-01T19:00:00Z,2026-01-01,2026,January,1,19,Evening,Winter,Sousse,0.36,509.88500000000005,0,7.7,80.9,10.9,218.5,ok
2026-01-01T18:00:00Z,2026-01-01,2026,January,1,18,Evening,Winter,Sousse,0.33,509.685,0,8,77.7,11.8,171,ok
2026-01-01T17:00:00Z,2026-01-01,2026,January,1,17,Afternoon,Winter,Sousse,0.61,509.535,8,7.8,62.5,14.9,120.1,ok
2026-01-01T16:00:00Z,2026-01-01,2026,January,1,16,Afternoon,Winter,Sousse,0.34,509.485,137,8,57.3,16.5,260.6,ok
2026-01-01T15:00:00Z,2026-01-01,2026,January,1,15,Afternoon,Winter,Sousse,1.54,509.485,291,8.2,56.8,16.9,93.9,ok
2026-01-01T14:00:00Z,2026-01-01,2026,January,1,14,Afternoon,Winter,Sousse,2.82,509.485,407,7.8,54.4,17.1,54,ok
2026-01-01T13:00:00Z,2026-01-01,2026,January,1,13,Afternoon,Winter,Sousse,1.96,509.58500000000004,457,7.4,54.4,16.7,54.2,ok
2026-01-01T12:00:00Z,2026-01-01,2026,January,1,12,Afternoon,Winter,Sousse,1.27,509.785,461,7.8,55.9,16.6,3,ok
2026-01-01T11:00:00Z,2026-01-01,2026,January,1,11,Morning,Winter,Sousse,0.34,510.13500000000005,414,7.4,58.7,15.5,170.9,ok
2026-01-01T10:00:00Z,2026-01-01,2026,January,1,10,Morning,Winter,Sousse,0.9,510.035,321,7.6,64.6,14.2,261.3,ok
2026-01-01T09:00:00Z,2026-01-01,2026,January,1,9,Morning,Winter,Sousse,1.51,509.685,216,7.4,72,12.3,256.1,ok
2026-01-01T08:00:00Z,2026-01-01,2026,January,1,8,Morning,Winter,Sousse,1.13,509.485,28,7,75,11.2,292.3,ok
2026-01-01T07:00:00Z,2026-01-01,2026,January,1,7,Morning,Winter,Sousse,1.3,509.185,0,6.8,85.5,9.1,259,ok
2026-01-01T06:00:00Z,2026-01-01,2026,January,1,6,Morning,Winter,Sousse,0.4,508.935,0,6.7,86.9,8.8,241.5,ok
2026-01-01T05:00:00Z,2026-01-01,2026,January,1,5,Night,Winter,Sousse,0.81,508.785,0,6.9,81.1,10,259.4,ok
2026-01-01T04:00:00Z,2026-01-01,2026,January,1,4,Night,Winter,Sousse,1.36,508.88500000000005,0,7.1,81.3,10.2,272,ok
2026-01-01T03:00:00Z,2026-01-01,2026,January,1,3,Night,Winter,Sousse,0.25,508.935,0,7.1,80.6,10.3,144.5,ok
2026-01-01T02:00:00Z,2026-01-01,2026,January,1,2,Night,Winter,Sousse,1.84,508.785,0,7.5,74,12,279.5,ok
2026-01-01T01:00:00Z,2026-01-01,2026,January,1,1,Night,Winter,Sousse,0.59,508.63500000000005,0,7.5,72.8,12.3,304.3,ok
2025-12-31T23:00:00Z,2025-12-31,2025,December,31,23,Evening,Winter,Sousse,0.59,508.985,0,7.4,69.9,12.8,304.5,ok
2025-12-31T22:00:00Z,2025-12-31,2025,December,31,22,Evening,Winter,Sousse,0.61,508.785,0,7.4,69.4,12.9,279.5,ok
2025-12-31T21:00:00Z,2025-12-31,2025,December,31,21,Evening,Winter,Sousse,0.65,508.635,0,7.5,71,12.6,276.4,ok
2025-12-31T20:00:00Z,2025-12-31,2025,December,31,20,Evening,Winter,Sousse,0.63,508.435,0,8.6,75.5,12.8,310.5,ok
2025-12-31T19:00:00Z,2025-12-31,2025,December,31,19,Evening,Winter,Sousse,0.9,508.335,1,10.4,87.5,12.4,261.1,ok
2025-12-31T18:00:00Z,2025-12-31,2025,December,31,18,Evening,Winter,Sousse,0.61,508.085,2,10.3,84.9,12.8,63.9,ok
2025-12-31T17:00:00Z,2025-12-31,2025,December,31,17,Afternoon,Winter,Sousse,0.27,507.785,8,11,85.2,13.5,189.4,ok
2025-12-31T16:00:00Z,2025-12-31,2025,December,31,16,Afternoon,Winter,Sousse,0.56,507.535,8,7.8,57,16.3,149.5,ok
2025-12-31T15:00:00Z,2025-12-31,2025,December,31,15,Afternoon,Winter,Sousse,1.25,507.485,126,7.1,53.7,16.5,261,ok
2025-12-31T14:00:00Z,2025-12-31,2025,December,31,14,Afternoon,Winter,Sousse,1.29,507.435,449,7.5,51.3,17.7,308.1,ok
2025-12-31T13:00:00Z,2025-12-31,2025,December,31,13,Afternoon,Winter,Sousse,1.68,507.685,169,7,50.1,17.5,355.5,ok
2025-12-31T12:00:00Z,2025-12-31,2025,December,31,12,Afternoon,Winter,Sousse,1.06,507.985,464,8,58.1,16.3,259.9,ok
2025-12-31T11:00:00Z,2025-12-31,2025,December,31,11,Morning,Winter,Sousse,2.22,508.385,412,7.7,60.4,15.3,283.2,ok
2025-12-31T10:00:00Z,2025-12-31,2025,December,31,10,Morning,Winter,Sousse,1.81,508.535,343,6.9,61.8,14.1,308.5,ok
2025-12-31T09:00:00Z,2025-12-31,2025,December,31,9,Morning,Winter,Sousse,0.73,508.385,102,6.2,65.7,12.5,250.5,ok
2025-12-31T08:00:00Z,2025-12-31,2025,December,31,8,Morning,Winter,Sousse,1.64,508.135,24,5.4,71.8,10.3,254,ok
2025-12-31T07:00:00Z,2025-12-31,2025,December,31,7,Morning,Winter,Sousse,0.65,508.085,0,5.4,73.3,10,267,ok
2025-12-31T06:00:00Z,2025-12-31,2025,December,31,6,Morning,Winter,Sousse,0.88,507.885,0,5.5,70.6,10.6,283.8,ok
2025-12-31T05:00:00Z,2025-12-31,2025,December,31,5,Night,Winter,Sousse,1.92,507.835,0,5.3,72.1,10.1,267.6,ok
2025-12-31T04:00:00Z,2025-12-31,2025,December,31,4,Night,Winter,Sousse,0.53,507.935,1,5.4,77.9,9.1,256.3,ok
2025-12-31T03:00:00Z,2025-12-31,2025,December,31,3,Night,Winter,Sousse,1.11,508.185,0,5.7,71,10.7,272.3,ok
2025-12-31T02:00:00Z,2025-12-31,2025,December,31,2,Night,Winter,Sousse,1.02,508.185,0,5.7,71.9,10.6,283.2,ok
2025-12-31T01:00:00Z,2025-12-31,2025,December,31,1,Night,Winter,Sousse,1.16,508.185,0,5.9,71.9,10.7,270.9,ok
2025-12-30T23:00:00Z,2025-12-30,2025,December,30,23,Evening,Winter,Sousse,2.1,508.03999999999996,0,6,73.1,10.6,271.8,ok
2025-12-30T22:00:00Z,2025-12-30,2025,December,30,22,Evening,Winter,Sousse,2.03,508.09,0,6,71.3,11,274.5,ok
2025-12-30T21:00:00Z,2025-12-30,2025,December,30,21,Evening,Winter,Sousse,0.72,508.09,0,6.1,70.7,11.3,246.4,ok
2025-12-30T20:00:00Z,2025-12-30,2025,December,30,20,Evening,Winter,Sousse,1.13,507.94,0,6.3,68.6,11.9,284.6,ok
2025-12-30T19:00:00Z,2025-12-30,2025,December,30,19,Evening,Winter,Sousse,1.2,507.74,0,6.9,68.3,12.6,236.8,ok
2025-12-30T18:00:00Z,2025-12-30,2025,December,30,18,Evening,Winter,Sousse,0.63,507.44,0,7.8,66.7,13.9,295.8,ok
2025-12-30T17:00:00Z,2025-12-30,2025,December,30,17,Afternoon,Winter,Sousse,0.43,507.24,15,6.6,54.8,15.7,269.9,ok
2025-12-30T16:00:00Z,2025-12-30,2025,December,30,16,Afternoon,Winter,Sousse,1.06,507.14,139,7.6,54.4,16.9,51.5,ok
2025-12-30T15:00:00Z,2025-12-30,2025,December,30,15,Afternoon,Winter,Sousse,1.93,507.03999999999996,95,7.3,52.2,17.2,316.8,ok
2025-12-30T13:00:00Z,2025-12-30,2025,December,30,13,Afternoon,Winter,Sousse,1.08,507.28999999999996,455,7.7,52.7,17.5,341.1,ok
2025-12-30T12:00:00Z,2025-12-30,2025,December,30,12,Afternoon,Winter,Sousse,3.56,507.64,466,7.6,57.7,15.9,260.8,ok
2025-12-30T11:00:00Z,2025-12-30,2025,December,30,11,Morning,Winter,Sousse,2.94,507.99,417,6.9,59,14.8,266.2,ok
2025-12-30T10:00:00Z,2025-12-30,2025,December,30,10,Morning,Winter,Sousse,1.44,508.09,322,6.4,61.2,13.8,253,ok
2025-12-30T09:00:00Z,2025-12-30,2025,December,30,9,Morning,Winter,Sousse,2.82,507.89,189,6.3,67.2,12.2,267.2,ok
2025-12-30T08:00:00Z,2025-12-30,2025,December,30,8,Morning,Winter,Sousse,2.01,507.69,25,5.7,73.2,10.3,261.1,ok
2025-12-30T07:00:00Z,2025-12-30,2025,December,30,7,Morning,Winter,Sousse,1.42,507.59,0,5.9,76.2,9.9,266.4,ok
2025-12-30T06:00:00Z,2025-12-30,2025,December,30,6,Morning,Winter,Sousse,2.1,507.53999999999996,0,5.9,78.2,9.5,287.1,ok
2025-12-30T05:00:00Z,2025-12-30,2025,December,30,5,Night,Winter,Sousse,0.95,507.53999999999996,0,5.3,75.6,9.4,275.3,ok
2025-12-30T04:00:00Z,2025-12-30,2025,December,30,4,Night,Winter,Sousse,1.15,507.59,0,5,72.7,9.6,290.1,ok
2025-12-30T03:00:00Z,2025-12-30,2025,December,30,3,Night,Winter,Sousse,1.49,507.78999999999996,2,5.2,81.1,8.3,279.5,ok
2025-12-30T02:00:00Z,2025-12-30,2025,December,30,2,Night,Winter,Sousse,0.86,507.84,0,5.3,76.6,9.2,258.1,ok
2025-12-30T01:00:00Z,2025-12-30,2025,December,30,1,Night,Winter,Sousse,1.53,507.94,0,6,78,9.6,266,ok
2025-12-29T23:00:00Z,2025-12-29,2025,December,29,23,Evening,Winter,Sousse,0.64,508.11,0,6.7,83.1,9.4,257.1,ok
2025-12-29T22:00:00Z,2025-12-29,2025,December,29,22,Evening,Winter,Sousse,0.69,508.16,0,7.1,83.9,9.7,273.8,ok
2025-12-29T21:00:00Z,2025-12-29,2025,December,29,21,Evening,Winter,Sousse,0.26,508.21000000000004,0,7.4,90.9,8.8,212.7,ok
2025-12-29T20:00:00Z,2025-12-29,2025,December,29,20,Evening,Winter,Sousse,0.37,508.21000000000004,0,7.6,87.4,9.6,184.3,ok
2025-12-29T19:00:00Z,2025-12-29,2025,December,29,19,Evening,Winter,Sousse,0.53,508.26000000000005,0,8.3,86.9,10.4,256.3,ok
2025-12-29T18:00:00Z,2025-12-29,2025,December,29,18,Evening,Winter,Sousse,0.21,508.16,0,8.4,79.1,11.9,310.5,ok
2025-12-29T17:00:00Z,2025-12-29,2025,December,29,17,Afternoon,Winter,Sousse,0.25,508.21000000000004,26,7.7,60.5,15.3,181.1,ok
2025-12-29T16:00:00Z,2025-12-29,2025,December,29,16,Afternoon,Winter,Sousse,0.4,508.26000000000005,139,8.6,61.4,16,234.2,ok
2025-12-29T15:00:00Z,2025-12-29,2025,December,29,15,Afternoon,Winter,Sousse,1.17,508.31,191,7.8,57.8,16.1,178.6,ok
2025-12-29T14:00:00Z,2025-12-29,2025,December,29,14,Afternoon,Winter,Sousse,1.54,508.46000000000004,210,8.2,57.9,16.5,174.2,ok
2025-12-29T13:00:00Z,2025-12-29,2025,December,29,13,Afternoon,Winter,Sousse,1.69,508.66,191,8.4,57.5,16.9,197.7,ok
2025-12-29T12:00:00Z,2025-12-29,2025,December,29,12,Afternoon,Winter,Sousse,1.25,509.16,415,8.6,62.3,15.8,246.2,ok
2025-12-29T11:00:00Z,2025-12-29,2025,December,29,11,Morning,Winter,Sousse,1.07,509.61,370,8.5,68.2,14.3,242.7,ok
2025-12-29T10:00:00Z,2025-12-29,2025,December,29,10,Morning,Winter,Sousse,2.31,509.76000000000005,303,8.7,74.9,13.1,200.2,ok
2025-12-29T09:00:00Z,2025-12-29,2025,December,29,9,Morning,Winter,Sousse,0.36,509.61,103,7.9,87.2,9.9,308.5,ok
2025-12-29T08:00:00Z,2025-12-29,2025,December,29,8,Morning,Winter,Sousse,0.62,509.41,31,8,96.5,8.6,130.5,ok
2025-12-29T07:00:00Z,2025-12-29,2025,December,29,7,Morning,Winter,Sousse,0.6,509.31,0,7.3,94.4,8.2,224.9,ok
2025-12-29T06:00:00Z,2025-12-29,2025,December,29,6,Morning,Winter,Sousse,0.48,509.36,0,7.7,97.4,8.1,258.4,ok
2025-12-29T05:00:00Z,2025-12-29,2025,December,29,5,Night,Winter,Sousse,0.26,509.31,0,7.9,95.9,8.5,76.3,ok
2025-12-29T04:00:00Z,2025-12-29,2025,December,29,4,Night,Winter,Sousse,0.24,509.41,0,7.8,92.9,8.9,54.4,ok
2025-12-29T03:00:00Z,2025-12-29,2025,December,29,3,Night,Winter,Sousse,0.11,509.51000000000005,0,7.9,88.9,9.6,40.3,ok
2025-12-29T02:00:00Z,2025-12-29,2025,December,29,2,Night,Winter,Sousse,0.87,509.36,1,8,83.7,10.6,224.4,ok
2025-12-29T01:00:00Z,2025-12-29,2025,December,29,1,Night,Winter,Sousse,0.4,509.16,0,9.4,97.8,9.8,227.2,ok
2025-12-28T23:00:00Z,2025-12-28,2025,December,28,23,Evening,Winter,Sousse,0.05,509.39500000000004,0,10,99.4,10.1,220.4,ok
2025-12-28T22:00:00Z,2025-12-28,2025,December,28,22,Evening,Winter,Sousse,0.25,509.44500000000005,0,10.6,98.9,10.8,223.1,ok
2025-12-28T21:00:00Z,2025-12-28,2025,December,28,21,Evening,Winter,Sousse,0.25,509.345,0,10.6,98.7,10.8,43.1,ok
2025-12-28T20:00:00Z,2025-12-28,2025,December,28,20,Evening,Winter,Sousse,0.2,509.19500000000005,1,10.8,98,11.1,248.4,ok
2025-12-28T19:00:00Z,2025-12-28,2025,December,28,19,Evening,Winter,Sousse,0.29,509.095,0,10.6,94.9,11.4,234.5,ok
2025-12-28T18:00:00Z,2025-12-28,2025,December,28,18,Evening,Winter,Sousse,0.5,508.795,0,11,90.5,12.5,240.2,ok
2025-12-28T17:00:00Z,2025-12-28,2025,December,28,17,Afternoon,Winter,Sousse,0.25,508.595,9,11.2,75.8,15.5,91.2,ok
2025-12-28T16:00:00Z,2025-12-28,2025,December,28,16,Afternoon,Winter,Sousse,0.78,508.595,127,11.4,70.3,16.9,112.5,ok
2025-12-28T15:00:00Z,2025-12-28,2025,December,28,15,Afternoon,Winter,Sousse,0.94,508.495,272,11.9,70,17.4,134.6,ok
2025-12-28T14:00:00Z,2025-12-28,2025,December,28,14,Afternoon,Winter,Sousse,0.95,508.495,382,11.8,71.1,17.1,92.8,ok
2025-12-28T13:00:00Z,2025-12-28,2025,December,28,13,Afternoon,Winter,Sousse,0.76,508.795,439,11.8,72.5,16.8,25.9,ok
2025-12-28T12:00:00Z,2025-12-28,2025,December,28,12,Afternoon,Winter,Sousse,0.77,509.095,445,11.6,69.8,17.2,121.1,ok
2025-12-28T11:00:00Z,2025-12-28,2025,December,28,11,Morning,Winter,Sousse,0.89,509.495,409,11.1,74.3,15.7,113.3,ok
2025-12-28T10:00:00Z,2025-12-28,2025,December,28,10,Morning,Winter,Sousse,0.37,509.64500000000004,315,11,82.7,13.9,308.9,ok
2025-12-28T09:00:00Z,2025-12-28,2025,December,28,9,Morning,Winter,Sousse,0.97,509.345,186,10.8,94.3,11.7,269.3,ok
2025-12-28T08:00:00Z,2025-12-28,2025,December,28,8,Morning,Winter,Sousse,0.79,509.095,28,9.7,100,9.7,230.9,ok
2025-12-28T07:00:00Z,2025-12-28,2025,December,28,7,Morning,Winter,Sousse,0.78,508.845,0,9.1,100,9.1,309.5,ok
2025-12-28T06:00:00Z,2025-12-28,2025,December,28,6,Morning,Winter,Sousse,0.24,508.795,0,8.5,99.9,8.5,271.4,ok
2025-12-28T05:00:00Z,2025-12-28,2025,December,28,5,Night,Winter,Sousse,0.2,508.795,0,8.5,98,8.8,130.4,ok
2025-12-28T04:00:00Z,2025-12-28,2025,December,28,4,Night,Winter,Sousse,0.37,508.845,0,10,97.2,10.4,14.6,ok
2025-12-28T03:00:00Z,2025-12-28,2025,December,28,3,Night,Winter,Sousse,1.12,508.94500000000005,0,10.9,98.5,11.1,281.1,ok
2025-12-28T02:00:00Z,2025-12-28,2025,December,28,2,Night,Winter,Sousse,1.07,508.94500000000005,0,11.3,100,11.3,285,ok
2025-12-28T01:00:00Z,2025-12-28,2025,December,28,1,Night,Winter,Sousse,1.32,508.94500000000005,0,11.3,99.7,11.4,273.4,ok
2025-12-27T23:00:00Z,2025-12-27,2025,December,27,23,Evening,Winter,Sousse,0.88,509.27000000000004,0,11.2,99.6,11.3,247.7,ok
2025-12-27T22:00:00Z,2025-12-27,2025,December,27,22,Evening,Winter,Sousse,0.27,509.17,0,11.2,97.3,11.6,99.6,ok
2025-12-27T21:00:00Z,2025-12-27,2025,December,27,21,Evening,Winter,Sousse,0.2,509.02000000000004,0,11.3,95.5,12,144.4,ok
2025-12-27T20:00:00Z,2025-12-27,2025,December,27,20,Evening,Winter,Sousse,0.38,508.87,0,12.1,94.3,13,274.3,ok
2025-12-27T19:00:00Z,2025-12-27,2025,December,27,19,Evening,Winter,Sousse,0.4,508.67,0,12.4,91.3,13.8,234.5,ok
2025-12-27T18:00:00Z,2025-12-27,2025,December,27,18,Evening,Winter,Sousse,0.11,508.42,0,12.2,86.6,14.4,171,ok
2025-12-27T17:00:00Z,2025-12-27,2025,December,27,17,Afternoon,Winter,Sousse,0.48,508.12,6,12.7,86.3,15,176.4,ok
2025-12-27T16:00:00Z,2025-12-27,2025,December,27,16,Afternoon,Winter,Sousse,0.15,507.87,28,13.1,80.5,16.5,350.9,ok
2025-12-27T15:00:00Z,2025-12-27,2025,December,27,15,Afternoon,Winter,Sousse,0.37,507.67,103,13.4,83.8,16.2,340.2,ok
2025-12-27T14:00:00Z,2025-12-27,2025,December,27,14,Afternoon,Winter,Sousse,2.03,507.67,77,13.9,90.2,15.5,269.3,ok
2025-12-27T13:00:00Z,2025-12-27,2025,December,27,13,Afternoon,Winter,Sousse,2.2,507.77000000000004,382,12.5,73.2,17.4,356.9,ok
2025-12-27T12:00:00Z,2025-12-27,2025,December,27,12,Afternoon,Winter,Sousse,0.77,507.97,406,11.6,73.9,16.3,347.5,ok
2025-12-27T11:00:00Z,2025-12-27,2025,December,27,11,Morning,Winter,Sousse,0.61,508.37,252,12.4,82.9,15.3,329.2,ok
2025-12-27T10:00:00Z,2025-12-27,2025,December,27,10,Morning,Winter,Sousse,0.18,508.32,106,11,82.6,14,261,ok
2025-12-27T09:00:00Z,2025-12-27,2025,December,27,9,Morning,Winter,Sousse,2.69,507.97,170,10.4,84.8,12.9,269.9,ok
2025-12-27T08:00:00Z,2025-12-27,2025,December,27,8,Morning,Winter,Sousse,2.59,507.47,31,9.6,88.9,11.4,257.2,ok
2025-12-27T07:00:00Z,2025-12-27,2025,December,27,7,Morning,Winter,Sousse,0.66,507.17,0,9.9,78.1,13.6,266.9,ok
2025-12-27T06:00:00Z,2025-12-27,2025,December,27,6,Morning,Winter,Sousse,1.27,507.07,0,9.9,74.8,14.3,97.9,ok
2025-12-27T05:00:00Z,2025-12-27,2025,December,27,5,Night,Winter,Sousse,1.32,507.07,0,9.1,70.5,14.4,82.1,ok
2025-12-26T07:00:00Z,2025-12-26,2025,December,26,7,Morning,Winter,Sousse,0.25,507.23999999999995,0,6,87.1,8,223.1,ok
2025-12-26T06:00:00Z,2025-12-26,2025,December,26,6,Morning,Winter,Sousse,0.3,507.34,0,5.7,84.4,8.2,285.8,ok
2025-12-26T05:00:00Z,2025-12-26,2025,December,26,5,Night,Winter,Sousse,0.55,507.28999999999996,0,5.9,89.3,7.5,261.1,ok
2025-12-26T04:00:00Z,2025-12-26,2025,December,26,4,Night,Winter,Sousse,0.39,507.44,0,5.5,91.9,6.7,324.5,ok
2025-12-26T03:00:00Z,2025-12-26,2025,December,26,3,Night,Winter,Sousse,0.17,507.64,0,4.8,87.9,6.7,261.1,ok
2025-12-26T02:00:00Z,2025-12-26,2025,December,26,2,Night,Winter,Sousse,0.25,507.69,0,5.3,83,8,335.8,ok
2025-12-26T01:00:00Z,2025-12-26,2025,December,26,1,Night,Winter,Sousse,0.57,507.78999999999996,0,5.2,73.9,9.7,102.9,ok
2025-12-25T23:00:00Z,2025-12-25,2025,December,25,23,Evening,Winter,Sousse,0.95,507.88,0,5.8,69.9,11.1,185.4,ok
2025-12-25T22:00:00Z,2025-12-25,2025,December,25,22,Evening,Winter,Sousse,0.73,507.67999999999995,0,4.7,61.5,11.9,160.4,ok
2025-12-25T21:00:00Z,2025-12-25,2025,December,25,21,Evening,Winter,Sousse,2.7,507.58,0,3.8,54.3,12.8,169.6,ok
2025-12-25T20:00:00Z,2025-12-25,2025,December,25,20,Evening,Winter,Sousse,1.14,507.28,0,3.5,51.3,13.4,134.1,ok
2025-12-25T19:00:00Z,2025-12-25,2025,December,25,19,Evening,Winter,Sousse,0.56,506.97999999999996,0,4,48.8,14.6,170.9,ok
2025-12-25T18:00:00Z,2025-12-25,2025,December,25,18,Evening,Winter,Sousse,0.35,506.72999999999996,0,4,48.3,14.9,62.6,ok
2025-12-25T17:00:00Z,2025-12-25,2025,December,25,17,Afternoon,Winter,Sousse,1,506.42999999999995,9,4.4,43.8,16.8,181.2,ok
2025-12-25T16:00:00Z,2025-12-25,2025,December,25,16,Afternoon,Winter,Sousse,0.73,506.38,139,4.9,41,18.4,276.5,ok
2025-12-25T15:00:00Z,2025-12-25,2025,December,25,15,Afternoon,Winter,Sousse,0.81,506.22999999999996,385,4.9,40.2,18.7,215.7,ok
2025-12-25T14:00:00Z,2025-12-25,2025,December,25,14,Afternoon,Winter,Sousse,4.14,506.08,327,5.4,41.7,18.7,219.9,ok
2025-12-25T13:00:00Z,2025-12-25,2025,December,25,13,Afternoon,Winter,Sousse,2.58,506.38,479,5.3,46.2,17,237.7,ok
2025-12-25T12:00:00Z,2025-12-25,2025,December,25,12,Afternoon,Winter,Sousse,2.15,506.78,227,5.1,51.6,15,226.3,ok
2025-12-25T11:00:00Z,2025-12-25,2025,December,25,11,Morning,Winter,Sousse,2.34,507.03,215,5.4,53.4,14.8,198.9,ok
2025-12-25T10:00:00Z,2025-12-25,2025,December,25,10,Morning,Winter,Sousse,1.78,507.08,322,5.4,57.1,13.8,219.8,ok
2025-12-25T09:00:00Z,2025-12-25,2025,December,25,9,Morning,Winter,Sousse,2.14,506.67999999999995,107,5.2,63.3,12,235.8,ok
2025-12-25T08:00:00Z,2025-12-25,2025,December,25,8,Morning,Winter,Sousse,1.95,506.33,46,5.2,67.7,11,222.5,ok
2025-12-25T07:00:00Z,2025-12-25,2025,December,25,7,Morning,Winter,Sousse,1.66,506.22999999999996,0,5.3,68.6,10.9,248.5,ok
2025-12-25T06:00:00Z,2025-12-25,2025,December,25,6,Morning,Winter,Sousse,2.96,505.92999999999995,0,5.5,72.9,10.2,235.5,ok
2025-12-25T05:00:00Z,2025-12-25,2025,December,25,5,Night,Winter,Sousse,1.16,505.88,0,5.6,71.7,10.5,198,ok
2025-12-25T04:00:00Z,2025-12-25,2025,December,25,4,Night,Winter,Sousse,1.69,505.78,0,5.5,71,10.5,215.5,ok
2025-12-25T03:00:00Z,2025-12-25,2025,December,25,3,Night,Winter,Sousse,1.72,505.78,0,5.2,68.7,10.7,197.6,ok
2025-12-25T02:00:00Z,2025-12-25,2025,December,25,2,Night,Winter,Sousse,1.17,505.63,0,5,68.6,10.6,203.4,ok
2025-12-25T01:00:00Z,2025-12-25,2025,December,25,1,Night,Winter,Sousse,0.99,505.42999999999995,0,5.3,74.1,9.7,231.7,ok
2025-12-24T23:00:00Z,2025-12-24,2025,December,24,23,Evening,Winter,Sousse,2.28,505.025,0,5.3,68,11,220.5,ok
2025-12-24T21:00:00Z,2025-12-24,2025,December,24,21,Evening,Winter,Sousse,1.45,504.575,0,5.5,64.1,12.1,230.5,ok
2025-12-24T19:00:00Z,2025-12-24,2025,December,24,19,Evening,Winter,Sousse,1.91,504.075,0,5.3,58.7,13.2,202.4,ok
2025-12-24T18:00:00Z,2025-12-24,2025,December,24,18,Evening,Winter,Sousse,0.36,503.875,0,4.7,60.9,12,200.7,ok
2025-12-24T17:00:00Z,2025-12-24,2025,December,24,17,Afternoon,Winter,Sousse,0.59,503.825,14,3.8,47.9,14.7,124.5,ok
2025-12-24T15:00:00Z,2025-12-24,2025,December,24,15,Afternoon,Winter,Sousse,3.98,503.72499999999997,279,3.2,40.3,16.8,224.6,ok
2025-12-24T14:00:00Z,2025-12-24,2025,December,24,14,Afternoon,Winter,Sousse,0.31,503.775,392,4.3,44.5,16.4,195.6,ok
2025-12-24T13:00:00Z,2025-12-24,2025,December,24,13,Afternoon,Winter,Sousse,1.35,504.025,459,3.5,44.9,15.4,153.1,ok
2025-12-24T12:00:00Z,2025-12-24,2025,December,24,12,Afternoon,Winter,Sousse,2.29,504.47499999999997,487,4,51,14,205.2,ok
2025-12-24T11:00:00Z,2025-12-24,2025,December,24,11,Morning,Winter,Sousse,2.39,504.775,431,3.4,51.1,13.3,207,ok
2025-12-24T10:00:00Z,2025-12-24,2025,December,24,10,Morning,Winter,Sousse,2.58,505.175,268,3.3,56.8,11.6,189.7,ok
2025-12-24T09:00:00Z,2025-12-24,2025,December,24,9,Morning,Winter,Sousse,0.84,504.97499999999997,199,3.2,67.2,9,231.3,ok
2025-12-24T08:00:00Z,2025-12-24,2025,December,24,8,Morning,Winter,Sousse,1.72,504.825,21,2.4,69.5,7.6,192.7,ok
2025-12-24T07:00:00Z,2025-12-24,2025,December,24,7,Morning,Winter,Sousse,1.69,504.47499999999997,0,2.2,69.4,7.5,220.8,ok
2025-12-24T05:00:00Z,2025-12-24,2025,December,24,5,Night,Winter,Sousse,2.3,504.425,0,2.9,75.5,6.9,253.3,ok
2025-12-24T03:00:00Z,2025-12-24,2025,December,24,3,Night,Winter,Sousse,0.24,504.825,0,3,72,7.8,181.3,ok
2025-12-24T01:00:00Z,2025-12-24,2025,December,24,1,Night,Winter,Sousse,0.62,504.72499999999997,0,4,78.1,7.5,173,ok
2025-12-23T23:00:00Z,2025-12-23,2025,December,23,23,Evening,Winter,Sousse,1.79,504.97,0,4.4,73.9,8.8,215,ok
2025-12-23T22:00:00Z,2025-12-23,2025,December,23,22,Evening,Winter,Sousse,0.83,505.12,0,4.5,70,9.7,217,ok
2025-12-23T21:00:00Z,2025-12-23,2025,December,23,21,Evening,Winter,Sousse,1.27,505.02,0,4.3,66.3,10.3,198.9,ok
2025-12-23T20:00:00Z,2025-12-23,2025,December,23,20,Evening,Winter,Sousse,1.13,504.97,0,4.9,68.7,10.4,184.2,ok
2025-12-23T19:00:00Z,2025-12-23,2025,December,23,19,Evening,Winter,Sousse,0.31,504.87,0,4.9,72.5,9.6,195.8,ok
2025-12-23T18:00:00Z,2025-12-23,2025,December,23,18,Evening,Winter,Sousse,0.47,504.82,0,4.8,68.1,10.4,189.3,ok
2025-12-23T17:00:00Z,2025-12-23,2025,December,23,17,Afternoon,Winter,Sousse,0.44,504.67,6,3.2,48.2,14,184.9,ok
2025-12-23T15:00:00Z,2025-12-23,2025,December,23,15,Afternoon,Winter,Sousse,1.51,504.32,281,4,46.1,15.6,254.1,ok
2025-12-23T14:00:00Z,2025-12-23,2025,December,23,14,Afternoon,Winter,Sousse,1.69,504.32,398,3.8,46.8,15.1,250,ok
2025-12-23T13:00:00Z,2025-12-23,2025,December,23,13,Afternoon,Winter,Sousse,1.21,504.27,461,5.2,54.7,14.2,300.2,ok
2025-12-23T11:00:00Z,2025-12-23,2025,December,23,11,Morning,Winter,Sousse,1.48,505.12,419,7.1,71.7,12.1,216.9,ok
2025-12-23T10:00:00Z,2025-12-23,2025,December,23,10,Morning,Winter,Sousse,1.57,505.42,342,8.1,85.3,10.5,217.9,ok
2025-12-23T09:00:00Z,2025-12-23,2025,December,23,9,Morning,Winter,Sousse,1.14,505.27,52,8,95.3,8.8,209,ok
2025-12-23T07:00:00Z,2025-12-23,2025,December,23,7,Morning,Winter,Sousse,1.1,505.17,0,7.1,90.3,8.6,324.4,ok
2025-12-23T05:00:00Z,2025-12-23,2025,December,23,5,Night,Winter,Sousse,0.44,504.57,0,6.6,77.2,10.4,185,ok
2025-12-23T03:00:00Z,2025-12-23,2025,December,23,3,Night,Winter,Sousse,1.01,504.62,0,7.6,81.9,10.6,201.5,ok
2025-12-23T02:00:00Z,2025-12-23,2025,December,23,2,Night,Winter,Sousse,0.63,504.77,0,7.4,76.9,11.3,215.9,ok
2025-12-23T01:00:00Z,2025-12-23,2025,December,23,1,Night,Winter,Sousse,0.51,504.72,0,7.2,77.4,11,245.8,ok
2025-12-22T23:00:00Z,2025-12-22,2025,December,22,23,Evening,Winter,Sousse,1.54,504.425,0,7.4,74.7,11.8,180,ok
2025-12-22T22:00:00Z,2025-12-22,2025,December,22,22,Evening,Winter,Sousse,0.84,504.475,0,7.5,72.6,12.3,177,ok
2025-12-22T21:00:00Z,2025-12-22,2025,December,22,21,Evening,Winter,Sousse,2.15,504.375,0,7.6,69.6,13,188.5,ok
2025-12-22T19:00:00Z,2025-12-22,2025,December,22,19,Evening,Winter,Sousse,1.41,504.175,0,7.9,65.1,14.4,236.4,ok
2025-12-22T18:00:00Z,2025-12-22,2025,December,22,18,Evening,Winter,Sousse,1.16,503.925,0,8.9,66.8,15,157.2,ok
2025-12-22T17:00:00Z,2025-12-22,2025,December,22,17,Afternoon,Winter,Sousse,0.78,503.825,5,9.1,64.7,15.8,152,ok
2025-12-22T15:00:00Z,2025-12-22,2025,December,22,15,Afternoon,Winter,Sousse,1.29,503.925,142,9,55.6,18,184.5,ok
2025-12-22T14:00:00Z,2025-12-22,2025,December,22,14,Afternoon,Winter,Sousse,3.25,503.825,271,7.7,48.9,18.6,196.2,ok
2025-12-22T13:00:00Z,2025-12-22,2025,December,22,13,Afternoon,Winter,Sousse,1.3,504.125,304,8.4,53.4,18,193.9,ok
2025-12-22T12:00:00Z,2025-12-22,2025,December,22,12,Afternoon,Winter,Sousse,0.32,504.475,352,9.8,62.3,17.1,162.8,ok
2025-12-22T11:00:00Z,2025-12-22,2025,December,22,11,Morning,Winter,Sousse,1.4,504.825,368,10,70,15.5,267.8,ok
2025-12-22T09:00:00Z,2025-12-22,2025,December,22,9,Morning,Winter,Sousse,1.75,504.825,208,10,86.2,12.2,239.6,ok
2025-12-22T08:00:00Z,2025-12-22,2025,December,22,8,Morning,Winter,Sousse,0.48,504.575,22,9.9,93.1,11,126.2,ok
2025-12-22T07:00:00Z,2025-12-22,2025,December,22,7,Morning,Winter,Sousse,2.57,504.675,0,10,90.9,11.5,223.1,ok
2025-12-22T06:00:00Z,2025-12-22,2025,December,22,6,Morning,Winter,Sousse,2.35,504.575,0,10.6,92.2,11.8,235.7,ok
2025-12-22T05:00:00Z,2025-12-22,2025,December,22,5,Night,Winter,Sousse,1.88,504.425,0,10.8,91.8,12.1,226.7,ok
2025-12-22T03:00:00Z,2025-12-22,2025,December,22,3,Night,Winter,Sousse,0.75,504.625,0,11.2,96.1,11.8,230.6,ok
2025-12-22T02:00:00Z,2025-12-22,2025,December,22,2,Night,Winter,Sousse,0.24,504.825,0,10.9,94.4,11.8,107.7,ok
2025-12-22T01:00:00Z,2025-12-22,2025,December,22,1,Night,Winter,Sousse,0.84,504.825,0,11.7,93,12.8,291.8,ok
2025-12-21T23:00:00Z,2025-12-21,2025,December,21,23,Evening,Winter,Sousse,0.56,504.89,0,10.8,79.3,14.3,261,ok
2025-12-21T21:00:00Z,2025-12-21,2025,December,21,21,Evening,Winter,Sousse,0.76,504.79,0,11.3,84.5,13.9,274.2,ok
2025-12-21T19:00:00Z,2025-12-21,2025,December,21,19,Evening,Winter,Sousse,0.83,504.49,0,11,82,14.1,264.2,ok
2025-12-21T17:00:00Z,2025-12-21,2025,December,21,17,Afternoon,Winter,Sousse,1.36,503.99,6,11.1,73.4,15.9,275,ok
2025-12-21T16:00:00Z,2025-12-21,2025,December,21,16,Afternoon,Winter,Sousse,0.94,503.94,44,10.9,68.5,16.7,302,ok
2025-12-21T15:00:00Z,2025-12-21,2025,December,21,15,Afternoon,Winter,Sousse,1.21,503.79,86,10.4,65.2,17,286.3,ok
2025-12-21T14:00:00Z,2025-12-21,2025,December,21,14,Afternoon,Winter,Sousse,2.49,503.74,460,11.8,66.1,18.2,269.4,ok
2025-12-21T13:00:00Z,2025-12-21,2025,December,21,13,Afternoon,Winter,Sousse,1.38,503.94,322,11,66.2,17.3,249.6,ok
2025-12-21T12:00:00Z,2025-12-21,2025,December,21,12,Afternoon,Winter,Sousse,1.6,504.24,312,11.6,71.7,16.7,251.1,ok
2025-12-21T11:00:00Z,2025-12-21,2025,December,21,11,Morning,Winter,Sousse,2.75,504.49,340,11.8,76.9,15.8,268.4,ok
2025-12-21T09:00:00Z,2025-12-21,2025,December,21,9,Morning,Winter,Sousse,1.35,504.69,177,12.9,99.4,13,261.3,ok
2025-12-21T07:00:00Z,2025-12-21,2025,December,21,7,Morning,Winter,Sousse,0.26,504.59000000000003,1,10.4,100,10.4,256.2,ok
2025-12-21T05:00:00Z,2025-12-21,2025,December,21,5,Night,Winter,Sousse,0.52,504.49,0,10.6,100,10.6,217.7,ok
2025-12-21T03:00:00Z,2025-12-21,2025,December,21,3,Night,Winter,Sousse,1.54,504.94,0,11.9,100,11.9,299.6,ok
2025-12-21T02:00:00Z,2025-12-21,2025,December,21,2,Night,Winter,Sousse,0.87,504.89,0,12,100,12,244.4,ok
2025-12-21T01:00:00Z,2025-12-21,2025,December,21,1,Night,Winter,Sousse,0.93,505.09000000000003,0,12.2,99.5,12.3,263.8,ok
2025-12-20T23:00:00Z,2025-12-20,2025,December,20,23,Evening,Winter,Sousse,0.99,505.15000000000003,0,12.4,97.4,12.8,281.6,ok
2025-12-20T22:00:00Z,2025-12-20,2025,December,20,22,Evening,Winter,Sousse,1.03,505.2,0,13.1,98.5,13.4,257.3,ok
2025-12-20T21:00:00Z,2025-12-20,2025,December,20,21,Evening,Winter,Sousse,0.18,505.3,0,13.1,98.3,13.4,297.9,ok
2025-12-20T19:00:00Z,2025-12-20,2025,December,20,19,Evening,Winter,Sousse,0.29,505.25,0,13,92.8,14.1,23.4,ok
2025-12-20T17:00:00Z,2025-12-20,2025,December,20,17,Afternoon,Winter,Sousse,1.1,505.2,6,14,90.2,15.6,268.1,ok
2025-12-20T16:00:00Z,2025-12-20,2025,December,20,16,Afternoon,Winter,Sousse,0.87,505.2,14,14,89.4,15.7,269.9,ok
2025-12-20T15:00:00Z,2025-12-20,2025,December,20,15,Afternoon,Winter,Sousse,0.15,505.15000000000003,133,13.1,80.7,16.5,297.9,ok
2025-12-20T14:00:00Z,2025-12-20,2025,December,20,14,Afternoon,Winter,Sousse,1,505.1,149,13.5,83,16.4,312.6,ok
2025-12-20T13:00:00Z,2025-12-20,2025,December,20,13,Afternoon,Winter,Sousse,1.72,505.35,150,14.4,93.1,15.5,333.1,ok
2025-12-20T12:00:00Z,2025-12-20,2025,December,20,12,Afternoon,Winter,Sousse,1.47,505.75,296,13.6,81.6,16.8,268.2,ok
2025-12-20T11:00:00Z,2025-12-20,2025,December,20,11,Morning,Winter,Sousse,1.44,506.15000000000003,270,14,87.2,16.1,297,ok
2025-12-20T10:00:00Z,2025-12-20,2025,December,20,10,Morning,Winter,Sousse,0.71,506.2,159,13.4,95.2,14.2,264.8,ok
2025-12-20T09:00:00Z,2025-12-20,2025,December,20,9,Morning,Winter,Sousse,0.68,506.2,89,13,98.4,13.2,270.5,ok
2025-12-20T07:00:00Z,2025-12-20,2025,December,20,7,Morning,Winter,Sousse,0.98,506.2,1,11.9,95.1,12.7,290,ok
2025-12-20T06:00:00Z,2025-12-20,2025,December,20,6,Morning,Winter,Sousse,1.99,506.15000000000003,0,12.2,98,12.5,277.5,ok
2025-12-20T05:00:00Z,2025-12-20,2025,December,20,5,Night,Winter,Sousse,0.65,506.1,0,12.4,99.8,12.5,282.6,ok
2025-12-19T07:00:00Z,2025-12-19,2025,December,19,7,Morning,Winter,Sousse,1.56,510.635,0,15.5,90.8,17,100.8,ok
2025-12-19T06:00:00Z,2025-12-19,2025,December,19,6,Morning,Winter,Sousse,1.74,510.685,0,14.6,87.1,16.8,110.3,ok
2025-12-19T05:00:00Z,2025-12-19,2025,December,19,5,Night,Winter,Sousse,2,511.085,0,14,77.8,17.9,161.1,ok
2025-12-19T04:00:00Z,2025-12-19,2025,December,19,4,Night,Winter,Sousse,2.22,511.185,0,13.6,75.9,17.9,92.2,ok
2025-12-19T03:00:00Z,2025-12-19,2025,December,19,3,Night,Winter,Sousse,0.81,511.435,0,13.3,74.6,17.9,54.4,ok
2025-12-19T02:00:00Z,2025-12-19,2025,December,19,2,Night,Winter,Sousse,0.26,511.435,0,13.5,75.6,17.9,155.7,ok
2025-12-18T23:00:00Z,2025-12-18,2025,December,18,23,Evening,Winter,Sousse,2.03,511.83,0,14,75.7,18.3,107.6,ok
2025-12-18T22:00:00Z,2025-12-18,2025,December,18,22,Evening,Winter,Sousse,1.65,511.68,0,14.4,79.6,18,118.7,ok
2025-12-18T21:00:00Z,2025-12-18,2025,December,18,21,Evening,Winter,Sousse,1.28,511.88,0,14.8,80.6,18.2,105.8,ok
2025-12-18T20:00:00Z,2025-12-18,2025,December,18,20,Evening,Winter,Sousse,2.93,511.78,0,15.2,82,18.4,112.6,ok
2025-12-18T19:00:00Z,2025-12-18,2025,December,18,19,Evening,Winter,Sousse,1.29,511.73,0,16,85.4,18.5,97.9,ok
2025-12-18T18:00:00Z,2025-12-18,2025,December,18,18,Evening,Winter,Sousse,1.9,511.63,1,16.2,87.2,18.4,73.4,ok
2025-12-18T17:00:00Z,2025-12-18,2025,December,18,17,Afternoon,Winter,Sousse,1.46,511.68,3,16.3,85.4,18.8,108,ok
2025-12-18T16:00:00Z,2025-12-18,2025,December,18,16,Afternoon,Winter,Sousse,1.06,511.63,43,15.6,76.6,19.8,135.9,ok
2025-12-18T15:00:00Z,2025-12-18,2025,December,18,15,Afternoon,Winter,Sousse,2.19,511.43,156,14.6,71.6,19.9,92.8,ok
2025-12-18T14:00:00Z,2025-12-18,2025,December,18,14,Afternoon,Winter,Sousse,2.46,511.38,147,15.2,70.7,20.7,109.7,ok
2025-12-18T13:00:00Z,2025-12-18,2025,December,18,13,Afternoon,Winter,Sousse,1.17,511.63,154,14.8,69.6,20.5,154.7,ok
2025-12-18T12:00:00Z,2025-12-18,2025,December,18,12,Afternoon,Winter,Sousse,2.4,511.73,217,15.1,72.4,20.3,148.1,ok
2025-12-18T11:00:00Z,2025-12-18,2025,December,18,11,Morning,Winter,Sousse,2.79,512.03,208,15.5,74.8,20.1,95.8,ok
2025-12-18T10:00:00Z,2025-12-18,2025,December,18,10,Morning,Winter,Sousse,2.7,511.93,149,15.9,81.2,19.2,101.6,ok
2025-12-18T09:00:00Z,2025-12-18,2025,December,18,9,Morning,Winter,Sousse,0.41,511.73,92,17.6,100,17.6,99.5,ok
2025-12-18T08:00:00Z,2025-12-18,2025,December,18,8,Morning,Winter,Sousse,0.41,511.33,56,17.2,100,17.2,189.5,ok
2025-12-18T07:00:00Z,2025-12-18,2025,December,18,7,Morning,Winter,Sousse,0.75,511.33,0,17,100,17,128.5,ok
2025-12-18T06:00:00Z,2025-12-18,2025,December,18,6,Morning,Winter,Sousse,0.34,510.98,0,17.1,100,17.1,81,ok
2025-12-18T05:00:00Z,2025-12-18,2025,December,18,5,Night,Winter,Sousse,0.31,510.78,0,15.9,100,15.9,244,ok
2025-12-18T04:00:00Z,2025-12-18,2025,December,18,4,Night,Winter,Sousse,0.66,510.78,0,15.5,100,15.5,176.8,ok
2025-12-18T01:00:00Z,2025-12-18,2025,December,18,1,Night,Winter,Sousse,0.45,510.98,0,15.5,99.6,15.6,261,ok
2025-12-17T23:00:00Z,2025-12-17,2025,December,17,23,Evening,Winter,Sousse,0.36,511.11,0,16.7,97.2,17.2,136.3,ok
2025-12-17T22:00:00Z,2025-12-17,2025,December,17,22,Evening,Winter,Sousse,0.64,510.86,0,17.1,97,17.6,40.2,ok
2025-12-17T21:00:00Z,2025-12-17,2025,December,17,21,Evening,Winter,Sousse,0.55,510.81,0,16.8,95.6,17.5,122.7,ok
2025-12-17T20:00:00Z,2025-12-17,2025,December,17,20,Evening,Winter,Sousse,0.45,510.66,0,16.5,94.1,17.5,103.9,ok
2025-12-17T19:00:00Z,2025-12-17,2025,December,17,19,Evening,Winter,Sousse,1.64,510.46,0,16.3,93,17.5,98.2,ok
2025-12-17T18:00:00Z,2025-12-17,2025,December,17,18,Evening,Winter,Sousse,1.87,510.26,0,16.3,91.7,17.7,139.7,ok
2025-12-17T17:00:00Z,2025-12-17,2025,December,17,17,Afternoon,Winter,Sousse,0.2,510.11,4,15.6,86.2,18,189.5,ok
2025-12-17T16:00:00Z,2025-12-17,2025,December,17,16,Afternoon,Winter,Sousse,1.12,510.01,70,15.7,82.6,18.7,54.4,ok
2025-12-17T15:00:00Z,2025-12-17,2025,December,17,15,Afternoon,Winter,Sousse,2.48,509.81,232,15.7,81.8,18.9,37.4,ok
2025-12-17T14:00:00Z,2025-12-17,2025,December,17,14,Afternoon,Winter,Sousse,1.6,509.81,362,15.3,78.8,19.1,39.3,ok
2025-12-17T13:00:00Z,2025-12-17,2025,December,17,13,Afternoon,Winter,Sousse,1.03,510.06,348,15,78.5,18.9,350.9,ok
2025-12-17T12:00:00Z,2025-12-17,2025,December,17,12,Afternoon,Winter,Sousse,0.47,510.36,360,14.6,78,18.5,66.8,ok
2025-12-17T11:00:00Z,2025-12-17,2025,December,17,11,Morning,Winter,Sousse,0.5,510.56,456,13.9,80.3,17.3,17.7,ok
2025-12-17T10:00:00Z,2025-12-17,2025,December,17,10,Morning,Winter,Sousse,0.86,510.51,164,12.6,87.2,14.7,281.9,ok
2025-12-17T09:00:00Z,2025-12-17,2025,December,17,9,Morning,Winter,Sousse,0.48,510.31,129,12.4,98.3,12.7,356.5,ok
2025-12-17T08:00:00Z,2025-12-17,2025,December,17,8,Morning,Winter,Sousse,0.52,509.91,36,10.7,99,10.9,295.5,ok
2025-12-17T07:00:00Z,2025-12-17,2025,December,17,7,Morning,Winter,Sousse,0.63,509.51,0,11.9,98.3,12.2,353,ok
2025-12-17T06:00:00Z,2025-12-17,2025,December,17,6,Morning,Winter,Sousse,0.22,509.06,0,11.9,100,11.9,261.1,ok
2025-12-17T05:00:00Z,2025-12-17,2025,December,17,5,Night,Winter,Sousse,0.44,508.86,0,11,98,11.3,118.1,ok
2025-12-17T04:00:00Z,2025-12-17,2025,December,17,4,Night,Winter,Sousse,1.02,508.81,0,11.7,97.5,12.1,164.7,ok
2025-12-17T03:00:00Z,2025-12-17,2025,December,17,3,Night,Winter,Sousse,0.63,508.76,0,11.7,98.1,12,195.8,ok
2025-12-17T02:00:00Z,2025-12-17,2025,December,17,2,Night,Winter,Sousse,0.26,508.71,0,11.4,95.6,12.1,155.8,ok
2025-12-17T01:00:00Z,2025-12-17,2025,December,17,1,Night,Winter,Sousse,0.91,508.56,0,11.5,92.6,12.7,141.3,ok
2025-12-16T23:00:00Z,2025-12-16,2025,December,16,23,Evening,Winter,Sousse,1.34,508.065,0,12.2,88.2,14.2,187.9,ok
2025-12-16T22:00:00Z,2025-12-16,2025,December,16,22,Evening,Winter,Sousse,1.43,507.76500000000004,0,12.6,87.6,14.6,204.1,ok
2025-12-16T21:00:00Z,2025-12-16,2025,December,16,21,Evening,Winter,Sousse,0.87,507.615,0,12.3,83.5,15.1,206.3,ok
2025-12-16T20:00:00Z,2025-12-16,2025,December,16,20,Evening,Winter,Sousse,1.89,507.46500000000003,0,12,77.7,15.9,201.6,ok
2025-12-16T19:00:00Z,2025-12-16,2025,December,16,19,Evening,Winter,Sousse,1.88,507.365,0,12,74.5,16.5,210.6,ok
2025-12-16T18:00:00Z,2025-12-16,2025,December,16,18,Evening,Winter,Sousse,2.12,507.01500000000004,0,12.4,73.2,17.3,140.2,ok
2025-12-16T17:00:00Z,2025-12-16,2025,December,16,17,Afternoon,Winter,Sousse,2.57,506.665,6,12.5,69.3,18.2,214.6,ok
2025-12-16T16:00:00Z,2025-12-16,2025,December,16,16,Afternoon,Winter,Sousse,3.81,506.46500000000003,113,13,65.5,19.7,222.5,ok
2025-12-16T15:00:00Z,2025-12-16,2025,December,16,15,Afternoon,Winter,Sousse,3.23,506.21500000000003,271,13.3,64.4,20.3,194.9,ok
2025-12-16T14:00:00Z,2025-12-16,2025,December,16,14,Afternoon,Winter,Sousse,1.07,506.315,392,13.3,67.1,19.6,155.6,ok
2025-12-16T13:00:00Z,2025-12-16,2025,December,16,13,Afternoon,Winter,Sousse,4.12,506.815,485,13.1,72.6,18.1,213.2,ok
2025-12-16T12:00:00Z,2025-12-16,2025,December,16,12,Afternoon,Winter,Sousse,0.53,507.065,379,13.3,78.7,17.1,217.9,ok
2025-12-16T11:00:00Z,2025-12-16,2025,December,16,11,Morning,Winter,Sousse,1.66,507.165,230,13.9,89.9,15.5,216.6,ok
2025-12-16T10:00:00Z,2025-12-16,2025,December,16,10,Morning,Winter,Sousse,1.73,507.365,141,13.8,97.5,14.2,204,ok
2025-12-16T09:00:00Z,2025-12-16,2025,December,16,9,Morning,Winter,Sousse,1.41,507.21500000000003,21,13.1,93.7,14.1,236.5,ok
2025-12-16T08:00:00Z,2025-12-16,2025,December,16,8,Morning,Winter,Sousse,0.91,506.96500000000003,10,13.2,92.5,14.4,231.3,ok
2025-12-16T07:00:00Z,2025-12-16,2025,December,16,7,Morning,Winter,Sousse,1.14,506.71500000000003,0,13.1,90.6,14.7,152.3,ok
2025-12-16T06:00:00Z,2025-12-16,2025,December,16,6,Morning,Winter,Sousse,1.82,506.915,0,13.8,93.5,14.8,216.5,ok
2025-12-16T05:00:00Z,2025-12-16,2025,December,16,5,Night,Winter,Sousse,2.62,506.915,0,14.2,93.7,15.2,143.3,ok
2025-12-16T04:00:00Z,2025-12-16,2025,December,16,4,Night,Winter,Sousse,0.34,507.415,0,15.1,99.8,15.2,261,ok
2025-12-16T03:00:00Z,2025-12-16,2025,December,16,3,Night,Winter,Sousse,0.22,507.51500000000004,0,14.8,98.4,15.1,117.9,ok
2025-12-16T02:00:00Z,2025-12-16,2025,December,16,2,Night,Winter,Sousse,0.3,507.76500000000004,0,14.9,97.4,15.3,113.6,ok
2025-12-16T01:00:00Z,2025-12-16,2025,December,16,1,Night,Winter,Sousse,0.11,507.915,0,14.7,95.4,15.4,234.5,ok
2025-12-15T23:00:00Z,2025-12-15,2025,December,15,23,Evening,Winter,Sousse,0.55,508.845,0,15,90.3,16.6,178.1,ok
2025-12-15T22:00:00Z,2025-12-15,2025,December,15,22,Evening,Winter,Sousse,2.03,508.895,0,15,85.7,17.5,157.7,ok
2025-12-15T21:00:00Z,2025-12-15,2025,December,15,21,Evening,Winter,Sousse,1.26,508.945,0,15,84.6,17.7,255.8,ok
2025-12-15T20:00:00Z,2025-12-15,2025,December,15,20,Evening,Winter,Sousse,0.83,508.845,0,14.5,82.9,17.5,189.4,ok
2025-12-15T19:00:00Z,2025-12-15,2025,December,15,19,Evening,Winter,Sousse,0.98,508.945,0,14.7,82.2,17.8,185.3,ok
2025-12-15T18:00:00Z,2025-12-15,2025,December,15,18,Evening,Winter,Sousse,1,508.845,0,14.6,83.4,17.5,153.4,ok
2025-12-15T17:00:00Z,2025-12-15,2025,December,15,17,Afternoon,Winter,Sousse,2.38,509.495,0,14,77.2,18,166,ok
2025-12-15T16:00:00Z,2025-12-15,2025,December,15,16,Afternoon,Winter,Sousse,1.86,509.695,16,13.5,73.2,18.4,155.7,ok
2025-12-15T15:00:00Z,2025-12-15,2025,December,15,15,Afternoon,Winter,Sousse,0.79,509.945,70,13.2,68.6,19.1,136.9,ok
2025-12-15T14:00:00Z,2025-12-15,2025,December,15,14,Afternoon,Winter,Sousse,2.68,509.645,59,13.2,67,19.5,175.9,ok
2025-12-15T13:00:00Z,2025-12-15,2025,December,15,13,Afternoon,Winter,Sousse,1.43,510.145,141,13.6,66.8,20,221.9,ok
2025-12-15T12:00:00Z,2025-12-15,2025,December,15,12,Afternoon,Winter,Sousse,0.39,510.445,147,14.2,71.6,19.5,104.7,ok
2025-12-15T11:00:00Z,2025-12-15,2025,December,15,11,Morning,Winter,Sousse,0.58,510.845,99,14.8,77.9,18.7,154.7,ok
2025-12-15T10:00:00Z,2025-12-15,2025,December,15,10,Morning,Winter,Sousse,1.52,510.895,54,15.5,85.5,18,152.2,ok
2025-12-15T09:00:00Z,2025-12-15,2025,December,15,9,Morning,Winter,Sousse,0.68,510.945,61,16.7,100,16.7,221.3,ok
2025-12-15T08:00:00Z,2025-12-15,2025,December,15,8,Morning,Winter,Sousse,0.62,510.895,25,15.8,100,15.8,199.4,ok
2025-12-15T07:00:00Z,2025-12-15,2025,December,15,7,Morning,Winter,Sousse,0.47,510.895,2,14.3,100,14.3,156.9,ok
2025-12-15T06:00:00Z,2025-12-15,2025,December,15,6,Morning,Winter,Sousse,0.15,510.995,1,12.7,100,12.7,43.2,ok
2025-12-15T05:00:00Z,2025-12-15,2025,December,15,5,Night,Winter,Sousse,0.18,511.145,0,13.2,100,13.2,27.9,ok
2025-12-15T04:00:00Z,2025-12-15,2025,December,15,4,Night,Winter,Sousse,0.11,511.545,0,13.4,100,13.4,248.6,ok
2025-12-15T03:00:00Z,2025-12-15,2025,December,15,3,Night,Winter,Sousse,0.55,511.795,0,13,99.7,13.1,239.7,ok
2025-12-15T02:00:00Z,2025-12-15,2025,December,15,2,Night,Winter,Sousse,0.35,511.595,0,13,98.8,13.2,234.5,ok
2025-12-15T01:00:00Z,2025-12-15,2025,December,15,1,Night,Winter,Sousse,0.6,511.695,0,13.7,97.5,14.1,49.8,ok
2025-12-14T23:00:00Z,2025-12-14,2025,December,14,23,Evening,Winter,Sousse,0.15,511.85999999999996,1,13.4,96.5,14,220.4,ok
2025-12-14T22:00:00Z,2025-12-14,2025,December,14,22,Evening,Winter,Sousse,0.45,512.0600000000001,0,13,92.9,14.1,234.5,ok
2025-12-14T21:00:00Z,2025-12-14,2025,December,14,21,Evening,Winter,Sousse,0.36,512.16,0,14,89.5,15.7,152.4,ok
2025-12-14T20:00:00Z,2025-12-14,2025,December,14,20,Evening,Winter,Sousse,0.42,511.90999999999997,0,14.3,86.1,16.7,158.4,ok
2025-12-14T19:00:00Z,2025-12-14,2025,December,14,19,Evening,Winter,Sousse,0.83,511.76,0,14.6,83.5,17.4,166.2,ok
2025-12-14T18:00:00Z,2025-12-14,2025,December,14,18,Evening,Winter,Sousse,1.84,511.46,0,14.4,81.5,17.6,181.7,ok
2025-12-14T17:00:00Z,2025-12-14,2025,December,14,17,Afternoon,Winter,Sousse,2.02,511.35999999999996,5,14.9,80.8,18.2,99.6,ok
2025-12-14T16:00:00Z,2025-12-14,2025,December,14,16,Afternoon,Winter,Sousse,0.95,511.51,43,15,79.6,18.6,67.1,ok
2025-12-14T15:00:00Z,2025-12-14,2025,December,14,15,Afternoon,Winter,Sousse,1.82,511.51,125,15.2,74.2,20,141,ok
2025-12-14T14:00:00Z,2025-12-14,2025,December,14,14,Afternoon,Winter,Sousse,1.86,511.51,349,15.4,74.9,20,96,ok
2025-12-14T13:00:00Z,2025-12-14,2025,December,14,13,Afternoon,Winter,Sousse,0.52,511.90999999999997,435,14.4,70.1,20,95.5,ok
2025-12-14T12:00:00Z,2025-12-14,2025,December,14,12,Afternoon,Winter,Sousse,2.35,512.16,488,14.4,65.1,21.2,63.2,ok
2025-12-14T11:00:00Z,2025-12-14,2025,December,14,11,Morning,Winter,Sousse,1.59,512.51,199,14.1,69.2,19.9,229,ok
2025-12-14T10:00:00Z,2025-12-14,2025,December,14,10,Morning,Winter,Sousse,0.92,512.66,310,14,80.9,17.3,358.3,ok
2025-12-14T09:00:00Z,2025-12-14,2025,December,14,9,Morning,Winter,Sousse,0.63,512.5600000000001,213,14,93.5,15,273.5,ok
2025-12-14T08:00:00Z,2025-12-14,2025,December,14,8,Morning,Winter,Sousse,0.81,512.3100000000001,45,12.2,97.6,12.6,272.2,ok
2025-12-14T07:00:00Z,2025-12-14,2025,December,14,7,Morning,Winter,Sousse,1.4,512.36,0,12,96.7,12.5,278.1,ok
2025-12-14T06:00:00Z,2025-12-14,2025,December,14,6,Morning,Winter,Sousse,0.36,512.16,0,12.5,95.8,13.2,358.1,ok
2025-12-14T05:00:00Z,2025-12-14,2025,December,14,5,Night,Winter,Sousse,0.29,511.96,0,12,96.9,12.5,293.7,ok
2025-12-14T04:00:00Z,2025-12-14,2025,December,14,4,Night,Winter,Sousse,0.56,512.0600000000001,0,11.5,97,12,244.8,ok
2025-12-14T03:00:00Z,2025-12-14,2025,December,14,3,Night,Winter,Sousse,0.63,512.26,1,11,95.8,11.6,263.1,ok
2025-12-14T02:00:00Z,2025-12-14,2025,December,14,2,Night,Winter,Sousse,0.4,512.21,0,10.6,94.7,11.4,354.3,ok
2025-12-14T01:00:00Z,2025-12-14,2025,December,14,1,Night,Winter,Sousse,0.24,512.21,0,11,93.7,12,1.3,ok
2025-12-13T23:00:00Z,2025-12-13,2025,December,13,23,Evening,Winter,Sousse,0.27,512.415,0,10.9,87.7,12.9,256.3,ok
2025-12-13T22:00:00Z,2025-12-13,2025,December,13,22,Evening,Winter,Sousse,0.3,512.115,1,12,78.6,15.8,23.5,ok
2025-12-13T21:00:00Z,2025-12-13,2025,December,13,21,Evening,Winter,Sousse,0.8,511.96500000000003,0,12.2,79.7,15.7,359.1,ok
2025-12-13T20:00:00Z,2025-12-13,2025,December,13,20,Evening,Winter,Sousse,1.11,512.015,0,12,76.2,16.2,120.2,ok
2025-12-13T19:00:00Z,2025-12-13,2025,December,13,19,Evening,Winter,Sousse,1.34,511.865,0,11.2,71.7,16.4,112.1,ok
2025-12-13T18:00:00Z,2025-12-13,2025,December,13,18,Evening,Winter,Sousse,0.93,511.615,0,11.3,72.1,16.4,45,ok
2025-12-13T17:00:00Z,2025-12-13,2025,December,13,17,Afternoon,Winter,Sousse,1.1,511.46500000000003,3,11.9,70.8,17.2,76.3,ok
2025-12-13T16:00:00Z,2025-12-13,2025,December,13,16,Afternoon,Winter,Sousse,2.52,511.415,112,12.3,65.5,18.9,64.8,ok
2025-12-13T15:00:00Z,2025-12-13,2025,December,13,15,Afternoon,Winter,Sousse,1.46,511.315,265,12.4,63.2,19.6,127.8,ok
2025-12-13T14:00:00Z,2025-12-13,2025,December,13,14,Afternoon,Winter,Sousse,1.32,511.315,383,13.6,70.6,19.1,9.1,ok
2025-12-13T13:00:00Z,2025-12-13,2025,December,13,13,Afternoon,Winter,Sousse,3.27,511.565,451,14,70.9,19.4,37.8,ok
2025-12-13T12:00:00Z,2025-12-13,2025,December,13,12,Afternoon,Winter,Sousse,1.9,511.76500000000004,465,14.1,75,18.7,1.8,ok
2025-12-13T11:00:00Z,2025-12-13,2025,December,13,11,Morning,Winter,Sousse,0.76,512.0649999999999,117,14.3,79.5,17.9,26,ok
2025-12-13T10:00:00Z,2025-12-13,2025,December,13,10,Morning,Winter,Sousse,0.26,512.0649999999999,181,15,92.9,16.1,313.1,ok
2025-12-13T09:00:00Z,2025-12-13,2025,December,13,9,Morning,Winter,Sousse,0.66,511.76500000000004,95,14.7,100,14.7,276.5,ok
2025-12-13T08:00:00Z,2025-12-13,2025,December,13,8,Morning,Winter,Sousse,0.4,511.365,31,12.1,100,12.1,227.3,ok
2025-12-13T07:00:00Z,2025-12-13,2025,December,13,7,Morning,Winter,Sousse,0.71,510.915,0,11.7,100,11.7,226.3,ok
2025-12-13T06:00:00Z,2025-12-13,2025,December,13,6,Morning,Winter,Sousse,0.53,510.71500000000003,0,12.4,100,12.4,307.7,ok
2025-12-13T05:00:00Z,2025-12-13,2025,December,13,5,Night,Winter,Sousse,0.18,510.665,1,12.4,100,12.4,271.5,ok
2025-12-13T04:00:00Z,2025-12-13,2025,December,13,4,Night,Winter,Sousse,0.81,510.46500000000003,1,11.5,100,11.5,241.5,ok
2025-12-13T03:00:00Z,2025-12-13,2025,December,13,3,Night,Winter,Sousse,0.36,510.615,0,10.6,100,10.6,110.9,ok
2025-12-13T02:00:00Z,2025-12-13,2025,December,13,2,Night,Winter,Sousse,0.47,510.415,0,11.4,100,11.4,266.5,ok
2025-12-13T01:00:00Z,2025-12-13,2025,December,13,1,Night,Winter,Sousse,0.18,510.46500000000003,0,11.3,100,11.3,9.5,ok
2025-12-12T23:00:00Z,2025-12-12,2025,December,12,23,Evening,Winter,Sousse,0.18,510.51000000000005,0,12,98.4,12.2,279.5,ok
2025-12-12T22:00:00Z,2025-12-12,2025,December,12,22,Evening,Winter,Sousse,0.46,510.36,0,11.7,96.4,12.3,221.9,ok
2025-12-12T21:00:00Z,2025-12-12,2025,December,12,21,Evening,Winter,Sousse,0.18,510.31,0,12.5,95,13.3,207.7,ok
2025-12-12T20:00:00Z,2025-12-12,2025,December,12,20,Evening,Winter,Sousse,0.35,510.11,0,12.2,93.1,13.3,226.4,ok
2025-12-12T19:00:00Z,2025-12-12,2025,December,12,19,Evening,Winter,Sousse,0.35,509.91,0,11.3,89.8,13,226.4,ok
2025-12-12T18:00:00Z,2025-12-12,2025,December,12,18,Evening,Winter,Sousse,0.7,509.61,0,11.9,83.7,14.6,234.5,ok
2025-12-12T17:00:00Z,2025-12-12,2025,December,12,17,Afternoon,Winter,Sousse,0.48,509.36,4,12.8,76.1,17,73,ok
2025-12-12T16:00:00Z,2025-12-12,2025,December,12,16,Afternoon,Winter,Sousse,1.87,509.36,105,13.7,72.6,18.7,84.5,ok
2025-12-12T15:00:00Z,2025-12-12,2025,December,12,15,Afternoon,Winter,Sousse,0.85,509.36,251,13.8,72.9,18.8,40.1,ok
2025-12-12T14:00:00Z,2025-12-12,2025,December,12,14,Afternoon,Winter,Sousse,1.06,509.46000000000004,377,14,73.4,18.9,68.2,ok
2025-12-12T13:00:00Z,2025-12-12,2025,December,12,13,Afternoon,Winter,Sousse,2.06,509.76000000000005,451,13.3,71.1,18.7,18.1,ok
2025-12-12T12:00:00Z,2025-12-12,2025,December,12,12,Afternoon,Winter,Sousse,1.39,510.11,205,12.8,73.5,17.6,30.6,ok
2025-12-12T11:00:00Z,2025-12-12,2025,December,12,11,Morning,Winter,Sousse,0.31,510.36,459,13,74.6,17.5,324.7,ok
2025-12-12T10:00:00Z,2025-12-12,2025,December,12,10,Morning,Winter,Sousse,1.71,510.51000000000005,353,13.2,83.6,16,298.3,ok
2025-12-12T09:00:00Z,2025-12-12,2025,December,12,9,Morning,Winter,Sousse,1.06,510.41,90,13.4,100,13.4,287.1,ok
2025-12-12T08:00:00Z,2025-12-12,2025,December,12,8,Morning,Winter,Sousse,0.18,510.21000000000004,33,11.6,100,11.6,32.7,ok
2025-12-12T07:00:00Z,2025-12-12,2025,December,12,7,Morning,Winter,Sousse,0.25,510.11,0,10.3,100,10.3,335.7,ok
2025-12-12T06:00:00Z,2025-12-12,2025,December,12,6,Morning,Winter,Sousse,0.09,510.01000000000005,0,10.7,100,10.7,27.9,ok
2025-12-12T05:00:00Z,2025-12-12,2025,December,12,5,Night,Winter,Sousse,0.87,509.91,0,11.7,100,11.7,286.4,ok
2025-12-12T04:00:00Z,2025-12-12,2025,December,12,4,Night,Winter,Sousse,0.67,510.16,0,11.9,100,11.9,261,ok
2025-12-12T03:00:00Z,2025-12-12,2025,December,12,3,Night,Winter,Sousse,0.82,510.31,0,11.4,100,11.4,264.2,ok
2025-12-12T02:00:00Z,2025-12-12,2025,December,12,2,Night,Winter,Sousse,0.69,510.31,0,10.4,99.8,10.5,341.6,ok
2025-12-12T01:00:00Z,2025-12-12,2025,December,12,1,Night,Winter,Sousse,0.06,510.36,0,10.8,98.7,11,310.5,ok
2025-12-11T23:00:00Z,2025-12-11,2025,December,11,23,Evening,Winter,Sousse,0.14,510.78000000000003,0,10.1,93.7,11.1,248.5,ok
2025-12-11T22:00:00Z,2025-12-11,2025,December,11,22,Evening,Winter,Sousse,0.43,510.83,0,11.5,90.5,13,213.9,ok
2025-12-11T21:00:00Z,2025-12-11,2025,December,11,21,Evening,Winter,Sousse,0.62,510.93,0,12.3,84.1,15,224.8,ok
2025-12-11T20:00:00Z,2025-12-11,2025,December,11,20,Evening,Winter,Sousse,0.29,510.88,1,11.9,89.1,13.7,265.5,ok
2025-12-11T19:00:00Z,2025-12-11,2025,December,11,19,Evening,Winter,Sousse,0.77,510.68,0,11.4,89,13.2,223.1,ok
2025-12-11T18:00:00Z,2025-12-11,2025,December,11,18,Evening,Winter,Sousse,0.34,510.48,0,12.2,79.3,15.8,170.9,ok
2025-12-11T17:00:00Z,2025-12-11,2025,December,11,17,Afternoon,Winter,Sousse,0.32,510.18,5,12.5,77.3,16.5,35.9,ok
2025-12-11T16:00:00Z,2025-12-11,2025,December,11,16,Afternoon,Winter,Sousse,1.21,510.18,63,12.9,72.1,18,76.7,ok
2025-12-11T15:00:00Z,2025-12-11,2025,December,11,15,Afternoon,Winter,Sousse,0.91,510.18,262,12,65.7,18.6,103.5,ok
2025-12-11T14:00:00Z,2025-12-11,2025,December,11,14,Afternoon,Winter,Sousse,1.72,510.28000000000003,285,12.1,65.2,18.8,92.2,ok
2025-12-11T13:00:00Z,2025-12-11,2025,December,11,13,Afternoon,Winter,Sousse,0.55,510.58,365,12.1,71.7,17.3,122.4,ok
2025-12-11T12:00:00Z,2025-12-11,2025,December,11,12,Afternoon,Winter,Sousse,1.29,510.88,260,11.9,68.5,17.8,7.8,ok
2025-12-11T11:00:00Z,2025-12-11,2025,December,11,11,Morning,Winter,Sousse,1.21,511.13,434,12.2,75.1,16.7,297.1,ok
2025-12-11T10:00:00Z,2025-12-11,2025,December,11,10,Morning,Winter,Sousse,1.35,511.28000000000003,334,14.2,99.1,14.4,284.2,ok
2025-12-11T09:00:00Z,2025-12-11,2025,December,11,9,Morning,Winter,Sousse,1.09,511.23,202,11.7,100,11.7,268.6,ok
2025-12-11T08:00:00Z,2025-12-11,2025,December,11,8,Morning,Winter,Sousse,0.11,511.18,37,9.8,100,9.8,220.4,ok
2025-12-11T07:00:00Z,2025-12-11,2025,December,11,7,Morning,Winter,Sousse,0.15,511.03000000000003,0,10.1,100,10.1,310.5,ok
2025-12-11T06:00:00Z,2025-12-11,2025,December,11,6,Morning,Winter,Sousse,1.12,510.83,0,10.6,100,10.6,255.4,ok
2025-12-11T05:00:00Z,2025-12-11,2025,December,11,5,Night,Winter,Sousse,0.62,510.83,0,11,100,11,273.2,ok
2025-12-11T04:00:00Z,2025-12-11,2025,December,11,4,Night,Winter,Sousse,0.22,510.88,0,9.1,100,9.1,298,ok
2025-12-11T03:00:00Z,2025-12-11,2025,December,11,3,Night,Winter,Sousse,0.44,511.08,0,10.4,100,10.4,275.1,ok
2025-12-11T02:00:00Z,2025-12-11,2025,December,11,2,Night,Winter,Sousse,0.29,511.13,0,10,100,10,23.4,ok
2025-12-11T01:00:00Z,2025-12-11,2025,December,11,1,Night,Winter,Sousse,0.39,511.28000000000003,0,10.7,100,10.7,234.4,ok
2025-12-10T23:00:00Z,2025-12-10,2025,December,10,23,Evening,Winter,Sousse,0.2,511.495,1,10.6,98.4,10.9,189.4,ok
2025-12-10T22:00:00Z,2025-12-10,2025,December,10,22,Evening,Winter,Sousse,0.22,511.59499999999997,0,11.1,96.7,11.6,261.1,ok
2025-12-10T21:00:00Z,2025-12-10,2025,December,10,21,Evening,Winter,Sousse,0.35,511.495,0,12.6,95.2,13.4,242.6,ok
2025-12-10T20:00:00Z,2025-12-10,2025,December,10,20,Evening,Winter,Sousse,0.43,511.495,0,13.5,91.8,14.8,165,ok
2025-12-10T19:00:00Z,2025-12-10,2025,December,10,19,Evening,Winter,Sousse,0.51,511.245,0,13.9,87.2,16,144.4,ok
2025-12-10T18:00:00Z,2025-12-10,2025,December,10,18,Evening,Winter,Sousse,0.31,510.995,0,13.4,82.4,16.4,64,ok
2025-12-10T17:00:00Z,2025-12-10,2025,December,10,17,Afternoon,Winter,Sousse,0.31,510.795,5,12.7,76.2,16.9,144.5,ok
2025-12-10T16:00:00Z,2025-12-10,2025,December,10,16,Afternoon,Winter,Sousse,1.12,510.745,83,12.1,68.1,18.1,130.9,ok
2025-12-10T15:00:00Z,2025-12-10,2025,December,10,15,Afternoon,Winter,Sousse,2.92,510.695,156,11.5,62.3,18.9,107,ok
2025-12-10T14:00:00Z,2025-12-10,2025,December,10,14,Afternoon,Winter,Sousse,0.59,510.59499999999997,376,11,61.6,18.6,69.5,ok
2025-12-10T13:00:00Z,2025-12-10,2025,December,10,13,Afternoon,Winter,Sousse,1.48,510.84499999999997,461,11.3,65.8,17.8,68.3,ok
2025-12-10T12:00:00Z,2025-12-10,2025,December,10,12,Afternoon,Winter,Sousse,1.18,511.145,451,11.5,69.8,17.1,12.7,ok
2025-12-10T11:00:00Z,2025-12-10,2025,December,10,11,Morning,Winter,Sousse,0.45,511.34499999999997,430,10.8,65.7,17.3,103.8,ok
2025-12-10T10:00:00Z,2025-12-10,2025,December,10,10,Morning,Winter,Sousse,0.49,511.395,346,10,69.8,15.5,210.6,ok
2025-12-10T09:00:00Z,2025-12-10,2025,December,10,9,Morning,Winter,Sousse,0.63,511.395,109,10.6,98.4,10.9,216.2,ok
2025-12-10T08:00:00Z,2025-12-10,2025,December,10,8,Morning,Winter,Sousse,0.2,511.195,45,7.4,99.2,7.5,189.5,ok
2025-12-10T07:00:00Z,2025-12-10,2025,December,10,7,Morning,Winter,Sousse,0.24,511.045,1,6,97.2,6.4,181.4,ok
2025-12-10T06:00:00Z,2025-12-10,2025,December,10,6,Morning,Winter,Sousse,0.26,510.895,0,6.4,96.3,7,302.7,ok
2025-12-10T05:00:00Z,2025-12-10,2025,December,10,5,Night,Winter,Sousse,0.68,510.795,0,7.2,96.9,7.7,273.8,ok
2025-12-10T04:00:00Z,2025-12-10,2025,December,10,4,Night,Winter,Sousse,0.09,510.795,0,6.7,95.3,7.4,310.5,ok
2025-12-10T03:00:00Z,2025-12-10,2025,December,10,3,Night,Winter,Sousse,0.25,510.995,0,7.4,94.7,8.2,223.1,ok
2025-12-10T02:00:00Z,2025-12-10,2025,December,10,2,Night,Winter,Sousse,0.82,511.245,0,8,93.4,9.1,220.4,ok
2025-12-10T01:00:00Z,2025-12-10,2025,December,10,1,Night,Winter,Sousse,0.64,511.195,0,8.7,87.8,10.6,230.1,ok
2025-12-09T23:00:00Z,2025-12-09,2025,December,9,23,Evening,Winter,Sousse,0.13,511.54499999999996,0,9.8,93.9,10.7,130.6,ok
2025-12-09T22:00:00Z,2025-12-09,2025,December,9,22,Evening,Winter,Sousse,0.46,511.645,0,10.5,92.8,11.6,247.1,ok
2025-12-09T21:00:00Z,2025-12-09,2025,December,9,21,Evening,Winter,Sousse,0.57,511.79499999999996,0,11.1,89.3,12.9,219.3,ok
2025-12-09T20:00:00Z,2025-12-09,2025,December,9,20,Evening,Winter,Sousse,0,511.84499999999997,0,12.7,85.8,15.1,40.4,ok
2025-12-09T19:00:00Z,2025-12-09,2025,December,9,19,Evening,Winter,Sousse,0.68,511.745,0,13,80.6,16.4,135.8,ok
2025-12-09T18:00:00Z,2025-12-09,2025,December,9,18,Evening,Winter,Sousse,0.64,511.645,0,13.7,81.2,17,83.2,ok
2025-12-09T17:00:00Z,2025-12-09,2025,December,9,17,Afternoon,Winter,Sousse,0.85,511.495,4,14.2,81.5,17.4,111.9,ok
2025-12-09T16:00:00Z,2025-12-09,2025,December,9,16,Afternoon,Winter,Sousse,2.06,511.445,80,14.4,78.7,18.2,67.6,ok
2025-12-09T15:00:00Z,2025-12-09,2025,December,9,15,Afternoon,Winter,Sousse,3.34,511.395,154,14.3,77.5,18.3,125.4,ok
2025-12-09T14:00:00Z,2025-12-09,2025,December,9,14,Afternoon,Winter,Sousse,1.76,511.495,231,14,72.2,19.1,140.9,ok
2025-12-09T13:00:00Z,2025-12-09,2025,December,9,13,Afternoon,Winter,Sousse,0.6,511.695,332,12.7,65.4,19.4,74.3,ok
2025-12-09T12:00:00Z,2025-12-09,2025,December,9,12,Afternoon,Winter,Sousse,1.28,511.995,300,12.3,62.7,19.6,156.2,ok
2025-12-09T11:00:00Z,2025-12-09,2025,December,9,11,Morning,Winter,Sousse,1.29,512.445,451,12,62.8,19.2,227.8,ok
2025-12-09T10:00:00Z,2025-12-09,2025,December,9,10,Morning,Winter,Sousse,0.81,512.495,322,12.9,69.8,18.5,253.1,ok
2025-12-09T09:00:00Z,2025-12-09,2025,December,9,9,Morning,Winter,Sousse,0.41,512.295,210,11,72.9,15.9,242,ok
2025-12-09T08:00:00Z,2025-12-09,2025,December,9,8,Morning,Winter,Sousse,0.3,512.295,43,9.3,94.1,10.2,225.1,ok
2025-12-09T07:00:00Z,2025-12-09,2025,December,9,7,Morning,Winter,Sousse,0.3,512.245,1,8.4,91.7,9.7,225.1,ok
2025-12-09T06:00:00Z,2025-12-09,2025,December,9,6,Morning,Winter,Sousse,0.18,512.245,0,8.7,87.2,10.7,197.6,ok
2025-12-09T05:00:00Z,2025-12-09,2025,December,9,5,Night,Winter,Sousse,0.72,512.045,0,9.7,85.8,12,268.2,ok
2025-12-09T04:00:00Z,2025-12-09,2025,December,9,4,Night,Winter,Sousse,0.34,512.095,0,9.3,85,11.8,279.5,ok
2025-12-09T03:00:00Z,2025-12-09,2025,December,9,3,Night,Winter,Sousse,0.11,512.145,0,9.8,91.2,11.2,279.5,ok
2025-12-09T02:00:00Z,2025-12-09,2025,December,9,2,Night,Winter,Sousse,0.16,512.245,0,10.5,89.5,12.2,171,ok
2025-12-09T01:00:00Z,2025-12-09,2025,December,9,1,Night,Winter,Sousse,0.54,512.095,0,11.1,86.8,13.3,346.3,ok
2025-12-08T23:00:00Z,2025-12-08,2025,December,8,23,Evening,Winter,Sousse,0.21,512.505,0,11.6,81.7,14.7,248.5,ok
2025-12-08T22:00:00Z,2025-12-08,2025,December,8,22,Evening,Winter,Sousse,0.2,512.3050000000001,0,12.6,92.6,13.8,234.5,ok
2025-12-08T21:00:00Z,2025-12-08,2025,December,8,21,Evening,Winter,Sousse,0.36,512.255,0,12.1,94.5,13,358.1,ok
2025-12-08T20:00:00Z,2025-12-08,2025,December,8,20,Evening,Winter,Sousse,0.1,512.005,0,12.1,92,13.4,189.4,ok
2025-12-08T19:00:00Z,2025-12-08,2025,December,8,19,Evening,Winter,Sousse,0.15,512.0550000000001,0,13,89.5,14.8,220.4,ok
2025-12-08T18:00:00Z,2025-12-08,2025,December,8,18,Evening,Winter,Sousse,0.2,511.805,0,12.9,82.2,15.9,189.4,ok
2025-12-08T17:00:00Z,2025-12-08,2025,December,8,17,Afternoon,Winter,Sousse,0.16,511.505,3,13.3,70.1,18.9,158.5,ok
2025-12-08T16:00:00Z,2025-12-08,2025,December,8,16,Afternoon,Winter,Sousse,0.59,511.205,110,13.3,60.9,21.2,69.5,ok
2025-12-08T15:00:00Z,2025-12-08,2025,December,8,15,Afternoon,Winter,Sousse,1.86,511.055,267,12.8,57.7,21.5,8,ok
2025-12-08T14:00:00Z,2025-12-08,2025,December,8,14,Afternoon,Winter,Sousse,0.39,511.055,391,13.2,59.5,21.4,347.5,ok
2025-12-08T13:00:00Z,2025-12-08,2025,December,8,13,Afternoon,Winter,Sousse,0.81,511.305,461,9.7,44.8,22.3,27.8,ok
2025-12-08T12:00:00Z,2025-12-08,2025,December,8,12,Afternoon,Winter,Sousse,3.52,511.755,485,10.3,49.3,21.4,267.6,ok
2025-12-08T11:00:00Z,2025-12-08,2025,December,8,11,Morning,Winter,Sousse,2.56,512.005,446,10.4,54.3,19.9,287.1,ok
2025-12-08T10:00:00Z,2025-12-08,2025,December,8,10,Morning,Winter,Sousse,0.85,512.155,341,10.4,59.2,18.5,310.7,ok
2025-12-08T09:00:00Z,2025-12-08,2025,December,8,9,Morning,Winter,Sousse,0.53,511.905,209,9.6,64.5,16.3,308.3,ok
2025-12-08T08:00:00Z,2025-12-08,2025,December,8,8,Morning,Winter,Sousse,0.36,511.555,29,8.6,80.1,11.9,316.5,ok
2025-12-08T07:00:00Z,2025-12-08,2025,December,8,7,Morning,Winter,Sousse,0.48,511.305,0,8.6,77.3,12.5,126.1,ok
2025-12-08T06:00:00Z,2025-12-08,2025,December,8,6,Morning,Winter,Sousse,0.98,510.805,1,9.3,80.7,12.6,258.4,ok
2025-12-08T05:00:00Z,2025-12-08,2025,December,8,5,Night,Winter,Sousse,0.64,510.655,1,9.5,79.9,12.9,216.1,ok
2025-12-08T04:00:00Z,2025-12-08,2025,December,8,4,Night,Winter,Sousse,0.49,510.705,1,9,82.6,11.9,168.5,ok
2025-12-08T03:00:00Z,2025-12-08,2025,December,8,3,Night,Winter,Sousse,0.44,510.855,0,9.1,76.4,13.2,104,ok
2025-12-08T02:00:00Z,2025-12-08,2025,December,8,2,Night,Winter,Sousse,0.68,510.755,1,9.6,83.6,12.3,337.4,ok
2025-12-08T01:00:00Z,2025-12-08,2025,December,8,1,Night,Winter,Sousse,0.63,510.605,0,9.3,76.5,13.4,130.5,ok
2025-12-07T23:00:00Z,2025-12-07,2025,December,7,23,Evening,Winter,Sousse,0.78,510.72,0,10,70.3,15.4,175.9,ok
2025-12-07T22:00:00Z,2025-12-07,2025,December,7,22,Evening,Winter,Sousse,0.38,510.67,1,10,66.1,16.4,184.2,ok
2025-12-07T21:00:00Z,2025-12-07,2025,December,7,21,Evening,Winter,Sousse,1.45,510.67,0,10.2,64.3,17,266.5,ok
2025-12-07T20:00:00Z,2025-12-07,2025,December,7,20,Evening,Winter,Sousse,1.21,510.52000000000004,0,9.9,61.3,17.4,314.6,ok
2025-12-07T19:00:00Z,2025-12-07,2025,December,7,19,Evening,Winter,Sousse,2,510.22,0,9.7,58.2,18,265.6,ok
2025-12-07T18:00:00Z,2025-12-07,2025,December,7,18,Evening,Winter,Sousse,2.89,510.02000000000004,0,9.4,55.5,18.5,337.9,ok
2025-12-07T17:00:00Z,2025-12-07,2025,December,7,17,Afternoon,Winter,Sousse,1.44,509.67,4,9.7,52.7,19.6,257.3,ok
2025-12-07T16:00:00Z,2025-12-07,2025,December,7,16,Afternoon,Winter,Sousse,3.32,509.42,119,9.6,48.5,20.9,283,ok
2025-12-07T15:00:00Z,2025-12-07,2025,December,7,15,Afternoon,Winter,Sousse,1.69,509.22,286,9.9,46.4,21.9,259.5,ok
2025-12-07T14:00:00Z,2025-12-07,2025,December,7,14,Afternoon,Winter,Sousse,0.99,509.37,423,10.3,48.8,21.5,321.4,ok
2025-12-07T13:00:00Z,2025-12-07,2025,December,7,13,Afternoon,Winter,Sousse,6.31,509.47,335,10.1,50.2,20.9,271.8,ok
2025-12-07T12:00:00Z,2025-12-07,2025,December,7,12,Afternoon,Winter,Sousse,2.6,509.87,161,10.2,52.5,20.3,322.1,ok
2025-12-07T11:00:00Z,2025-12-07,2025,December,7,11,Morning,Winter,Sousse,1.66,510.27000000000004,473,10.2,51.6,20.5,292.6,ok
2025-12-07T10:00:00Z,2025-12-07,2025,December,7,10,Morning,Winter,Sousse,4.5,510.17,396,9.3,55.6,18.4,261.9,ok
2025-12-07T09:00:00Z,2025-12-07,2025,December,7,9,Morning,Winter,Sousse,4.2,510.02000000000004,212,9,59.5,16.9,281,ok
2025-12-07T08:00:00Z,2025-12-07,2025,December,7,8,Morning,Winter,Sousse,2.79,510.02000000000004,65,8.8,62.5,16,286,ok
2025-12-07T07:00:00Z,2025-12-07,2025,December,7,7,Morning,Winter,Sousse,3.31,509.92,0,8.7,66.2,15,255.9,ok
2025-12-07T06:00:00Z,2025-12-07,2025,December,7,6,Morning,Winter,Sousse,1.41,509.77000000000004,0,8.6,69.5,14.1,278.1,ok
2025-12-07T05:00:00Z,2025-12-07,2025,December,7,5,Night,Winter,Sousse,0.97,509.82000000000005,1,8.5,77.4,12.4,318.5,ok
2025-12-07T04:00:00Z,2025-12-07,2025,December,7,4,Night,Winter,Sousse,0.15,509.82000000000005,0,7.6,75.6,11.8,68.6,ok
2025-12-07T03:00:00Z,2025-12-07,2025,December,7,3,Night,Winter,Sousse,0.15,509.77000000000004,0,8,66.6,14.1,246.6,ok
2025-12-07T02:00:00Z,2025-12-07,2025,December,7,2,Night,Winter,Sousse,1.55,509.97,0,7,65,13.4,275.7,ok
2025-12-07T01:00:00Z,2025-12-07,2025,December,7,1,Night,Winter,Sousse,2.16,509.92,0,7.5,60.9,15,270,ok
2025-12-19T05:00:00Z,2025-12-19,2025,December,19,5,Night,Winter,Kef,2.07,NA,953.1,11,94.6,11.9,115.5,ok
2025-12-19T04:00:00Z,2025-12-19,2025,December,19,4,Night,Winter,Kef,2.46,NA,953.3,11.4,98.2,11.7,96.6,ok
2025-12-19T03:00:00Z,2025-12-19,2025,December,19,3,Night,Winter,Kef,1.37,NA,954.5,10.9,90.9,12.3,55.1,ok
2025-12-19T02:00:00Z,2025-12-19,2025,December,19,2,Night,Winter,Kef,2.12,NA,953.4,11.3,93,12.4,97.2,ok
NA,NA,NA,NA,NA,NA,Night,NA,Kef,1.7038461538461538,NA,953.8153846153846,6.361538461538461,88.13076923076923,8.23846153846154,131.15384615384616,ok
2025-12-18T23:00:00Z,2025-12-18,2025,December,18,23,Evening,Winter,Kef,3.23,NA,954.6,11.7,95,12.5,115.1,ok
2025-12-18T22:00:00Z,2025-12-18,2025,December,18,22,Evening,Winter,Kef,1.4,NA,954.6,11.3,91.8,12.6,102.3,ok
2025-12-18T21:00:00Z,2025-12-18,2025,December,18,21,Evening,Winter,Kef,1.28,NA,954.9,10.8,87.7,12.8,88.4,ok
2025-12-18T20:00:00Z,2025-12-18,2025,December,18,20,Evening,Winter,Kef,0.99,NA,954.9,12.1,99.1,12.3,68.7,ok
2025-12-18T19:00:00Z,2025-12-18,2025,December,18,19,Evening,Winter,Kef,2.23,NA,955.1,11.4,92.4,12.6,90.8,ok
2025-12-18T18:00:00Z,2025-12-18,2025,December,18,18,Evening,Winter,Kef,2.66,NA,954.5,11,89.8,12.7,106.5,ok
2025-12-18T17:00:00Z,2025-12-18,2025,December,18,17,Afternoon,Winter,Kef,1.93,NA,954.5,11.3,92.8,12.5,93.7,ok
2025-12-18T16:00:00Z,2025-12-18,2025,December,18,16,Afternoon,Winter,Kef,1.71,NA,955,11.7,89.7,13.4,115.4,ok
2025-12-18T15:00:00Z,2025-12-18,2025,December,18,15,Afternoon,Winter,Kef,0.96,NA,954.8,11.8,88.5,13.7,93.7,ok
2025-12-18T14:00:00Z,2025-12-18,2025,December,18,14,Afternoon,Winter,Kef,0.26,NA,954.7,12,93.4,13,87.6,ok
2025-12-18T13:00:00Z,2025-12-18,2025,December,18,13,Afternoon,Winter,Kef,2.05,NA,955.1,11.5,87.2,13.6,31.6,ok
2025-12-18T12:00:00Z,2025-12-18,2025,December,18,12,Afternoon,Winter,Kef,0.75,NA,955.6,12,92.8,13.2,116,ok
2025-12-18T11:00:00Z,2025-12-18,2025,December,18,11,Morning,Winter,Kef,4.61,NA,956.3,10.8,86.2,13.1,143.7,ok
2025-12-18T10:00:00Z,2025-12-18,2025,December,18,10,Morning,Winter,Kef,5.11,NA,956.1,10,80.1,13.3,171.7,ok
2025-12-18T09:00:00Z,2025-12-18,2025,December,18,9,Morning,Winter,Kef,1.75,NA,954.6,8.3,81.8,11.3,186.5,ok
2025-12-18T08:00:00Z,2025-12-18,2025,December,18,8,Morning,Winter,Kef,0.7,NA,954.3,6.1,81.4,9.2,31.9,ok
2025-12-18T07:00:00Z,2025-12-18,2025,December,18,7,Morning,Winter,Kef,1.59,NA,954,6,75.4,10.2,152.3,ok
2025-12-18T06:00:00Z,2025-12-18,2025,December,18,6,Morning,Winter,Kef,1.07,NA,953.6,6,82.6,8.8,169.1,ok
2025-12-18T05:00:00Z,2025-12-18,2025,December,18,5,Night,Winter,Kef,0.29,NA,953.5,6.4,86.8,8.5,155.8,ok
2025-12-18T04:00:00Z,2025-12-18,2025,December,18,4,Night,Winter,Kef,1.23,NA,953.7,7.4,84.7,9.9,238.8,ok
2025-12-18T01:00:00Z,2025-12-18,2025,December,18,1,Night,Winter,Kef,1.43,NA,953.8,8,75.4,12.3,145.5,ok
2025-12-17T23:00:00Z,2025-12-17,2025,December,17,23,Evening,Winter,Kef,0.74,NA,953.6,9.2,86,11.5,110.8,ok
2025-12-17T22:00:00Z,2025-12-17,2025,December,17,22,Evening,Winter,Kef,0.8,NA,953.3,8.1,82.1,11.1,126.1,ok
2025-12-17T21:00:00Z,2025-12-17,2025,December,17,21,Evening,Winter,Kef,0.6,NA,953.1,8.2,83.1,11,100.9,ok
2025-12-17T20:00:00Z,2025-12-17,2025,December,17,20,Evening,Winter,Kef,1.43,NA,952.7,8.6,82,11.6,122.1,ok
2025-12-17T19:00:00Z,2025-12-17,2025,December,17,19,Evening,Winter,Kef,1.67,NA,952.4,8.9,77.4,12.7,133.1,ok
2025-12-17T18:00:00Z,2025-12-17,2025,December,17,18,Evening,Winter,Kef,4.84,NA,951.8,8,67.8,13.9,161.6,ok
2025-12-17T17:00:00Z,2025-12-17,2025,December,17,17,Afternoon,Winter,Kef,4.42,NA,951.7,8,66.1,14.3,124.9,ok
2025-12-17T16:00:00Z,2025-12-17,2025,December,17,16,Afternoon,Winter,Kef,6.24,NA,951.1,6.7,56.5,15.3,152.5,ok
2025-12-17T15:00:00Z,2025-12-17,2025,December,17,15,Afternoon,Winter,Kef,5.29,NA,950.5,6.7,53.6,16.1,130,ok
2025-12-17T14:00:00Z,2025-12-17,2025,December,17,14,Afternoon,Winter,Kef,2.77,NA,950.7,3.1,40,16.8,182.7,ok
2025-12-17T13:00:00Z,2025-12-17,2025,December,17,13,Afternoon,Winter,Kef,1.71,NA,951,6.8,54.8,15.9,210.1,ok
2025-12-17T12:00:00Z,2025-12-17,2025,December,17,12,Afternoon,Winter,Kef,3.1,NA,951.6,8.3,65.4,14.7,145.5,ok
2025-12-17T11:00:00Z,2025-12-17,2025,December,17,11,Morning,Winter,Kef,0.88,NA,952.4,8.6,82.9,11.4,322.6,ok
2025-12-17T10:00:00Z,2025-12-17,2025,December,17,10,Morning,Winter,Kef,0.56,NA,952.5,7.8,91.2,9.2,346,ok
2025-12-17T09:00:00Z,2025-12-17,2025,December,17,9,Morning,Winter,Kef,0.47,NA,951.8,6.7,97.6,7.1,90,ok
2025-12-17T08:00:00Z,2025-12-17,2025,December,17,8,Morning,Winter,Kef,1.22,NA,951.2,5,96.5,5.6,99.7,ok
2025-12-17T07:00:00Z,2025-12-17,2025,December,17,7,Morning,Winter,Kef,0.9,NA,950.6,6.8,98.9,7,113.1,ok
2025-12-17T06:00:00Z,2025-12-17,2025,December,17,6,Morning,Winter,Kef,1.3,NA,949.9,5.1,100,5.1,129.4,ok
2025-12-17T05:00:00Z,2025-12-17,2025,December,17,5,Night,Winter,Kef,1.3,NA,949.8,4.9,100,4.9,129.5,ok
2025-12-17T04:00:00Z,2025-12-17,2025,December,17,4,Night,Winter,Kef,0.9,NA,949.3,4.8,98.7,5,143.4,ok
2025-12-17T03:00:00Z,2025-12-17,2025,December,17,3,Night,Winter,Kef,1.3,NA,949.3,4.7,97,5.1,136.2,ok
2025-12-17T02:00:00Z,2025-12-17,2025,December,17,2,Night,Winter,Kef,0.43,NA,948.9,4.6,93.9,5.5,129.5,ok
2025-12-17T01:00:00Z,2025-12-17,2025,December,17,1,Night,Winter,Kef,1.01,NA,949.1,4.9,92.8,6,91.3,ok
2025-12-16T23:00:00Z,2025-12-16,2025,December,16,23,Evening,Winter,Kef,1.19,NA,948.7,5.9,87,7.9,85.2,ok
2025-12-16T22:00:00Z,2025-12-16,2025,December,16,22,Evening,Winter,Kef,0.2,NA,948.4,6.8,88.2,8.6,169.8,ok
2025-12-16T21:00:00Z,2025-12-16,2025,December,16,21,Evening,Winter,Kef,0.83,NA,948.3,6.5,87.4,8.5,138.6,ok
2025-12-16T20:00:00Z,2025-12-16,2025,December,16,20,Evening,Winter,Kef,1.67,NA,948,7.1,82.8,9.9,131.7,ok
2025-12-16T19:00:00Z,2025-12-16,2025,December,16,19,Evening,Winter,Kef,2.33,NA,947.5,5.9,68.4,11.5,142.3,ok
2025-12-16T18:00:00Z,2025-12-16,2025,December,16,18,Evening,Winter,Kef,2.75,NA,946.5,5.8,65.1,12.2,234.3,ok
2025-12-16T17:00:00Z,2025-12-16,2025,December,16,17,Afternoon,Winter,Kef,2.67,NA,946.1,6,56.2,14.6,207.3,ok
2025-12-16T16:00:00Z,2025-12-16,2025,December,16,16,Afternoon,Winter,Kef,4.56,NA,945.5,4.7,43.8,17.1,255.4,ok
2025-12-16T15:00:00Z,2025-12-16,2025,December,16,15,Afternoon,Winter,Kef,5.9,NA,945.3,4.6,41.7,17.8,253.2,ok
2025-12-16T14:00:00Z,2025-12-16,2025,December,16,14,Afternoon,Winter,Kef,2.85,NA,945.4,6,45.6,18,221.8,ok
2025-12-16T13:00:00Z,2025-12-16,2025,December,16,13,Afternoon,Winter,Kef,3.75,NA,945.9,7,49.9,17.5,198.1,ok
2025-12-16T12:00:00Z,2025-12-16,2025,December,16,12,Afternoon,Winter,Kef,1.43,NA,946.8,7.2,54.4,16.5,7.8,ok
2025-12-16T11:00:00Z,2025-12-16,2025,December,16,11,Morning,Winter,Kef,3.61,NA,947.3,8.7,63.9,15.5,190.6,ok
2025-12-16T10:00:00Z,2025-12-16,2025,December,16,10,Morning,Winter,Kef,1.35,NA,947.2,9.8,79.4,13.3,200.7,ok
2025-12-16T09:00:00Z,2025-12-16,2025,December,16,9,Morning,Winter,Kef,1.11,NA,946.9,8.6,93.1,9.7,188.1,ok
2025-12-16T08:00:00Z,2025-12-16,2025,December,16,8,Morning,Winter,Kef,0.35,NA,947,7.9,92,9.1,164,ok
2025-12-16T07:00:00Z,2025-12-16,2025,December,16,7,Morning,Winter,Kef,3.57,NA,946.7,8.4,95.4,9.1,194.8,ok
2025-12-16T06:00:00Z,2025-12-16,2025,December,16,6,Morning,Winter,Kef,1.37,NA,946.7,8.2,96.3,8.8,176.8,ok
2025-12-16T05:00:00Z,2025-12-16,2025,December,16,5,Night,Winter,Kef,1.63,NA,947.2,7.9,95.5,8.6,19.5,ok
2025-12-16T04:00:00Z,2025-12-16,2025,December,16,4,Night,Winter,Kef,3.41,NA,947.9,7.6,91.8,8.9,288.7,ok
2025-12-16T03:00:00Z,2025-12-16,2025,December,16,3,Night,Winter,Kef,3.75,NA,947.2,9,84.1,11.6,177.6,ok
2025-12-16T02:00:00Z,2025-12-16,2025,December,16,2,Night,Winter,Kef,3.69,NA,947.7,9.1,87.2,11.2,166,ok
2025-12-15T23:00:00Z,2025-12-15,2025,December,15,23,Evening,Winter,Kef,2.99,NA,949.2,9.5,90.6,11,177.3,ok
2025-12-15T22:00:00Z,2025-12-15,2025,December,15,22,Evening,Winter,Kef,0.87,NA,949.2,9.9,90.1,11.5,96.9,ok
2025-12-15T21:00:00Z,2025-12-15,2025,December,15,21,Evening,Winter,Kef,2.11,NA,949.8,9.9,88.3,11.8,179.3,ok
2025-12-15T20:00:00Z,2025-12-15,2025,December,15,20,Evening,Winter,Kef,2.11,NA,949.9,10.6,92.2,11.8,173.8,ok
2025-12-15T19:00:00Z,2025-12-15,2025,December,15,19,Evening,Winter,Kef,6.47,NA,949.9,10.5,88.9,12.3,145.6,ok
2025-12-15T18:00:00Z,2025-12-15,2025,December,15,18,Evening,Winter,Kef,3.36,NA,949.6,9.7,78.9,13.3,199.2,ok
2025-12-15T17:00:00Z,2025-12-15,2025,December,15,17,Afternoon,Winter,Kef,0.55,NA,949.6,10.1,84.3,12.7,103.9,ok
2025-12-15T16:00:00Z,2025-12-15,2025,December,15,16,Afternoon,Winter,Kef,4.55,NA,949.7,9.6,75.7,13.8,160.9,ok
2025-12-15T15:00:00Z,2025-12-15,2025,December,15,15,Afternoon,Winter,Kef,4.28,NA,949.9,10.9,83.7,13.6,159.2,ok
2025-12-15T14:00:00Z,2025-12-15,2025,December,15,14,Afternoon,Winter,Kef,5.81,NA,950,10.9,85,13.4,126.6,ok
2025-12-15T13:00:00Z,2025-12-15,2025,December,15,13,Afternoon,Winter,Kef,4.23,NA,951.5,11.1,86.7,13.3,155.2,ok
2025-12-15T12:00:00Z,2025-12-15,2025,December,15,12,Afternoon,Winter,Kef,6,NA,952.4,9.8,72.7,14.6,166.5,ok
2025-12-15T11:00:00Z,2025-12-15,2025,December,15,11,Morning,Winter,Kef,6.17,NA,952.6,9.6,71.9,14.6,183.2,ok
2025-12-15T10:00:00Z,2025-12-15,2025,December,15,10,Morning,Winter,Kef,5.36,NA,952.7,9.5,72,14.5,185.7,ok
2025-12-15T09:00:00Z,2025-12-15,2025,December,15,9,Morning,Winter,Kef,7.8,NA,952.6,9.8,75.6,14,167,ok
2025-12-15T08:00:00Z,2025-12-15,2025,December,15,8,Morning,Winter,Kef,7.2,NA,951.9,9.9,77,13.9,155.1,ok
2025-12-15T07:00:00Z,2025-12-15,2025,December,15,7,Morning,Winter,Kef,2.3,NA,952.3,9.2,77.1,13.2,140.5,ok
2025-12-15T06:00:00Z,2025-12-15,2025,December,15,6,Morning,Winter,Kef,6.04,NA,952.2,9,77.1,12.9,163.5,ok
2025-12-15T05:00:00Z,2025-12-15,2025,December,15,5,Night,Winter,Kef,3.32,NA,952.6,8.6,76.1,12.7,151.4,ok
2025-12-15T04:00:00Z,2025-12-15,2025,December,15,4,Night,Winter,Kef,7.36,NA,953,8,73.7,12.6,149.8,ok
2025-12-15T03:00:00Z,2025-12-15,2025,December,15,3,Night,Winter,Kef,2.7,NA,954.3,7.9,80.2,11.2,158.9,ok
2025-12-15T02:00:00Z,2025-12-15,2025,December,15,2,Night,Winter,Kef,3.29,NA,954.5,7.6,79.1,11.1,119.3,ok
2025-12-15T01:00:00Z,2025-12-15,2025,December,15,1,Night,Winter,Kef,4.05,NA,954.3,7.8,82,10.7,173.7,ok
2025-12-14T23:00:00Z,2025-12-14,2025,December,14,23,Evening,Winter,Kef,4.1,NA,955,8.5,80.1,11.8,182.2,ok
2025-12-14T22:00:00Z,2025-12-14,2025,December,14,22,Evening,Winter,Kef,4.31,NA,954.4,9.4,81.1,12.6,181.6,ok
2025-12-14T21:00:00Z,2025-12-14,2025,December,14,21,Evening,Winter,Kef,0.96,NA,955,8.1,81,11.3,134.5,ok
2025-12-14T20:00:00Z,2025-12-14,2025,December,14,20,Evening,Winter,Kef,3.69,NA,954.9,8,80.3,11.3,193.1,ok
2025-12-14T19:00:00Z,2025-12-14,2025,December,14,19,Evening,Winter,Kef,0.69,NA,954.4,7.8,76.4,11.8,125.6,ok
2025-12-14T18:00:00Z,2025-12-14,2025,December,14,18,Evening,Winter,Kef,1.19,NA,954.3,8.7,73.2,13.4,90.4,ok
2025-12-14T17:00:00Z,2025-12-14,2025,December,14,17,Afternoon,Winter,Kef,4.9,NA,954.1,8.5,66.1,14.8,148.7,ok
2025-12-14T16:00:00Z,2025-12-14,2025,December,14,16,Afternoon,Winter,Kef,4.3,NA,954.1,7.9,58.9,15.9,149,ok
2025-12-14T14:00:00Z,2025-12-14,2025,December,14,14,Afternoon,Winter,Kef,6.46,NA,954.7,8,56,16.8,158,ok
2025-12-14T12:00:00Z,2025-12-14,2025,December,14,12,Afternoon,Winter,Kef,4.38,NA,956,8.1,61.7,15.4,197.1,ok
2025-12-14T11:00:00Z,2025-12-14,2025,December,14,11,Morning,Winter,Kef,5.75,NA,956.7,8.4,69.2,14,151.2,ok
2025-12-14T10:00:00Z,2025-12-14,2025,December,14,10,Morning,Winter,Kef,3.85,NA,957.2,7.1,78,10.8,163.8,ok
2025-12-14T08:00:00Z,2025-12-14,2025,December,14,8,Morning,Winter,Kef,1.58,NA,956.5,4.7,100,4.7,132.4,ok
2025-12-14T07:00:00Z,2025-12-14,2025,December,14,7,Morning,Winter,Kef,1.27,NA,956.3,5.3,100,5.3,98.3,ok
2025-12-14T06:00:00Z,2025-12-14,2025,December,14,6,Morning,Winter,Kef,0.75,NA,956.2,4.6,100,4.6,129.3,ok
2025-12-14T05:00:00Z,2025-12-14,2025,December,14,5,Night,Winter,Kef,1.04,NA,956.5,5.5,98.9,5.7,54.9,ok
2025-12-14T04:00:00Z,2025-12-14,2025,December,14,4,Night,Winter,Kef,0.53,NA,956.4,5.3,97,5.8,65.7,ok
2025-12-14T03:00:00Z,2025-12-14,2025,December,14,3,Night,Winter,Kef,0.8,NA,956.5,6,95.8,6.6,145.2,ok
2025-12-14T02:00:00Z,2025-12-14,2025,December,14,2,Night,Winter,Kef,0.49,NA,956.3,5.8,93.9,6.7,150.1,ok
2025-12-14T01:00:00Z,2025-12-14,2025,December,14,1,Night,Winter,Kef,1.25,NA,956.3,5.2,89.1,6.9,125.3,ok
2025-12-13T23:00:00Z,2025-12-13,2025,December,13,23,Evening,Winter,Kef,0.57,NA,956.7,5.1,87.1,7.1,45.7,ok
2025-12-13T22:00:00Z,2025-12-13,2025,December,13,22,Evening,Winter,Kef,1.44,NA,956.4,6.1,84.2,8.7,190.8,ok
2025-12-13T21:00:00Z,2025-12-13,2025,December,13,21,Evening,Winter,Kef,0.66,NA,956.1,6.3,80.5,9.5,209.6,ok
2025-12-13T20:00:00Z,2025-12-13,2025,December,13,20,Evening,Winter,Kef,0.35,NA,955.8,6.7,77.9,10.4,302.1,ok
2025-12-13T19:00:00Z,2025-12-13,2025,December,13,19,Evening,Winter,Kef,1.17,NA,955.4,7,74.2,11.4,165.5,ok
2025-12-13T18:00:00Z,2025-12-13,2025,December,13,18,Evening,Winter,Kef,1.85,NA,954.9,7.4,66.3,13.6,128.5,ok
2025-12-13T17:00:00Z,2025-12-13,2025,December,13,17,Afternoon,Winter,Kef,2.59,NA,954.5,7.3,57.8,15.6,109.4,ok
2025-12-13T16:00:00Z,2025-12-13,2025,December,13,16,Afternoon,Winter,Kef,2.87,NA,954.4,7.3,53.1,16.9,118.4,ok
2025-12-13T15:00:00Z,2025-12-13,2025,December,13,15,Afternoon,Winter,Kef,2.85,NA,954.3,7.6,52.5,17.4,128.3,ok
2025-12-13T14:00:00Z,2025-12-13,2025,December,13,14,Afternoon,Winter,Kef,3.48,NA,954.4,8.3,54,17.7,121.9,ok
2025-12-13T13:00:00Z,2025-12-13,2025,December,13,13,Afternoon,Winter,Kef,2.27,NA,954.7,8.8,58.3,17,126.3,ok
2025-12-13T12:00:00Z,2025-12-13,2025,December,13,12,Afternoon,Winter,Kef,2.6,NA,955.8,8.8,66.3,15,148.9,ok
2025-12-13T11:00:00Z,2025-12-13,2025,December,13,11,Morning,Winter,Kef,1.71,NA,956.1,9.2,71.3,14.4,143.8,ok
2025-12-13T10:00:00Z,2025-12-13,2025,December,13,10,Morning,Winter,Kef,0.48,NA,956.1,7.9,80.4,11.1,89.8,ok
2025-12-13T09:00:00Z,2025-12-13,2025,December,13,9,Morning,Winter,Kef,1.75,NA,955.5,6.9,90.6,8.3,62.6,ok
2025-12-13T08:00:00Z,2025-12-13,2025,December,13,8,Morning,Winter,Kef,1.31,NA,955,6.4,100,6.4,166.5,ok
2025-12-13T07:00:00Z,2025-12-13,2025,December,13,7,Morning,Winter,Kef,0.82,NA,954.2,5.9,95.6,6.5,138.5,ok
2025-12-13T06:00:00Z,2025-12-13,2025,December,13,6,Morning,Winter,Kef,1.35,NA,953.8,6.6,91.7,7.9,130.3,ok
2025-12-13T05:00:00Z,2025-12-13,2025,December,13,5,Night,Winter,Kef,0.72,NA,953.1,7,90,8.6,119,ok
2025-12-13T04:00:00Z,2025-12-13,2025,December,13,4,Night,Winter,Kef,0.26,NA,953.3,7.5,88.7,9.3,134,ok
2025-12-13T03:00:00Z,2025-12-13,2025,December,13,3,Night,Winter,Kef,1.16,NA,953.7,7.7,87.8,9.6,135.8,ok
2025-12-13T02:00:00Z,2025-12-13,2025,December,13,2,Night,Winter,Kef,1.09,NA,953.4,8,85.1,10.4,171.6,ok
2025-12-13T01:00:00Z,2025-12-13,2025,December,13,1,Night,Winter,Kef,1.06,NA,953.1,8.1,83.6,10.8,163.7,ok
2025-12-12T23:00:00Z,2025-12-12,2025,December,12,23,Evening,Winter,Kef,1.7,NA,953.1,9,80.5,12.3,155.6,ok
2025-12-12T22:00:00Z,2025-12-12,2025,December,12,22,Evening,Winter,Kef,2.42,NA,952.8,8.9,82.3,11.8,123.5,ok
2025-12-12T21:00:00Z,2025-12-12,2025,December,12,21,Evening,Winter,Kef,4.08,NA,952.4,9.1,80.9,12.3,161.4,ok
2025-12-12T20:00:00Z,2025-12-12,2025,December,12,20,Evening,Winter,Kef,2.52,NA,952.1,8.7,78.5,12.3,133.8,ok
2025-12-12T19:00:00Z,2025-12-12,2025,December,12,19,Evening,Winter,Kef,4.23,NA,951.4,8.6,76.7,12.6,141.3,ok
2025-12-12T18:00:00Z,2025-12-12,2025,December,12,18,Evening,Winter,Kef,3.51,NA,950.7,8.5,76.3,12.6,167.3,ok
2025-12-12T17:00:00Z,2025-12-12,2025,December,12,17,Afternoon,Winter,Kef,6.64,NA,950.4,8.5,66.8,14.6,150.2,ok
2025-12-12T16:00:00Z,2025-12-12,2025,December,12,16,Afternoon,Winter,Kef,4.01,NA,950,6.7,50.1,17.2,176.3,ok
2025-12-12T15:00:00Z,2025-12-12,2025,December,12,15,Afternoon,Winter,Kef,2.82,NA,950,6.9,50.1,17.4,182.1,ok
2025-12-12T14:00:00Z,2025-12-12,2025,December,12,14,Afternoon,Winter,Kef,6.13,NA,950,6.6,50.1,17.1,178.7,ok
2025-12-12T13:00:00Z,2025-12-12,2025,December,12,13,Afternoon,Winter,Kef,4.5,NA,950.9,7.1,53.2,16.7,188.2,ok
2025-12-12T12:00:00Z,2025-12-12,2025,December,12,12,Afternoon,Winter,Kef,2.74,NA,951.7,8.2,61.1,15.7,170.6,ok
2025-12-12T11:00:00Z,2025-12-12,2025,December,12,11,Morning,Winter,Kef,3.52,NA,952.6,7.8,68.5,13.5,154.8,ok
2025-12-12T10:00:00Z,2025-12-12,2025,December,12,10,Morning,Winter,Kef,3.43,NA,952.9,7.1,77,11,181.1,ok
2025-12-12T09:00:00Z,2025-12-12,2025,December,12,9,Morning,Winter,Kef,2.21,NA,952.7,7,100,7,105.7,ok
2025-12-12T08:00:00Z,2025-12-12,2025,December,12,8,Morning,Winter,Kef,1.04,NA,952.2,3.9,100,3.9,79.2,ok
2025-12-12T07:00:00Z,2025-12-12,2025,December,12,7,Morning,Winter,Kef,1.14,NA,952.2,2.9,100,2.9,93.5,ok
2025-12-12T06:00:00Z,2025-12-12,2025,December,12,6,Morning,Winter,Kef,1.58,NA,951.9,3,100,3,115.6,ok
2025-12-12T05:00:00Z,2025-12-12,2025,December,12,5,Night,Winter,Kef,0.79,NA,951.8,3,99.3,3.1,106.2,ok
2025-12-12T04:00:00Z,2025-12-12,2025,December,12,4,Night,Winter,Kef,1,NA,952.3,3.5,97.4,3.9,91.1,ok
2025-12-12T03:00:00Z,2025-12-12,2025,December,12,3,Night,Winter,Kef,1.41,NA,952.5,3.9,95.5,4.5,109.5,ok
2025-12-12T02:00:00Z,2025-12-12,2025,December,12,2,Night,Winter,Kef,2.26,NA,952.7,3.5,92.2,4.7,75.7,ok
2025-12-12T01:00:00Z,2025-12-12,2025,December,12,1,Night,Winter,Kef,1.07,NA,952.8,3.8,92,5,119.9,ok
2025-12-11T23:00:00Z,2025-12-11,2025,December,11,23,Evening,Winter,Kef,1,NA,953.5,3.3,82.9,6,126.7,ok
2025-12-11T22:00:00Z,2025-12-11,2025,December,11,22,Evening,Winter,Kef,1.02,NA,953.5,3.2,77.6,6.9,141.7,ok
2025-12-11T21:00:00Z,2025-12-11,2025,December,11,21,Evening,Winter,Kef,1.1,NA,953.5,4.4,75.5,8.5,148.1,ok
2025-12-11T20:00:00Z,2025-12-11,2025,December,11,20,Evening,Winter,Kef,0.66,NA,953,4.8,72.6,9.5,101.9,ok
2025-12-11T19:00:00Z,2025-12-11,2025,December,11,19,Evening,Winter,Kef,2.02,NA,953.1,5.9,68.5,11.5,82.8,ok
2025-12-11T18:00:00Z,2025-12-11,2025,December,11,18,Evening,Winter,Kef,1.91,NA,952.6,5.3,57.5,13.5,99.2,ok
2025-12-11T17:00:00Z,2025-12-11,2025,December,11,17,Afternoon,Winter,Kef,2.39,NA,951.9,8.1,63.4,15,346.7,ok
2025-12-11T16:00:00Z,2025-12-11,2025,December,11,16,Afternoon,Winter,Kef,3.15,NA,951.5,7.1,50.5,17.5,359.9,ok
2025-12-11T15:00:00Z,2025-12-11,2025,December,11,15,Afternoon,Winter,Kef,1.25,NA,951.7,6,43.5,18.7,65.4,ok
2025-12-11T14:00:00Z,2025-12-11,2025,December,11,14,Afternoon,Winter,Kef,1.51,NA,952,6.5,47,18,136.1,ok
2025-12-11T13:00:00Z,2025-12-11,2025,December,11,13,Afternoon,Winter,Kef,0.67,NA,952.6,5.5,48,16.6,78.7,ok
2025-12-11T12:00:00Z,2025-12-11,2025,December,11,12,Afternoon,Winter,Kef,0.7,NA,953.6,6,55.3,14.9,125.4,ok
2025-12-11T11:00:00Z,2025-12-11,2025,December,11,11,Morning,Winter,Kef,1.1,NA,954.5,5.6,65.1,12,125.6,ok
2025-12-11T10:00:00Z,2025-12-11,2025,December,11,10,Morning,Winter,Kef,1.91,NA,954.9,4.3,74.9,8.5,139.2,ok
2025-12-11T09:00:00Z,2025-12-11,2025,December,11,9,Morning,Winter,Kef,1.41,NA,955,3.8,95.3,4.5,141.7,ok
2025-12-11T08:00:00Z,2025-12-11,2025,December,11,8,Morning,Winter,Kef,1.09,NA,954.5,0.5,100,0.5,70.7,ok
2025-12-11T07:00:00Z,2025-12-11,2025,December,11,7,Morning,Winter,Kef,0.31,NA,954.4,0.8,99.6,0.9,92.6,ok
2025-12-11T06:00:00Z,2025-12-11,2025,December,11,6,Morning,Winter,Kef,0.86,NA,954,1.2,97.7,1.6,59.4,ok
2025-12-11T05:00:00Z,2025-12-11,2025,December,11,5,Night,Winter,Kef,1.21,NA,953.7,0.6,94.6,1.4,106.3,ok
2025-12-11T04:00:00Z,2025-12-11,2025,December,11,4,Night,Winter,Kef,1.22,NA,954.1,0.9,90.4,2.3,77,ok
2025-12-11T03:00:00Z,2025-12-11,2025,December,11,3,Night,Winter,Kef,1.41,NA,954.4,1.7,92,2.9,214.5,ok
2025-12-11T02:00:00Z,2025-12-11,2025,December,11,2,Night,Winter,Kef,0.47,NA,954.6,1.9,87.8,3.7,221.6,ok
2025-12-11T01:00:00Z,2025-12-11,2025,December,11,1,Night,Winter,Kef,1.14,NA,954.8,2.6,85,4.9,117.5,ok
2025-12-10T23:00:00Z,2025-12-10,2025,December,10,23,Evening,Winter,Kef,1.03,NA,955.4,3.1,83.3,5.7,97.2,ok
2025-12-10T22:00:00Z,2025-12-10,2025,December,10,22,Evening,Winter,Kef,1.39,NA,955.4,3.4,79.1,6.8,110.9,ok
2025-12-10T21:00:00Z,2025-12-10,2025,December,10,21,Evening,Winter,Kef,1.23,NA,955.1,4.4,76.5,8.3,155.7,ok
2025-12-10T20:00:00Z,2025-12-10,2025,December,10,20,Evening,Winter,Kef,1.07,NA,955,5.3,74,9.7,131.5,ok
2025-12-10T19:00:00Z,2025-12-10,2025,December,10,19,Evening,Winter,Kef,1.02,NA,954.5,6.7,65.4,13,77,ok
2025-12-10T18:00:00Z,2025-12-10,2025,December,10,18,Evening,Winter,Kef,0.64,NA,954,6.3,60.5,13.8,178.2,ok
2025-12-10T17:00:00Z,2025-12-10,2025,December,10,17,Afternoon,Winter,Kef,1.67,NA,953.5,6.6,51.6,16.6,346.2,ok
2025-12-10T16:00:00Z,2025-12-10,2025,December,10,16,Afternoon,Winter,Kef,1.44,NA,953.2,4.9,38.3,19.4,331.6,ok
2025-12-10T15:00:00Z,2025-12-10,2025,December,10,15,Afternoon,Winter,Kef,1.28,NA,952.8,4.9,38.3,19.5,36.9,ok
2025-12-10T14:00:00Z,2025-12-10,2025,December,10,14,Afternoon,Winter,Kef,2.04,NA,953.2,5.9,41.7,19.2,187.2,ok
2025-12-10T13:00:00Z,2025-12-10,2025,December,10,13,Afternoon,Winter,Kef,1.73,NA,953.8,5.6,46.6,17.1,303.9,ok
2025-12-10T12:00:00Z,2025-12-10,2025,December,10,12,Afternoon,Winter,Kef,0.49,NA,954.6,6.3,50.7,16.6,245.6,ok
2025-12-10T10:00:00Z,2025-12-10,2025,December,10,10,Morning,Winter,Kef,1.31,NA,955.7,5.9,76,9.9,106.3,ok
2025-12-10T09:00:00Z,2025-12-10,2025,December,10,9,Morning,Winter,Kef,0.93,NA,955.2,5.5,100,5.5,128,ok
2025-12-10T08:00:00Z,2025-12-10,2025,December,10,8,Morning,Winter,Kef,0.94,NA,955,1.7,100,1.7,112.9,ok
2025-12-10T07:00:00Z,2025-12-10,2025,December,10,7,Morning,Winter,Kef,0.66,NA,954.8,2.1,100,2.1,138.7,ok
2025-12-10T06:00:00Z,2025-12-10,2025,December,10,6,Morning,Winter,Kef,0.75,NA,954.4,1.5,100,1.5,84.2,ok
2025-12-10T05:00:00Z,2025-12-10,2025,December,10,5,Night,Winter,Kef,1.15,NA,954.4,2,100,2,131.3,ok
2025-12-10T04:00:00Z,2025-12-10,2025,December,10,4,Night,Winter,Kef,0.45,NA,954.7,1.9,97.9,2.2,123.8,ok
2025-12-10T03:00:00Z,2025-12-10,2025,December,10,3,Night,Winter,Kef,0.96,NA,954.9,3,96.6,3.5,141.1,ok
2025-12-10T02:00:00Z,2025-12-10,2025,December,10,2,Night,Winter,Kef,0.15,NA,955,3.6,95.1,4.3,200.7,ok
2025-12-10T01:00:00Z,2025-12-10,2025,December,10,1,Night,Winter,Kef,1.42,NA,955.2,3.6,92.8,4.7,96.9,ok
2025-12-09T23:00:00Z,2025-12-09,2025,December,9,23,Evening,Winter,Kef,0.19,NA,955.3,4.6,90.8,6,155.7,ok
2025-12-09T22:00:00Z,2025-12-09,2025,December,9,22,Evening,Winter,Kef,1.42,NA,955.6,5.1,91.2,6.5,109.5,ok
2025-12-09T21:00:00Z,2025-12-09,2025,December,9,21,Evening,Winter,Kef,1.13,NA,955.6,5.9,90.2,7.4,121.5,ok
2025-12-09T20:00:00Z,2025-12-09,2025,December,9,20,Evening,Winter,Kef,1.62,NA,955.6,6,85.5,8.3,97.1,ok
2025-12-09T19:00:00Z,2025-12-09,2025,December,9,19,Evening,Winter,Kef,1.73,NA,955.5,6.3,77.6,10.1,130.7,ok
2025-12-09T18:00:00Z,2025-12-09,2025,December,9,18,Evening,Winter,Kef,0.5,NA,955.3,7.3,71.6,12.3,234.4,ok
2025-12-09T17:00:00Z,2025-12-09,2025,December,9,17,Afternoon,Winter,Kef,0.96,NA,954.9,8.5,64.4,15.2,294.9,ok
2025-12-09T16:00:00Z,2025-12-09,2025,December,9,16,Afternoon,Winter,Kef,1.1,NA,954.9,8,55.1,17.1,261.7,ok
2025-12-09T15:00:00Z,2025-12-09,2025,December,9,15,Afternoon,Winter,Kef,1.13,NA,954.8,8.2,55.7,17.2,256,ok
2025-12-09T14:00:00Z,2025-12-09,2025,December,9,14,Afternoon,Winter,Kef,0.74,NA,955,8,57.5,16.4,226,ok
2025-12-09T13:00:00Z,2025-12-09,2025,December,9,13,Afternoon,Winter,Kef,0.52,NA,955.5,7.5,60.6,15.1,324.4,ok
2025-12-09T12:00:00Z,2025-12-09,2025,December,9,12,Afternoon,Winter,Kef,0.67,NA,956.3,7,60.5,14.6,182,ok
2025-12-09T11:00:00Z,2025-12-09,2025,December,9,11,Morning,Winter,Kef,1,NA,957.2,7.4,78.1,11.1,158.5,ok
2025-12-09T10:00:00Z,2025-12-09,2025,December,9,10,Morning,Winter,Kef,0.9,NA,957.5,6.1,83.7,8.7,162,ok
2025-12-09T09:00:00Z,2025-12-09,2025,December,9,9,Morning,Winter,Kef,0.69,NA,957.2,4.6,92.7,5.7,131,ok
2025-12-09T08:00:00Z,2025-12-09,2025,December,9,8,Morning,Winter,Kef,1.53,NA,956.8,4.5,99.1,4.6,125.1,ok
2025-12-09T07:00:00Z,2025-12-09,2025,December,9,7,Morning,Winter,Kef,1.67,NA,956.7,4.5,100,4.5,133.8,ok
2025-12-09T06:00:00Z,2025-12-09,2025,December,9,6,Morning,Winter,Kef,1.02,NA,956.6,4.1,99.5,4.2,118.4,ok
2025-12-09T05:00:00Z,2025-12-09,2025,December,9,5,Night,Winter,Kef,0.73,NA,956.5,3.8,97.6,4.1,105.7,ok
2025-12-09T04:00:00Z,2025-12-09,2025,December,9,4,Night,Winter,Kef,1.4,NA,956.5,4.1,97.9,4.4,116.3,ok
2025-12-09T02:00:00Z,2025-12-09,2025,December,9,2,Night,Winter,Kef,0.5,NA,956.6,4.2,94,5.1,184.6,ok
2025-12-09T01:00:00Z,2025-12-09,2025,December,9,1,Night,Winter,Kef,1.42,NA,956.5,4.4,92.1,5.6,151.8,ok
2025-12-08T23:00:00Z,2025-12-08,2025,December,8,23,Evening,Winter,Kef,0.4,NA,956.7,5.4,86.3,7.6,95.6,ok
2025-12-08T22:00:00Z,2025-12-08,2025,December,8,22,Evening,Winter,Kef,0.82,NA,956.5,5.9,85.2,8.2,83.1,ok
2025-12-08T21:00:00Z,2025-12-08,2025,December,8,21,Evening,Winter,Kef,3.5,NA,956.4,6.5,85.4,8.8,141.8,ok
2025-12-08T20:00:00Z,2025-12-08,2025,December,8,20,Evening,Winter,Kef,1.51,NA,956.2,6.8,82.8,9.6,130.9,ok
2025-12-08T19:00:00Z,2025-12-08,2025,December,8,19,Evening,Winter,Kef,0.93,NA,955.7,7.1,72.7,11.9,168.1,ok
2025-12-08T18:00:00Z,2025-12-08,2025,December,8,18,Evening,Winter,Kef,2.45,NA,955.5,7.4,66.7,13.5,354.7,ok
2025-12-08T17:00:00Z,2025-12-08,2025,December,8,17,Afternoon,Winter,Kef,0.97,NA,955,8.1,58.7,16.2,44.4,ok
2025-12-08T16:00:00Z,2025-12-08,2025,December,8,16,Afternoon,Winter,Kef,2.11,NA,954.8,7.5,49.5,18.3,10.8,ok
2025-12-08T15:00:00Z,2025-12-08,2025,December,8,15,Afternoon,Winter,Kef,2.86,NA,954.8,8,48.9,19,322.2,ok
2025-12-08T14:00:00Z,2025-12-08,2025,December,8,14,Afternoon,Winter,Kef,1.16,NA,954.7,8.2,50.2,18.8,307,ok
2025-12-08T13:00:00Z,2025-12-08,2025,December,8,13,Afternoon,Winter,Kef,1.62,NA,955.4,7.7,54,17.1,260.3,ok
2025-12-08T12:00:00Z,2025-12-08,2025,December,8,12,Afternoon,Winter,Kef,0.35,NA,956.6,8,59.2,15.9,73.8,ok
2025-12-08T10:00:00Z,2025-12-08,2025,December,8,10,Morning,Winter,Kef,1.81,NA,957.5,6.3,78.6,9.9,147.7,ok
2025-12-08T08:00:00Z,2025-12-08,2025,December,8,8,Morning,Winter,Kef,1.17,NA,956.3,3,100,3,110.9,ok
2025-12-08T07:00:00Z,2025-12-08,2025,December,8,7,Morning,Winter,Kef,2.2,NA,955.8,2.7,100,2.7,100.2,ok
2025-12-08T06:00:00Z,2025-12-08,2025,December,8,6,Morning,Winter,Kef,0.63,NA,955.1,2.8,100,2.8,123.4,ok
2025-12-08T05:00:00Z,2025-12-08,2025,December,8,5,Night,Winter,Kef,0.76,NA,954.9,3.3,100,3.3,69.3,ok
2025-12-08T04:00:00Z,2025-12-08,2025,December,8,4,Night,Winter,Kef,0.66,NA,954.7,3.3,100,3.3,172.7,ok
2025-12-08T02:00:00Z,2025-12-08,2025,December,8,2,Night,Winter,Kef,0.43,NA,954.8,4.9,99.7,4.9,72.1,ok
2025-12-08T01:00:00Z,2025-12-08,2025,December,8,1,Night,Winter,Kef,2.11,NA,954.7,4.4,96.9,4.9,75.1,ok
2025-12-07T22:00:00Z,2025-12-07,2025,December,7,22,Evening,Winter,Kef,0.52,NA,954.8,6.2,90.6,7.7,99.6,ok
2025-12-07T21:00:00Z,2025-12-07,2025,December,7,21,Evening,Winter,Kef,1.33,NA,954.7,6.7,86.2,8.9,124.5,ok
2025-12-07T20:00:00Z,2025-12-07,2025,December,7,20,Evening,Winter,Kef,1.09,NA,954.7,7.7,79.5,11.1,351.6,ok
2025-12-07T19:00:00Z,2025-12-07,2025,December,7,19,Evening,Winter,Kef,2.12,NA,954.1,7.5,78.8,11.1,349.3,ok
2025-12-07T18:00:00Z,2025-12-07,2025,December,7,18,Evening,Winter,Kef,1.96,NA,953.7,8,73.5,12.6,282.7,ok
2025-12-07T17:00:00Z,2025-12-07,2025,December,7,17,Afternoon,Winter,Kef,4.02,NA,953.3,8,66.8,14.1,323.2,ok
2025-12-07T16:00:00Z,2025-12-07,2025,December,7,16,Afternoon,Winter,Kef,3.95,NA,952.9,8.6,62,15.9,343.1,ok
2025-12-07T15:00:00Z,2025-12-07,2025,December,7,15,Afternoon,Winter,Kef,4.71,NA,953,8.6,63.3,15.5,326.4,ok
2025-12-07T14:00:00Z,2025-12-07,2025,December,7,14,Afternoon,Winter,Kef,5.65,NA,953,8.4,61.2,15.9,285.9,ok
2025-12-07T13:00:00Z,2025-12-07,2025,December,7,13,Afternoon,Winter,Kef,5.37,NA,953.5,8.6,62.3,15.8,329.2,ok
2025-12-07T12:00:00Z,2025-12-07,2025,December,7,12,Afternoon,Winter,Kef,5.48,NA,954.1,8.2,63.7,15.1,277.8,ok
2025-12-07T11:00:00Z,2025-12-07,2025,December,7,11,Morning,Winter,Kef,5.2,NA,954.5,8,65.4,14.4,299,ok
2025-12-07T10:00:00Z,2025-12-07,2025,December,7,10,Morning,Winter,Kef,5.98,NA,954.5,7.8,71.1,12.9,283.9,ok
2025-12-07T09:00:00Z,2025-12-07,2025,December,7,9,Morning,Winter,Kef,1.41,NA,954.3,6.3,88.7,8.1,105.3,ok
2025-12-07T08:00:00Z,2025-12-07,2025,December,7,8,Morning,Winter,Kef,1.23,NA,953.9,4.3,94.3,5.2,106.2,ok
2025-12-07T07:00:00Z,2025-12-07,2025,December,7,7,Morning,Winter,Kef,1.06,NA,953.6,5.2,92.7,6.3,142.3,ok
2025-12-07T06:00:00Z,2025-12-07,2025,December,7,6,Morning,Winter,Kef,1.62,NA,953.6,4.7,91.8,5.9,152.3,ok
2025-12-07T05:00:00Z,2025-12-07,2025,December,7,5,Night,Winter,Kef,1.14,NA,953.3,4.7,88.2,6.5,124.9,ok
2025-12-07T04:00:00Z,2025-12-07,2025,December,7,4,Night,Winter,Kef,1.1,NA,953.5,5.2,86.9,7.3,123.6,ok
2025-12-07T03:00:00Z,2025-12-07,2025,December,7,3,Night,Winter,Kef,1.35,NA,953.8,6.1,87.5,8.1,122.6,ok
2025-12-07T02:00:00Z,2025-12-07,2025,December,7,2,Night,Winter,Kef,1.22,NA,953.8,6,89.3,7.6,143.9,ok
2025-12-07T01:00:00Z,2025-12-07,2025,December,7,1,Night,Winter,Kef,1.17,NA,954.1,5.5,89.6,7.1,141.1,ok
